,Area,Perim.,Major,Minor,Circ.,Feret,MinFeret,AR,Round,Solidity,class
737,196,89.154,36.131,6.907,0.31,38.275,9.803,5.231,0.191,0.647,1
5535,175,69.255,25.098,8.878,0.459,28.018,12.021,2.827,0.354,0.719,1
7191,205,89.64,35.707,7.31,0.321,39.051,11.314,4.885,0.205,0.637,1
8556,160,46.527,14.998,13.583,0.929,16.553,14.142,1.104,0.906,0.907,0
3307,231,105.64,26.877,10.943,0.26,35.228,18.0,2.456,0.407,0.545,1
8574,103,36.87,13.615,9.632,0.952,14.318,10.262,1.414,0.707,0.916,0
897,67,30.627,10.401,8.202,0.898,11.402,9.0,1.268,0.789,0.87,0
6523,148,67.841,26.278,7.171,0.404,29.967,10.262,3.664,0.273,0.71,1
3298,281,96.225,38.669,9.252,0.381,39.395,12.42,4.179,0.239,0.682,1
4376,243,86.811,35.555,8.702,0.405,37.59,12.923,4.086,0.245,0.677,1
2331,128,42.87,15.201,10.721,0.875,15.811,11.628,1.418,0.705,0.908,0
2047,80,32.627,11.679,8.721,0.944,12.649,9.0,1.339,0.747,0.914,0
8174,105,38.627,15.475,8.639,0.884,15.811,9.0,1.791,0.558,0.929,0
10346,98,37.456,15.065,8.282,0.878,15.652,9.261,1.819,0.55,0.907,0
6320,94,36.042,12.607,9.494,0.909,13.416,10.0,1.328,0.753,0.895,0
2502,227,119.64,35.598,8.119,0.199,48.765,15.329,4.384,0.228,0.454,1
8114,94,37.799,15.21,7.869,0.827,15.524,8.0,1.933,0.517,0.922,0
9014,93,37.213,14.102,8.397,0.844,14.866,9.0,1.68,0.595,0.899,0
10,178,60.527,23.321,9.718,0.611,24.515,11.884,2.4,0.417,0.828,1
9904,153,70.083,21.993,8.858,0.391,26.249,12.791,2.483,0.403,0.594,1
7309,165,72.184,28.32,7.418,0.398,30.463,10.733,3.818,0.262,0.702,1
5623,115,39.456,14.192,10.317,0.928,14.866,10.914,1.376,0.727,0.924,0
9489,291,99.882,24.271,15.266,0.367,32.016,21.356,1.59,0.629,0.653,-1
7188,205,89.497,30.269,8.623,0.322,36.892,12.954,3.51,0.285,0.596,1
5086,221,89.397,33.935,8.292,0.348,36.688,12.145,4.093,0.244,0.635,1
8983,156,66.669,22.028,9.017,0.441,25.71,12.442,2.443,0.409,0.664,1
2874,163,63.941,25.056,8.283,0.501,26.926,11.477,3.025,0.331,0.734,1
6366,191,78.326,26.981,9.013,0.391,31.623,13.152,2.993,0.334,0.641,1
9215,130,42.87,16.174,10.234,0.889,16.763,11.0,1.58,0.633,0.919,0
7661,165,73.841,27.664,7.594,0.38,30.232,11.628,3.643,0.275,0.598,1
10513,74,30.627,11.503,8.191,0.991,12.207,8.485,1.404,0.712,0.919,0
3289,222,97.64,33.177,8.52,0.293,40.817,13.416,3.894,0.257,0.587,1
8684,121,40.87,14.84,10.381,0.91,15.264,11.068,1.43,0.7,0.917,0
10401,123,58.77,23.627,6.628,0.448,25.942,9.099,3.565,0.281,0.724,1
2546,176,79.598,31.774,7.053,0.349,34.482,10.107,4.505,0.222,0.729,1
9541,232,91.154,33.508,8.816,0.351,35.903,11.595,3.801,0.263,0.67,1
8447,111,40.284,15.283,9.248,0.86,15.811,10.0,1.653,0.605,0.91,0
4392,108,38.042,13.759,9.994,0.938,14.56,10.0,1.377,0.726,0.931,0
385,228,101.497,41.612,6.976,0.278,43.966,10.672,5.965,0.168,0.632,1
5735,88,33.799,11.555,9.697,0.968,12.53,10.0,1.192,0.839,0.936,0
7399,200,107.782,41.82,6.089,0.216,48.104,10.328,6.868,0.146,0.545,1
5768,123,41.698,14.895,10.514,0.889,15.652,11.068,1.417,0.706,0.895,0
9087,98,36.042,13.548,9.21,0.948,14.318,9.944,1.471,0.68,0.916,0
3255,179,93.154,33.356,6.833,0.259,39.205,10.647,4.882,0.205,0.505,1
6365,227,105.154,32.147,8.991,0.258,43.417,13.924,3.576,0.28,0.51,1
7452,173,75.397,31.08,7.087,0.382,33.302,9.899,4.385,0.228,0.712,1
6528,150,50.77,17.665,10.811,0.731,19.416,11.981,1.634,0.612,0.867,0
1426,129,42.627,16.86,9.742,0.892,17.088,10.0,1.731,0.578,0.938,0
8260,105,38.627,14.708,9.09,0.884,15.232,9.701,1.618,0.618,0.913,0
5706,133,43.113,14.36,11.793,0.899,15.524,12.203,1.218,0.821,0.902,0
6512,142,50.527,18.076,10.002,0.699,20.248,11.142,1.807,0.553,0.861,0
9323,276,106.225,33.121,10.61,0.307,38.471,16.619,3.122,0.32,0.584,1
4147,284,93.882,37.684,9.596,0.405,40.497,11.628,3.927,0.255,0.769,-1
9828,104,37.456,13.546,9.776,0.932,14.56,10.0,1.386,0.722,0.924,0
8229,90,36.042,13.769,8.322,0.871,14.318,8.944,1.654,0.604,0.909,0
2119,100,36.627,13.23,9.624,0.937,13.928,10.0,1.375,0.727,0.922,0
10264,119,41.799,16.625,9.114,0.856,16.763,9.0,1.824,0.548,0.937,0
4218,179,57.355,22.647,10.064,0.684,24.413,12.021,2.25,0.444,0.888,1
96,141,66.426,24.74,7.256,0.402,27.313,10.198,3.409,0.293,0.657,1
3365,181,70.669,29.29,7.868,0.455,29.206,10.507,3.723,0.269,0.699,1
8880,200,76.426,30.634,8.313,0.43,32.985,10.914,3.685,0.271,0.769,1
1741,130,42.042,16.199,10.218,0.924,16.763,10.0,1.585,0.631,0.939,0
9333,225,110.912,25.135,11.398,0.23,32.558,16.467,2.205,0.453,0.473,1
10076,69,30.627,9.987,8.797,0.924,11.18,9.0,1.135,0.881,0.89,0
6974,212,87.74,26.495,10.188,0.346,31.257,14.735,2.601,0.385,0.582,1
5544,231,101.255,39.411,7.463,0.283,44.147,12.064,5.281,0.189,0.675,1
10196,198,103.882,36.533,6.901,0.231,43.932,11.314,5.294,0.189,0.511,1
10456,71,30.385,11.441,7.902,0.966,11.705,8.0,1.448,0.691,0.928,0
5046,156,49.113,16.737,11.867,0.813,17.464,12.965,1.41,0.709,0.891,0
1756,135,43.113,16.71,10.286,0.913,17.464,11.18,1.625,0.616,0.925,0
5361,134,63.598,24.343,7.009,0.416,26.926,10.231,3.473,0.288,0.682,1
811,92,36.042,13.988,8.374,0.89,14.765,9.171,1.67,0.599,0.902,0
1155,100,38.284,14.848,8.575,0.857,15.0,9.192,1.731,0.578,0.897,0
1605,189,74.527,28.89,8.33,0.428,32.016,11.375,3.468,0.288,0.767,1
5568,303,97.054,24.313,15.867,0.404,30.017,21.078,1.532,0.653,0.679,-1
10562,91,35.456,13.043,8.883,0.91,13.601,9.803,1.468,0.681,0.91,0
3517,69,35.456,10.385,8.46,0.69,11.402,9.701,1.228,0.815,0.812,-1
1788,112,38.627,14.22,10.028,0.943,14.866,10.0,1.418,0.705,0.929,0
9533,265,116.51,31.592,10.68,0.245,43.829,17.404,2.958,0.338,0.491,1
6391,184,80.569,29.744,7.876,0.356,32.573,12.127,3.776,0.265,0.628,1
10434,83,34.042,12.09,8.741,0.9,12.649,9.806,1.383,0.723,0.878,0
4531,198,55.941,20.89,12.068,0.795,21.954,12.969,1.731,0.578,0.919,0
4110,122,40.87,14.826,10.478,0.918,15.524,11.0,1.415,0.707,0.914,0
4346,219,81.255,24.336,11.458,0.417,28.792,15.541,2.124,0.471,0.651,1
539,106,40.042,16.197,8.333,0.831,16.155,8.854,1.944,0.514,0.902,0
4384,202,86.569,30.743,8.366,0.339,34.132,11.691,3.675,0.272,0.603,1
4749,107,37.456,13.557,10.049,0.958,14.318,10.733,1.349,0.741,0.918,0
8068,103,38.627,15.32,8.56,0.867,16.125,9.391,1.79,0.559,0.916,0
2843,247,111.681,49.719,6.325,0.249,50.804,10.087,7.86,0.127,0.608,1
6345,95,34.627,12.753,9.485,0.996,13.416,10.0,1.345,0.744,0.931,0
9721,238,87.054,35.561,8.521,0.395,37.537,11.931,4.173,0.24,0.73,1
3529,150,70.083,26.919,7.095,0.384,30.0,10.034,3.794,0.264,0.698,1
8026,78,32.385,10.745,9.243,0.935,11.662,9.839,1.162,0.86,0.918,0
10095,125,43.941,16.083,9.896,0.814,16.553,10.695,1.625,0.615,0.874,0
9738,131,42.042,16.138,10.336,0.931,17.205,11.18,1.561,0.64,0.942,0
1403,136,43.456,16.603,10.43,0.905,17.493,11.18,1.592,0.628,0.928,0
3101,144,64.669,25.613,7.158,0.433,28.018,9.899,3.578,0.279,0.711,1
4464,165,68.527,27.676,7.591,0.442,29.155,10.119,3.646,0.274,0.757,1
551,102,37.799,14.735,8.814,0.897,15.232,9.0,1.672,0.598,0.936,0
6419,381,154.61,47.435,10.227,0.2,63.561,16.759,4.638,0.216,0.497,-1
3663,204,91.983,26.917,9.65,0.303,34.54,13.778,2.789,0.358,0.523,1
1722,116,39.799,14.376,10.274,0.92,14.866,10.0,1.399,0.715,0.947,0
8793,246,66.083,26.21,11.95,0.708,26.401,13.667,2.193,0.456,0.872,-1
9927,215,115.338,48.148,5.686,0.203,52.01,9.448,8.468,0.118,0.562,1
6182,413,165.681,31.086,16.916,0.189,51.971,34.527,1.838,0.544,0.388,-1
10475,259,111.64,36.633,9.002,0.261,45.607,13.745,4.069,0.246,0.536,-1
363,196,79.497,20.584,12.124,0.39,24.739,16.44,1.698,0.589,0.612,1
9158,121,41.113,15.545,9.911,0.9,16.155,10.733,1.568,0.638,0.9,0
7929,152,80.912,15.372,12.59,0.292,20.396,15.0,1.221,0.819,0.647,-1
8822,152,47.941,19.35,10.002,0.831,19.416,10.607,1.935,0.517,0.913,0
6907,121,44.042,17.259,8.927,0.784,18.682,9.0,1.933,0.517,0.91,0
3077,286,97.397,28.475,12.788,0.379,32.802,18.3,2.227,0.449,0.648,1
2686,147,61.113,23.611,7.927,0.495,25.962,10.355,2.979,0.336,0.756,1
3772,225,95.054,37.924,7.554,0.313,41.183,10.677,5.02,0.199,0.684,1
2617,102,37.456,13.379,9.707,0.914,14.318,10.0,1.378,0.726,0.915,0
3659,260,97.154,39.314,8.42,0.346,41.34,12.832,4.669,0.214,0.684,1
607,62,28.627,10.298,7.666,0.951,10.817,8.4,1.343,0.744,0.879,0
4095,97,35.456,13.088,9.436,0.97,13.601,9.899,1.387,0.721,0.919,0
6093,178,82.669,31.157,7.274,0.327,35.777,11.728,4.283,0.233,0.604,1
8946,114,38.627,14.478,10.025,0.96,15.264,10.733,1.444,0.692,0.938,0
6020,171,76.669,27.749,7.846,0.366,31.401,10.58,3.537,0.283,0.66,1
2655,60,43.355,15.753,4.85,0.401,17.493,7.741,3.248,0.308,0.612,-1
4615,161,64.083,24.482,8.373,0.493,27.203,11.314,2.924,0.342,0.754,1
9017,115,40.284,15.877,9.222,0.891,16.401,9.899,1.722,0.581,0.913,0
477,51,24.971,8.201,7.917,1.0,8.944,8.0,1.036,0.965,0.919,0
5841,164,77.841,30.046,6.95,0.34,33.242,10.733,4.323,0.231,0.625,1
2197,100,36.627,13.134,9.694,0.937,13.601,10.0,1.355,0.738,0.922,0
678,107,40.042,16.166,8.427,0.839,16.553,8.944,1.918,0.521,0.915,0
5018,169,49.698,15.974,13.471,0.86,17.493,14.285,1.186,0.843,0.887,0
8205,177,87.296,38.253,5.891,0.292,39.699,8.767,6.493,0.154,0.667,1
5432,180,71.154,29.908,7.663,0.447,30.232,10.6,3.903,0.256,0.709,1
2449,219,92.468,36.191,7.705,0.322,39.623,11.302,4.697,0.213,0.597,1
2994,172,79.397,28.199,7.766,0.343,31.385,11.142,3.631,0.275,0.574,1
2038,93,34.627,12.893,9.184,0.975,13.601,9.0,1.404,0.712,0.93,0
6860,245,98.912,30.465,10.24,0.315,38.601,15.447,2.975,0.336,0.6,1
6077,128,54.77,19.498,8.359,0.536,22.472,9.899,2.333,0.429,0.776,1
5067,161,48.042,16.928,12.11,0.877,17.889,12.0,1.398,0.715,0.942,0
3856,274,111.397,33.164,10.519,0.277,42.19,15.774,3.153,0.317,0.551,1
1424,131,43.213,17.199,9.698,0.882,17.889,10.0,1.773,0.564,0.946,0
239,120,41.698,16.188,9.438,0.867,16.643,9.899,1.715,0.583,0.913,0
5384,180,64.083,24.172,9.481,0.551,25.239,12.021,2.55,0.392,0.764,1
232,249,115.296,36.877,8.597,0.235,46.573,13.601,4.289,0.233,0.496,1
5305,107,38.627,14.715,9.258,0.901,15.232,9.7,1.589,0.629,0.911,0
5780,120,39.698,14.179,10.775,0.957,14.866,11.314,1.316,0.76,0.92,0
2433,201,91.012,33.638,7.608,0.305,35.468,11.177,4.421,0.226,0.572,1
1442,112,38.87,13.667,10.434,0.932,14.422,10.607,1.31,0.763,0.918,0
963,162,72.669,28.103,7.34,0.386,31.401,10.406,3.829,0.261,0.676,1
125,123,41.113,15.392,10.174,0.914,16.553,10.607,1.513,0.661,0.918,0
3467,154,66.426,21.763,9.01,0.439,25.495,12.0,2.415,0.414,0.733,1
6544,175,79.497,30.57,7.289,0.348,33.615,11.006,4.194,0.238,0.625,1
3939,145,68.77,26.486,6.971,0.385,29.411,10.373,3.8,0.263,0.646,1
7567,111,39.698,14.985,9.432,0.885,15.62,9.899,1.589,0.629,0.902,0
6274,218,94.326,33.582,8.265,0.308,39.459,11.0,4.063,0.246,0.615,1
7425,159,74.912,29.376,6.891,0.356,30.871,9.81,4.263,0.235,0.603,1
281,252,116.61,37.666,8.519,0.233,46.615,13.4,4.422,0.226,0.476,1
10505,95,36.042,13.635,8.871,0.919,14.318,9.0,1.537,0.651,0.913,0
4793,181,71.841,27.21,8.469,0.441,29.411,11.117,3.213,0.311,0.723,1
7223,181,88.326,30.478,7.561,0.292,36.139,11.927,4.031,0.248,0.608,1
1714,126,42.042,15.097,10.626,0.896,16.125,11.628,1.421,0.704,0.916,0
4785,119,44.042,15.937,9.507,0.771,17.088,10.0,1.676,0.597,0.891,0
8693,171,57.456,25.14,8.661,0.651,24.515,9.276,2.903,0.344,0.888,-1
6760,258,112.853,48.15,6.822,0.255,49.649,10.539,7.058,0.142,0.603,1
6806,210,97.882,39.194,6.822,0.275,42.521,10.087,5.745,0.174,0.603,1
7414,93,36.042,12.742,9.293,0.9,13.601,10.0,1.371,0.729,0.903,0
769,114,42.042,16.393,8.855,0.811,17.0,9.701,1.851,0.54,0.898,0
7322,115,40.627,16.282,8.993,0.876,16.492,9.0,1.811,0.552,0.924,0
10126,90,39.456,13.528,8.47,0.726,15.232,9.391,1.597,0.626,0.837,0
4655,165,69.497,27.754,7.57,0.429,30.232,10.733,3.666,0.273,0.721,1
5510,100,36.627,12.275,10.373,0.937,13.0,11.0,1.183,0.845,0.913,0
9639,171,72.083,24.759,8.794,0.414,28.231,11.633,2.816,0.355,0.681,1
1358,104,38.042,13.51,9.802,0.903,14.422,10.607,1.378,0.726,0.908,0
3152,128,43.456,16.787,9.709,0.852,17.493,10.539,1.729,0.578,0.905,0
8531,252,71.154,30.913,10.379,0.625,30.61,11.314,2.978,0.336,0.89,-1
64,125,41.456,15.253,10.434,0.914,16.279,11.2,1.462,0.684,0.923,0
9302,169,61.012,18.073,11.906,0.571,19.416,14.7,1.518,0.659,0.746,1
9631,238,114.711,36.347,8.337,0.227,44.204,12.65,4.36,0.229,0.555,1
3267,191,76.912,26.241,9.268,0.406,29.428,12.303,2.831,0.353,0.629,1
3675,239,114.083,40.668,7.483,0.231,49.649,13.175,5.435,0.184,0.561,1
1730,140,44.87,16.251,10.969,0.874,16.763,11.597,1.482,0.675,0.915,0
3357,152,82.569,30.354,6.376,0.28,35.0,10.186,4.761,0.21,0.544,1
6634,112,42.042,14.722,9.687,0.796,16.401,10.733,1.52,0.658,0.9,0
9584,226,114.61,30.05,9.576,0.216,45.651,15.413,3.138,0.319,0.445,1
191,114,40.627,16.11,9.01,0.868,16.492,9.0,1.788,0.559,0.934,0
8033,105,40.042,16.011,8.35,0.823,16.763,9.0,1.917,0.522,0.909,0
4071,473,117.539,46.61,12.921,0.43,47.011,18.117,3.607,0.277,0.683,-1
3378,236,110.569,40.996,7.33,0.243,47.074,12.189,5.593,0.179,0.589,1
9228,124,41.698,15.745,10.028,0.896,16.125,10.607,1.57,0.637,0.919,0
7535,112,38.87,13.602,10.484,0.932,14.318,11.18,1.297,0.771,0.911,0
9792,123,40.87,14.837,10.555,0.925,15.524,11.0,1.406,0.711,0.914,0
7881,90,35.456,13.081,8.76,0.9,13.928,9.459,1.493,0.67,0.891,0
5319,111,38.284,13.48,10.484,0.952,13.928,10.607,1.286,0.778,0.921,0
5076,175,70.184,25.377,8.78,0.446,28.16,11.672,2.89,0.346,0.692,1
8611,117,39.799,14.311,10.409,0.928,15.264,11.0,1.375,0.727,0.94,0
3998,184,71.255,24.634,9.51,0.455,26.401,12.091,2.59,0.386,0.709,1
2174,87,34.627,12.838,8.629,0.912,13.416,9.391,1.488,0.672,0.911,0
9095,106,38.627,13.933,9.687,0.893,15.0,10.539,1.438,0.695,0.918,0
9050,133,46.527,16.124,10.502,0.772,17.804,11.49,1.535,0.651,0.869,0
9453,106,37.213,13.51,9.99,0.962,14.318,10.0,1.352,0.739,0.942,0
31,173,73.012,28.784,7.652,0.408,29.833,10.404,3.761,0.266,0.684,1
3864,211,92.326,33.996,7.902,0.311,36.674,10.879,4.302,0.232,0.615,1
9436,102,39.213,15.425,8.419,0.834,15.524,8.91,1.832,0.546,0.903,0
7994,80,33.456,13.11,7.769,0.898,13.416,8.356,1.687,0.593,0.889,0
10043,165,87.74,23.773,8.837,0.269,32.311,14.089,2.69,0.372,0.503,1
5589,156,68.77,25.276,7.858,0.415,27.203,11.236,3.217,0.311,0.657,1
7340,155,63.598,26.144,7.549,0.482,27.785,10.733,3.463,0.289,0.74,1
3878,185,85.397,32.823,7.176,0.319,36.878,10.607,4.574,0.219,0.604,1
3858,259,108.711,37.373,8.824,0.275,44.204,13.76,4.235,0.236,0.577,1
7894,92,35.213,13.078,8.957,0.932,13.601,9.0,1.46,0.685,0.925,0
5924,216,86.811,35.053,7.846,0.36,38.079,11.094,4.468,0.224,0.702,1
6112,165,71.598,27.653,7.597,0.404,30.364,10.813,3.64,0.275,0.704,1
2905,83,33.213,12.224,8.645,0.946,13.038,9.192,1.414,0.707,0.922,0
1591,255,78.669,26.296,12.347,0.518,30.0,15.875,2.13,0.47,0.754,1
2376,231,98.811,33.648,8.741,0.297,38.419,13.959,3.849,0.26,0.535,1
5659,188,83.497,29.402,8.141,0.339,33.302,11.962,3.611,0.277,0.594,1
3721,212,92.083,35.778,7.545,0.314,38.833,11.0,4.742,0.211,0.644,1
1763,116,40.284,14.621,10.102,0.898,15.264,10.607,1.447,0.691,0.91,0
9863,312,115.882,22.528,17.634,0.292,32.388,23.4,1.278,0.783,0.597,1
10468,82,32.971,12.465,8.376,0.948,12.649,8.0,1.488,0.672,0.943,0
1463,125,42.042,16.292,9.769,0.889,16.763,10.0,1.668,0.6,0.936,0
4589,203,75.74,31.386,8.235,0.445,33.287,11.18,3.811,0.262,0.775,1
4286,177,67.841,26.206,8.6,0.483,28.425,11.184,3.047,0.328,0.733,1
3993,215,81.154,31.295,8.747,0.41,33.838,12.562,3.578,0.28,0.696,1
2387,216,86.912,33.648,8.173,0.359,36.688,13.117,4.117,0.243,0.641,1
18,163,60.184,22.95,9.043,0.566,23.601,11.628,2.538,0.394,0.758,1
9820,188,78.569,25.743,9.298,0.383,31.016,12.663,2.769,0.361,0.613,1
1199,114,40.87,15.504,9.362,0.858,16.553,10.0,1.656,0.604,0.916,0
3337,98,37.799,12.612,9.894,0.862,13.928,10.0,1.275,0.784,0.895,0
4611,203,84.811,20.888,12.374,0.355,28.425,16.978,1.688,0.592,0.603,1
2670,199,84.569,36.32,6.976,0.35,36.715,10.733,5.206,0.192,0.654,1
5430,206,79.74,28.986,9.049,0.407,30.887,13.0,3.203,0.312,0.636,1
4005,171,71.941,28.244,7.709,0.415,30.806,10.287,3.664,0.273,0.715,1
4227,208,67.012,22.993,11.518,0.582,26.401,13.267,1.996,0.501,0.795,1
6603,162,76.669,25.94,7.952,0.346,30.887,11.448,3.262,0.307,0.582,1
3116,199,89.154,33.114,7.652,0.315,35.735,11.068,4.328,0.231,0.654,1
3492,181,74.669,30.041,7.671,0.408,30.463,10.141,3.916,0.255,0.71,1
2812,208,88.912,35.483,7.464,0.331,39.0,10.374,4.754,0.21,0.638,1
10046,122,41.698,15.679,9.907,0.882,16.492,10.733,1.583,0.632,0.907,0
6503,152,74.083,27.492,7.04,0.348,30.61,10.582,3.905,0.256,0.636,1
6820,218,91.74,29.597,9.378,0.325,36.056,14.414,3.156,0.317,0.644,1
177,185,80.184,31.438,7.493,0.362,33.956,10.381,4.196,0.238,0.709,1
6585,152,67.012,23.673,8.175,0.425,28.231,11.228,2.896,0.345,0.699,1
6986,380,160.995,33.243,14.554,0.184,46.519,25.767,2.284,0.438,0.507,-1
2667,164,79.74,26.507,7.878,0.324,30.529,11.726,3.365,0.297,0.574,1
3573,226,110.326,35.213,8.172,0.233,45.188,13.528,4.309,0.232,0.507,1
10042,71,44.87,15.504,5.831,0.443,18.439,8.558,2.659,0.376,0.645,-1
120,165,57.113,19.245,10.916,0.636,22.023,13.305,1.763,0.567,0.803,1
8330,101,38.042,15.097,8.518,0.877,15.652,9.391,1.772,0.564,0.922,0
132,222,85.983,34.239,8.255,0.377,35.341,11.57,4.147,0.241,0.644,1
4697,177,74.77,28.788,7.828,0.398,30.15,10.0,3.677,0.272,0.679,1
8896,250,91.941,24.279,13.11,0.372,33.302,18.439,1.852,0.54,0.613,1
9379,269,121.296,35.654,9.606,0.23,42.953,16.0,3.712,0.269,0.477,1
9022,117,61.598,17.235,8.644,0.387,21.954,13.621,1.994,0.502,0.56,-1
3167,116,40.284,15.001,9.846,0.898,15.62,10.607,1.524,0.656,0.903,0
3964,183,88.468,35.454,6.572,0.294,37.643,9.938,5.395,0.185,0.601,1
5163,164,68.184,26.058,8.013,0.443,27.893,10.322,3.252,0.308,0.718,1
5873,209,77.397,31.037,8.574,0.438,31.623,11.314,3.62,0.276,0.752,1
7494,135,43.213,16.186,10.619,0.908,16.763,10.0,1.524,0.656,0.951,0
630,108,38.627,14.981,9.179,0.91,15.524,9.0,1.632,0.613,0.939,0
8973,118,40.042,15.043,9.988,0.925,15.652,10.733,1.506,0.664,0.933,0
2768,237,104.569,32.475,9.292,0.272,36.139,15.963,3.495,0.286,0.515,1
3451,229,99.983,39.4,7.4,0.288,44.011,11.584,5.324,0.188,0.643,1
10039,145,49.941,16.956,10.888,0.731,18.439,12.0,1.557,0.642,0.868,0
3523,170,78.669,29.63,7.305,0.345,34.0,11.399,4.056,0.247,0.624,1
8544,150,50.77,21.481,8.891,0.731,21.401,9.707,2.416,0.414,0.901,0
7010,199,72.527,29.393,8.62,0.475,29.12,11.25,3.41,0.293,0.76,1
3914,260,105.397,33.902,9.765,0.294,40.719,14.758,3.472,0.288,0.536,1
3413,156,76.527,30.387,6.536,0.335,33.242,9.0,4.649,0.215,0.698,1
8491,175,56.77,23.347,9.544,0.682,24.207,10.804,2.446,0.409,0.879,0
8636,119,40.042,14.514,10.439,0.933,15.264,11.18,1.39,0.719,0.93,0
8576,321,80.326,34.439,11.868,0.625,34.0,13.127,2.902,0.345,0.883,-1
1117,104,38.971,15.717,8.425,0.861,15.811,8.0,1.866,0.536,0.95,0
8583,112,38.042,14.272,9.992,0.973,14.866,10.0,1.428,0.7,0.937,0
7207,245,114.368,39.665,7.865,0.235,49.244,12.881,5.044,0.198,0.508,1
3515,205,74.912,25.085,10.405,0.459,27.459,14.0,2.411,0.415,0.741,1
7040,192,86.569,27.75,8.81,0.322,33.121,13.275,3.15,0.317,0.565,1
9770,111,40.284,15.578,9.072,0.86,16.125,9.899,1.717,0.582,0.899,0
3631,365,156.752,33.408,13.911,0.187,61.327,21.931,2.402,0.416,0.439,-1
756,218,76.77,30.899,8.983,0.465,32.985,10.354,3.44,0.291,0.813,-1
9251,129,42.87,15.985,10.275,0.882,16.553,10.733,1.556,0.643,0.921,0
5526,180,72.912,27.415,8.36,0.425,30.0,11.314,3.279,0.305,0.674,1
1918,244,111.74,43.513,7.14,0.246,49.031,10.173,6.094,0.164,0.592,1
4548,182,64.77,25.564,9.065,0.545,26.926,11.0,2.82,0.355,0.816,1
4359,356,128.711,44.743,10.131,0.27,50.596,15.101,4.417,0.226,0.612,-1
2738,102,37.456,13.964,9.301,0.914,14.422,9.899,1.501,0.666,0.915,0
3985,273,80.326,27.824,12.493,0.532,30.265,16.0,2.227,0.449,0.765,1
5035,139,43.113,14.035,12.61,0.94,15.297,13.0,1.113,0.898,0.911,0
2605,240,91.983,30.099,10.152,0.356,33.956,15.032,2.965,0.337,0.56,1
5562,154,66.77,25.906,7.569,0.434,27.203,10.429,3.423,0.292,0.744,1
6460,209,94.083,35.567,7.482,0.297,37.656,11.298,4.754,0.21,0.556,1
1571,125,41.556,16.175,9.839,0.91,16.155,9.0,1.644,0.608,0.973,0
8882,216,83.983,23.845,11.533,0.385,27.893,16.451,2.067,0.484,0.599,1
9950,223,97.882,25.978,10.93,0.292,32.558,16.959,2.377,0.421,0.533,1
6256,233,99.154,34.374,8.63,0.298,39.408,13.775,3.983,0.251,0.573,1
160,131,53.355,18.642,8.947,0.578,20.809,10.695,2.084,0.48,0.806,1
4175,207,102.569,35.354,7.455,0.247,43.012,12.667,4.742,0.211,0.567,1
7761,111,39.213,13.751,10.278,0.907,14.318,10.956,1.338,0.747,0.917,0
2764,55,28.728,11.449,6.116,0.837,12.083,6.0,1.872,0.534,0.932,-1
275,122,47.113,16.182,9.6,0.691,17.088,11.0,1.686,0.593,0.85,1
9690,95,36.385,14.364,8.421,0.902,14.56,8.0,1.706,0.586,0.945,0
5581,146,67.255,25.76,7.216,0.406,28.636,10.733,3.57,0.28,0.679,1
9616,130,41.698,14.939,11.08,0.94,15.811,11.628,1.348,0.742,0.915,0
10527,112,50.77,19.002,7.505,0.546,21.954,9.261,2.532,0.395,0.775,1
8437,95,37.799,14.465,8.362,0.836,14.866,8.974,1.73,0.578,0.9,0
7120,214,90.468,27.406,9.942,0.329,33.242,14.875,2.757,0.363,0.595,1
7847,116,51.113,17.908,8.248,0.558,20.881,9.579,2.171,0.461,0.786,0
2836,230,103.782,44.199,6.626,0.268,45.804,10.14,6.671,0.15,0.599,1
8014,112,41.213,16.514,8.635,0.829,16.763,9.0,1.912,0.523,0.918,0
2451,334,123.154,24.893,17.084,0.277,37.363,23.0,1.457,0.686,0.6,-1
930,110,40.627,16.22,8.635,0.837,16.553,9.171,1.878,0.532,0.921,0
2327,61,29.213,9.358,8.3,0.898,10.44,9.0,1.128,0.887,0.884,0
8248,94,36.87,14.773,8.102,0.869,15.0,8.485,1.823,0.548,0.908,0
9227,192,79.255,30.67,7.971,0.384,33.242,11.326,3.848,0.26,0.697,1
2117,90,35.456,12.853,8.915,0.9,13.928,9.803,1.442,0.694,0.896,0
9911,92,35.213,12.51,9.364,0.932,13.038,9.944,1.336,0.749,0.915,0
1080,110,41.456,16.607,8.433,0.804,17.0,8.944,1.969,0.508,0.905,0
6437,234,96.811,34.356,8.672,0.314,38.484,13.172,3.962,0.252,0.587,1
2314,107,38.627,15.017,9.072,0.901,15.811,9.899,1.655,0.604,0.93,0
5991,195,81.841,32.368,7.671,0.366,34.54,11.864,4.22,0.237,0.669,1
7058,178,66.326,27.821,8.146,0.508,28.425,10.607,3.415,0.293,0.772,1
5266,115,39.698,15.217,9.622,0.917,15.62,9.899,1.581,0.632,0.916,0
2002,92,35.213,12.762,9.178,0.932,13.416,9.803,1.39,0.719,0.925,0
5139,195,85.255,29.224,8.496,0.337,34.0,12.999,3.44,0.291,0.586,1
6128,202,96.225,35.468,7.252,0.274,40.719,10.538,4.891,0.204,0.623,1
5782,119,40.627,14.88,10.183,0.906,15.811,11.0,1.461,0.684,0.922,0
3408,169,81.497,27.993,7.687,0.32,31.953,11.375,3.642,0.275,0.569,1
9827,68,29.556,9.535,9.08,0.978,10.817,9.0,1.05,0.952,0.944,0
8404,140,48.527,20.053,8.889,0.747,20.125,9.391,2.256,0.443,0.897,0
2272,96,35.213,12.454,9.815,0.973,13.038,10.0,1.269,0.788,0.937,0
7474,171,77.497,24.663,8.828,0.358,27.459,12.0,2.794,0.358,0.663,1
3653,236,99.255,38.429,7.819,0.301,40.447,12.0,4.915,0.203,0.61,1
6625,180,66.083,24.701,9.278,0.518,26.249,12.021,2.662,0.376,0.744,1
5392,123,41.698,15.019,10.427,0.889,15.524,11.068,1.44,0.694,0.898,0
10146,389,167.095,44.614,11.102,0.175,66.098,21.108,4.019,0.249,0.397,-1
10028,176,55.355,21.508,10.419,0.722,22.804,11.8,2.064,0.484,0.871,-1
8701,146,48.184,20.293,9.16,0.79,20.248,9.899,2.215,0.451,0.898,0
4665,219,92.326,36.006,7.744,0.323,38.013,11.442,4.649,0.215,0.615,1
10287,114,52.77,19.405,7.48,0.514,21.84,10.049,2.594,0.385,0.699,1
8386,99,36.385,13.492,9.342,0.94,13.928,9.0,1.444,0.692,0.943,0
2102,82,33.213,12.18,8.572,0.934,13.038,9.192,1.421,0.704,0.921,0
8222,92,36.042,13.221,8.86,0.89,13.892,9.43,1.492,0.67,0.898,0
9350,245,97.255,37.895,8.232,0.326,40.025,11.506,4.603,0.217,0.601,1
3026,219,65.012,24.462,11.399,0.651,26.907,13.341,2.146,0.466,0.85,-1
5916,222,81.983,29.921,9.447,0.415,33.106,14.199,3.167,0.316,0.641,1
9539,139,43.698,16.559,10.688,0.915,17.464,11.628,1.549,0.645,0.93,0
5382,165,63.255,23.864,8.803,0.518,26.627,11.709,2.711,0.369,0.773,1
4983,154,61.113,22.877,8.571,0.518,24.331,10.0,2.669,0.375,0.794,1
6472,196,74.184,29.41,8.485,0.448,29.155,10.0,3.466,0.289,0.757,1
728,50,25.556,8.398,7.581,0.962,9.434,8.0,1.108,0.903,0.909,0
8667,116,40.627,14.675,10.064,0.883,15.264,10.733,1.458,0.686,0.913,0
5906,174,84.083,30.785,7.196,0.309,34.482,11.81,4.278,0.234,0.562,1
1620,216,75.497,22.11,12.439,0.476,27.514,15.88,1.778,0.563,0.698,1
9466,114,38.87,13.433,10.805,0.948,14.318,11.314,1.243,0.804,0.919,0
1139,357,101.841,45.743,9.937,0.433,43.29,11.613,4.603,0.217,0.816,-1
483,118,40.87,15.998,9.391,0.888,16.643,10.262,1.703,0.587,0.918,0
10545,267,84.184,37.594,9.043,0.473,36.401,11.055,4.157,0.241,0.809,-1
8587,218,59.698,23.164,11.983,0.769,24.042,13.0,1.933,0.517,0.916,0
3519,68,31.213,10.467,8.272,0.877,12.042,9.0,1.265,0.79,0.889,-1
1254,178,58.527,21.202,10.69,0.653,22.804,13.0,1.983,0.504,0.83,1
3409,74,32.042,11.345,8.305,0.906,12.083,9.0,1.366,0.732,0.886,0
4360,140,45.113,16.471,10.822,0.864,17.205,12.021,1.522,0.657,0.897,0
9730,83,33.456,10.86,9.731,0.932,11.705,9.899,1.116,0.896,0.892,0
9080,131,44.527,16.162,10.32,0.83,17.0,11.0,1.566,0.639,0.885,0
7402,116,44.627,16.997,8.689,0.732,18.439,9.0,1.956,0.511,0.889,0
1354,80,32.385,12.47,8.168,0.959,12.649,8.0,1.527,0.655,0.93,0
2884,196,85.054,35.642,7.002,0.34,37.537,9.899,5.09,0.196,0.672,1
7337,370,141.296,42.049,11.203,0.233,53.6,17.225,3.753,0.266,0.557,-1
5910,199,86.184,34.769,7.287,0.337,37.121,11.0,4.771,0.21,0.699,1
8005,86,33.799,12.563,8.716,0.946,13.0,9.0,1.441,0.694,0.925,0
3660,219,91.154,31.814,8.765,0.331,36.056,13.267,3.63,0.275,0.576,1
6629,148,64.184,22.341,8.435,0.451,25.807,11.254,2.649,0.378,0.708,1
7845,194,77.154,24.071,10.262,0.41,27.514,15.032,2.346,0.426,0.63,1
6971,289,83.598,34.186,10.764,0.52,35.355,12.0,3.176,0.315,0.826,-1
8831,118,40.042,14.349,10.471,0.925,14.866,11.0,1.37,0.73,0.925,0
1149,119,40.627,16.12,9.399,0.906,16.492,9.0,1.715,0.583,0.944,0
7438,132,45.456,16.838,9.981,0.803,17.72,10.752,1.687,0.593,0.907,0
9448,94,36.042,12.91,9.271,0.909,13.601,10.0,1.393,0.718,0.908,0
7500,64,34.042,10.711,7.608,0.694,12.207,8.875,1.408,0.71,0.821,-1
3748,197,75.74,32.342,7.756,0.432,33.287,10.2,4.17,0.24,0.742,1
540,121,42.284,15.901,9.689,0.85,16.492,10.436,1.641,0.609,0.903,0
265,113,38.87,14.69,9.794,0.94,15.264,10.607,1.5,0.667,0.919,0
7363,168,74.326,28.484,7.51,0.382,33.601,9.899,3.793,0.264,0.76,1
523,112,49.355,19.876,7.175,0.578,21.401,8.875,2.77,0.361,0.836,1
3724,242,90.225,32.247,9.555,0.374,36.235,13.821,3.375,0.296,0.669,1
8206,207,96.426,35.777,7.367,0.28,41.195,11.179,4.857,0.206,0.607,1
964,139,78.184,32.999,5.363,0.286,33.526,9.19,6.153,0.163,0.603,1
9380,258,66.527,21.518,15.266,0.733,24.187,16.296,1.41,0.709,0.87,-1
3263,207,77.255,27.087,9.73,0.436,29.206,13.435,2.784,0.359,0.67,1
7339,366,142.024,41.803,11.148,0.228,58.31,18.657,3.75,0.267,0.475,-1
3913,415,147.196,38.178,13.84,0.241,44.147,19.49,2.759,0.363,0.623,-1
282,163,58.527,22.706,9.14,0.598,24.352,10.402,2.484,0.403,0.849,1
8943,118,40.042,14.957,10.045,0.925,15.652,10.733,1.489,0.672,0.933,0
2991,247,128.853,34.615,9.085,0.187,48.104,15.71,3.81,0.262,0.461,1
1278,207,69.012,24.103,10.935,0.546,28.018,13.36,2.204,0.454,0.792,1
1673,262,67.598,20.208,16.508,0.721,22.847,18.94,1.224,0.817,0.851,-1
6111,444,101.983,32.854,17.207,0.536,37.216,21.82,1.909,0.524,0.776,-1
388,186,76.912,29.814,7.943,0.395,31.385,10.733,3.753,0.266,0.701,1
5466,128,55.698,19.469,8.371,0.518,22.561,10.0,2.326,0.43,0.79,1
7301,164,75.841,30.447,6.858,0.358,32.311,10.008,4.439,0.225,0.646,1
170,230,91.74,34.401,8.513,0.343,36.401,11.907,4.041,0.247,0.637,1
9294,183,75.74,24.239,9.613,0.401,27.659,13.818,2.522,0.397,0.641,1
1695,95,35.213,13.269,9.116,0.963,13.601,9.0,1.456,0.687,0.931,0
2389,148,64.083,25.489,7.393,0.453,27.203,9.707,3.448,0.29,0.713,1
7038,206,91.64,32.41,8.093,0.308,37.202,12.69,4.005,0.25,0.556,1
1348,105,38.627,14.647,9.127,0.884,15.232,9.803,1.605,0.623,0.921,0
5285,96,36.042,12.155,10.056,0.929,13.038,10.914,1.209,0.827,0.897,0
591,50,24.728,8.586,7.415,1.0,9.434,7.0,1.158,0.864,0.952,0
10347,62,28.385,10.232,7.715,0.967,10.817,8.321,1.326,0.754,0.912,0
1367,123,42.284,16.228,9.65,0.864,17.0,10.733,1.682,0.595,0.901,0
9484,107,44.87,16.087,8.469,0.668,17.889,10.119,1.899,0.526,0.79,0
7617,249,91.74,22.906,13.841,0.372,27.785,20.957,1.655,0.604,0.649,-1
9601,234,103.054,38.062,7.828,0.277,44.944,11.557,4.862,0.206,0.621,-1
3454,198,83.497,30.669,8.22,0.357,32.558,11.282,3.731,0.268,0.606,1
3771,187,73.012,28.871,8.247,0.441,30.265,10.0,3.501,0.286,0.741,1
10154,186,79.841,29.24,8.099,0.367,32.757,11.974,3.61,0.277,0.631,1
1112,61,27.799,9.799,7.926,0.992,10.44,8.0,1.236,0.809,0.917,0
5437,229,105.439,45.292,6.438,0.259,48.27,10.185,7.036,0.142,0.621,1
1967,130,41.456,15.731,10.522,0.951,16.553,11.0,1.495,0.669,0.939,0
7233,174,74.669,27.159,8.157,0.392,29.206,11.876,3.329,0.3,0.632,1
3654,273,122.024,30.334,11.459,0.23,43.417,20.398,2.647,0.378,0.431,1
1527,123,40.87,15.271,10.255,0.925,15.811,10.85,1.489,0.672,0.911,0
9059,137,44.627,17.006,10.257,0.864,17.464,10.0,1.658,0.603,0.932,0
1767,148,46.042,17.427,10.813,0.877,17.889,11.628,1.612,0.62,0.931,0
10469,71,30.627,10.294,8.782,0.951,11.18,9.0,1.172,0.853,0.904,0
61,203,74.083,29.292,8.824,0.465,30.083,11.096,3.32,0.301,0.737,1
4986,180,74.083,28.651,7.999,0.412,31.385,10.733,3.582,0.279,0.707,1
4089,118,40.87,14.338,10.479,0.888,15.264,11.314,1.368,0.731,0.904,0
10061,120,41.698,16.281,9.385,0.867,16.643,9.899,1.735,0.576,0.916,0
8150,143,45.698,17.71,10.281,0.86,18.248,10.712,1.723,0.581,0.905,0
6809,177,72.083,28.573,7.887,0.428,29.069,10.476,3.623,0.276,0.652,1
2125,107,39.456,14.93,9.125,0.864,15.264,9.775,1.636,0.611,0.911,0
3081,209,99.64,30.519,8.719,0.265,38.328,13.216,3.5,0.286,0.494,1
6065,144,70.083,23.72,7.73,0.368,29.833,10.599,3.069,0.326,0.659,1
28,217,100.083,35.707,7.738,0.272,42.45,12.376,4.615,0.217,0.603,1
6674,215,87.841,31.226,8.767,0.35,33.956,12.747,3.562,0.281,0.638,1
10413,92,35.456,13.453,8.707,0.92,13.892,9.192,1.545,0.647,0.915,0
4909,213,85.497,30.936,8.766,0.366,32.388,12.338,3.529,0.283,0.644,1
5742,125,41.698,15.606,10.198,0.903,16.553,10.817,1.53,0.653,0.909,0
1894,169,57.598,20.253,10.624,0.64,22.136,12.851,1.906,0.525,0.79,1
3549,193,86.912,35.713,6.881,0.321,37.0,10.09,5.19,0.193,0.674,1
7624,125,41.456,14.696,10.83,0.914,15.652,11.557,1.357,0.737,0.916,0
6863,183,73.154,28.979,8.04,0.43,31.305,10.543,3.604,0.277,0.738,1
2324,112,40.042,15.051,9.475,0.878,15.811,10.262,1.588,0.63,0.911,0
7712,184,74.912,29.858,7.846,0.412,30.806,11.314,3.805,0.263,0.658,1
4475,196,74.912,29.785,8.378,0.439,31.906,11.468,3.555,0.281,0.723,1
6630,190,83.255,30.355,7.97,0.344,35.171,10.872,3.809,0.263,0.621,1
3938,192,94.468,33.989,7.192,0.27,39.661,11.785,4.726,0.212,0.536,1
2042,79,31.799,11.514,8.736,0.982,12.207,9.0,1.318,0.759,0.924,0
3068,221,99.539,25.274,11.134,0.28,32.65,17.829,2.27,0.441,0.533,1
2514,149,49.456,20.628,9.197,0.766,20.248,9.701,2.243,0.446,0.909,0
8698,305,79.841,33.445,11.611,0.601,32.311,13.504,2.88,0.347,0.834,-1
171,138,49.941,18.917,9.288,0.695,20.248,10.733,2.037,0.491,0.857,1
3729,182,77.841,28.838,8.036,0.377,32.14,11.0,3.589,0.279,0.679,1
430,116,41.213,16.429,8.99,0.858,16.492,9.0,1.828,0.547,0.928,0
2291,146,61.255,23.81,7.807,0.489,25.554,10.149,3.05,0.328,0.764,1
8960,109,39.113,15.074,9.207,0.895,15.652,9.899,1.637,0.611,0.901,0
8327,89,34.971,12.522,9.049,0.915,13.416,9.0,1.384,0.723,0.927,0
186,135,52.77,18.703,9.19,0.609,22.023,10.607,2.035,0.491,0.821,1
6854,167,64.184,21.401,9.936,0.509,24.597,12.806,2.154,0.464,0.726,1
9542,73,31.213,10.5,8.852,0.942,11.402,9.707,1.186,0.843,0.885,0
6741,286,121.296,38.839,9.376,0.244,47.508,14.885,4.143,0.241,0.505,1
1772,145,45.941,18.271,10.105,0.863,18.601,10.607,1.808,0.553,0.918,0
1096,57,26.385,9.088,7.986,1.0,9.849,8.0,1.138,0.879,0.927,0
6922,178,77.255,29.167,7.77,0.375,31.257,10.808,3.754,0.266,0.629,1
1434,124,42.627,16.549,9.54,0.858,17.088,10.0,1.735,0.576,0.915,0
3367,220,96.468,36.646,7.644,0.297,41.617,11.657,4.794,0.209,0.641,1
3842,226,114.953,40.069,7.181,0.215,46.519,11.926,5.58,0.179,0.465,1
7767,190,91.841,36.943,6.548,0.283,38.471,10.156,5.642,0.177,0.615,1
3972,206,90.711,36.673,7.152,0.315,38.013,10.259,5.128,0.195,0.59,1
8982,68,42.284,14.778,5.859,0.478,17.493,8.854,2.523,0.396,0.648,-1
10524,82,33.213,12.929,8.075,0.934,13.601,8.485,1.601,0.625,0.932,0
1226,222,96.912,25.974,10.882,0.297,36.056,16.685,2.387,0.419,0.547,-1
2274,87,34.042,12.138,9.126,0.943,13.0,10.0,1.33,0.752,0.897,0
8818,140,55.841,25.531,6.982,0.564,24.698,7.672,3.657,0.273,0.864,0
7689,231,111.054,41.903,7.019,0.235,44.598,10.803,5.97,0.168,0.549,1
9203,224,102.468,27.564,10.347,0.268,36.139,17.512,2.664,0.375,0.517,1
6368,180,77.983,28.674,7.993,0.372,30.0,10.837,3.588,0.279,0.632,1
834,94,36.627,14.52,8.243,0.88,14.866,8.974,1.761,0.568,0.908,0
5362,183,72.083,28.333,8.224,0.443,30.871,11.509,3.445,0.29,0.704,1
3085,257,103.74,40.183,8.143,0.3,43.324,12.182,4.934,0.203,0.624,1
9903,192,103.296,24.381,10.027,0.226,33.541,16.909,2.432,0.411,0.449,1
1654,124,42.527,16.08,9.818,0.862,17.0,10.607,1.638,0.611,0.892,0
1439,155,46.87,17.405,11.339,0.887,18.028,12.075,1.535,0.651,0.928,0
5832,144,59.012,22.891,8.01,0.52,25.495,10.607,2.858,0.35,0.758,1
7496,140,44.042,17.257,10.329,0.907,17.889,11.0,1.671,0.599,0.94,0
1394,223,68.184,28.726,9.884,0.603,27.857,11.068,2.906,0.344,0.859,-1
726,173,78.426,31.38,7.019,0.353,32.985,10.269,4.47,0.224,0.652,1
2269,89,33.799,12.103,9.363,0.979,12.649,9.0,1.293,0.774,0.932,0
163,332,101.64,32.046,13.191,0.404,34.928,19.092,2.429,0.412,0.673,-1
7411,126,44.87,16.378,9.795,0.786,17.117,10.399,1.672,0.598,0.894,0
10533,93,45.456,16.304,7.263,0.566,19.313,8.73,2.245,0.445,0.765,0
4943,178,62.77,24.29,9.33,0.568,25.632,12.059,2.603,0.384,0.793,1
9458,108,38.042,13.924,9.876,0.938,14.765,10.607,1.41,0.709,0.927,0
2763,169,68.184,22.613,9.516,0.457,25.06,12.257,2.376,0.421,0.668,1
1053,169,53.598,21.453,10.03,0.739,21.471,11.606,2.139,0.468,0.858,-1
8643,279,73.255,28.779,12.343,0.653,29.155,13.582,2.332,0.429,0.861,-1
6696,160,61.598,23.479,8.677,0.53,26.42,11.368,2.706,0.37,0.782,1
8828,111,38.87,14.274,9.901,0.923,15.297,10.0,1.442,0.694,0.925,0
9033,116,41.456,16.017,9.221,0.848,16.763,10.0,1.737,0.576,0.903,0
6841,196,75.497,31.086,8.028,0.432,31.623,10.981,3.872,0.258,0.705,1
7975,79,33.213,12.49,8.053,0.9,13.0,8.731,1.551,0.645,0.903,0
4014,116,39.698,14.695,10.051,0.925,15.264,10.607,1.462,0.684,0.913,0
8853,147,44.87,16.452,11.376,0.918,17.205,12.005,1.446,0.691,0.925,0
6745,195,67.841,27.305,9.093,0.532,28.178,11.751,3.003,0.333,0.78,1
6889,179,72.912,26.414,8.628,0.423,28.302,10.981,3.061,0.327,0.675,1
9276,196,82.083,31.373,7.954,0.366,32.558,10.775,3.944,0.254,0.67,1
3199,209,78.326,29.339,9.07,0.428,32.573,12.561,3.235,0.309,0.722,1
1152,61,27.799,10.164,7.641,0.992,10.817,8.0,1.33,0.752,0.91,0
3893,215,92.569,35.914,7.622,0.315,38.588,12.075,4.712,0.212,0.589,1
3461,177,71.012,25.148,8.962,0.441,28.302,12.31,2.806,0.356,0.686,1
6514,105,39.456,13.862,9.644,0.848,15.0,10.539,1.437,0.696,0.886,0
3069,132,42.87,16.078,10.453,0.903,16.763,11.0,1.538,0.65,0.92,0
9826,215,87.983,33.061,8.28,0.349,34.0,12.955,3.993,0.25,0.602,1
9463,128,43.456,16.642,9.793,0.852,17.493,10.733,1.699,0.588,0.905,0
8520,162,46.87,17.258,11.952,0.927,18.028,12.0,1.444,0.693,0.942,0
7643,185,90.669,28.981,8.128,0.283,37.121,11.972,3.566,0.28,0.566,1
5053,189,65.841,24.581,9.79,0.548,27.659,12.728,2.511,0.398,0.803,1
2051,79,33.213,12.468,8.068,0.9,13.038,8.875,1.545,0.647,0.903,0
949,134,51.598,21.355,7.99,0.632,22.472,9.283,2.673,0.374,0.827,1
10115,151,55.355,18.637,10.316,0.619,22.361,11.829,1.807,0.554,0.821,0
7,229,101.154,38.465,7.58,0.281,43.174,10.291,5.074,0.197,0.641,1
4540,161,58.184,23.191,8.839,0.598,25.0,11.314,2.624,0.381,0.83,1
552,104,38.284,14.54,9.107,0.892,15.232,10.118,1.596,0.626,0.893,0
1824,127,42.627,14.117,11.454,0.878,15.232,12.0,1.232,0.811,0.914,0
10518,76,31.799,11.708,8.265,0.944,12.53,9.0,1.417,0.706,0.921,0
7237,147,63.355,24.966,7.497,0.46,27.857,10.087,3.33,0.3,0.731,1
6159,399,154.167,34.231,14.841,0.211,49.497,29.941,2.307,0.434,0.407,-1
8734,284,68.77,25.797,14.017,0.755,27.313,15.885,1.84,0.543,0.904,-1
3094,194,86.912,37.187,6.642,0.323,37.363,10.416,5.598,0.179,0.624,1
2726,91,35.213,12.505,9.265,0.922,13.0,9.803,1.35,0.741,0.91,0
6596,160,79.841,29.234,6.969,0.315,33.541,10.5,4.195,0.238,0.581,1
1659,96,35.456,13.224,9.243,0.96,13.892,9.839,1.431,0.699,0.919,0
482,79,33.213,11.728,8.577,0.9,12.649,9.0,1.367,0.731,0.903,0
2211,90,36.87,13.623,8.412,0.832,14.422,9.192,1.62,0.617,0.874,0
5420,111,38.284,13.845,10.208,0.952,14.866,11.0,1.356,0.737,0.914,0
5978,202,88.569,32.982,7.798,0.324,34.713,11.689,4.229,0.236,0.567,1
1066,113,41.941,16.68,8.626,0.807,17.205,9.192,1.934,0.517,0.879,0
5726,104,37.456,13.979,9.472,0.932,14.56,10.0,1.476,0.678,0.908,0
4928,208,85.497,32.677,8.105,0.358,34.785,11.031,4.032,0.248,0.657,1
6474,219,88.912,33.116,8.42,0.348,36.77,12.767,3.933,0.254,0.635,1
7091,213,88.669,30.003,9.039,0.34,35.355,13.422,3.319,0.301,0.608,1
2898,196,78.669,27.872,8.954,0.398,30.083,12.721,3.113,0.321,0.644,1
1743,121,40.87,14.429,10.677,0.91,15.297,11.0,1.351,0.74,0.917,0
3596,166,78.669,27.686,7.634,0.337,32.202,10.747,3.627,0.276,0.581,1
5070,187,76.426,28.96,8.221,0.402,32.558,11.0,3.522,0.284,0.721,1
1406,136,44.284,16.883,10.256,0.871,17.493,10.976,1.646,0.607,0.922,0
9038,111,40.627,14.96,9.447,0.845,15.811,10.0,1.584,0.631,0.91,0
1509,101,37.456,14.69,8.754,0.905,15.264,9.391,1.678,0.596,0.918,0
5408,97,36.042,12.773,9.669,0.938,13.928,10.0,1.321,0.757,0.919,0
1374,123,42.042,15.711,9.968,0.874,16.492,10.0,1.576,0.634,0.918,0
3176,207,75.497,21.32,12.362,0.456,26.0,16.977,1.725,0.58,0.668,1
4383,136,51.941,18.631,9.294,0.633,20.248,11.0,2.005,0.499,0.819,1
1762,109,37.799,13.505,10.276,0.959,13.928,10.0,1.314,0.761,0.944,0
8887,173,64.184,22.535,9.774,0.528,25.962,12.0,2.306,0.434,0.757,1
4814,228,96.468,40.45,7.177,0.308,41.617,10.932,5.636,0.177,0.623,1
2085,120,59.355,22.47,6.8,0.428,24.739,8.682,3.304,0.303,0.696,1
4048,241,61.012,22.217,13.811,0.814,22.804,14.849,1.609,0.622,0.909,0
812,90,36.042,13.673,8.381,0.871,14.318,8.944,1.632,0.613,0.9,0
3120,217,98.083,33.25,8.31,0.283,37.643,11.642,4.001,0.25,0.549,1
10265,99,37.456,14.355,8.781,0.887,14.765,9.391,1.635,0.612,0.912,0
5610,128,42.87,16.39,9.943,0.875,17.0,10.914,1.648,0.607,0.924,0
1267,226,100.811,40.241,7.151,0.279,43.081,10.712,5.628,0.178,0.559,1
6619,200,95.054,37.652,6.763,0.278,39.699,10.607,5.567,0.18,0.595,1
5003,127,48.527,18.782,8.609,0.678,19.723,10.286,2.182,0.458,0.852,1
7182,151,67.497,28.613,6.719,0.416,29.732,9.192,4.258,0.235,0.704,1
1450,129,44.284,17.461,9.407,0.827,18.358,10.4,1.856,0.539,0.912,0
4305,210,73.397,29.585,9.038,0.49,30.017,11.448,3.274,0.305,0.742,1
1668,122,42.284,15.319,10.14,0.857,16.125,11.314,1.511,0.662,0.91,0
10559,89,38.284,16.341,6.935,0.763,16.643,7.778,2.356,0.424,0.89,0
7313,152,69.255,22.191,8.721,0.398,25.298,12.659,2.544,0.393,0.617,1
6846,203,87.882,35.657,7.249,0.33,38.601,11.167,4.919,0.203,0.654,1
7685,215,93.841,36.962,7.406,0.307,39.56,11.115,4.991,0.2,0.606,1
10235,80,32.971,12.654,8.05,0.925,13.0,8.0,1.572,0.636,0.936,0
2519,99,36.627,13.664,9.225,0.927,14.318,9.803,1.481,0.675,0.921,0
47,68,29.799,11.281,7.675,0.962,12.083,8.0,1.47,0.68,0.919,0
230,148,51.941,18.433,10.223,0.689,19.416,11.289,1.803,0.555,0.848,1
10448,99,36.042,12.991,9.703,0.958,13.892,10.539,1.339,0.747,0.912,0
3368,128,43.698,16.187,10.068,0.842,18.028,11.0,1.608,0.622,0.905,0
6350,127,42.284,16.405,9.857,0.893,17.0,10.607,1.664,0.601,0.927,0
8298,117,42.284,16.982,8.772,0.822,17.205,9.4,1.936,0.517,0.903,0
1517,123,42.87,16.545,9.466,0.841,17.088,10.286,1.748,0.572,0.908,0
4517,134,43.456,15.721,10.853,0.892,16.553,11.7,1.449,0.69,0.918,0
8480,203,89.64,33.425,7.733,0.317,38.275,11.759,4.322,0.231,0.588,1
5306,180,49.113,16.085,14.248,0.938,17.088,14.8,1.129,0.886,0.93,0
5620,120,40.284,14.69,10.401,0.929,15.811,11.0,1.412,0.708,0.916,0
5758,104,37.456,14.224,9.31,0.932,15.0,9.899,1.528,0.655,0.92,0
9932,232,100.811,32.962,8.962,0.287,39.205,14.458,3.678,0.272,0.557,1
7253,152,71.355,28.033,6.904,0.375,30.806,9.593,4.061,0.246,0.673,1
3617,116,40.284,15.403,9.589,0.898,15.811,9.899,1.606,0.623,0.917,0
695,116,43.113,17.074,8.65,0.784,17.889,9.707,1.974,0.507,0.885,0
3485,199,87.941,36.867,6.873,0.323,38.328,9.872,5.364,0.186,0.699,1
7403,192,89.74,33.74,7.245,0.3,39.115,11.094,4.657,0.215,0.632,1
7227,204,88.326,35.316,7.355,0.329,38.013,11.731,4.802,0.208,0.653,1
7856,128,45.355,16.713,9.751,0.782,17.263,10.286,1.714,0.583,0.871,0
7946,112,40.042,16.101,8.857,0.878,16.492,9.0,1.818,0.55,0.922,0
3306,230,93.64,30.738,9.527,0.33,34.176,14.422,3.226,0.31,0.56,1
8560,231,84.468,23.951,12.28,0.407,31.048,17.855,1.95,0.513,0.679,-1
10105,240,124.853,32.143,9.507,0.193,44.011,19.13,3.381,0.296,0.399,1
5904,231,87.497,30.996,9.489,0.379,34.785,13.747,3.267,0.306,0.689,1
1843,130,43.113,16.653,9.94,0.879,17.0,10.539,1.675,0.597,0.906,0
9585,176,82.042,32.032,6.996,0.329,36.125,9.0,4.579,0.218,0.721,1
6583,165,74.426,27.944,7.518,0.374,29.275,10.177,3.717,0.269,0.642,1
6685,175,62.912,25.766,8.648,0.556,27.019,10.607,2.98,0.336,0.795,1
5222,198,76.083,26.228,9.612,0.43,27.313,12.862,2.729,0.366,0.659,1
965,240,121.681,43.651,7.001,0.204,49.649,11.311,6.235,0.16,0.495,1
8274,95,36.042,13.67,8.848,0.919,14.318,9.0,1.545,0.647,0.918,0
1330,134,44.042,16.174,10.549,0.868,16.643,11.068,1.533,0.652,0.918,0
10097,118,40.627,15.612,9.623,0.898,16.155,10.0,1.622,0.616,0.933,0
9667,354,144.267,54.536,8.265,0.214,58.189,13.54,6.599,0.152,0.544,1
8741,110,38.284,14.607,9.588,0.943,15.0,9.899,1.523,0.656,0.921,0
5943,228,106.125,37.405,7.761,0.254,44.294,11.518,4.82,0.207,0.541,1
10543,102,38.385,15.45,8.406,0.87,15.524,8.0,1.838,0.544,0.944,0
9131,101,36.042,13.116,9.804,0.977,13.601,10.0,1.338,0.747,0.922,0
3036,147,61.255,22.479,8.326,0.492,25.942,10.219,2.7,0.37,0.778,1
2848,151,66.669,26.013,7.391,0.427,28.018,10.661,3.52,0.284,0.682,1
2476,212,91.154,30.186,8.942,0.321,33.526,12.955,3.376,0.296,0.561,1
8550,188,84.569,35.711,6.703,0.33,36.359,10.286,5.328,0.188,0.646,1
554,124,42.042,16.244,9.719,0.882,17.0,10.733,1.671,0.598,0.929,0
6324,80,31.213,10.943,9.308,1.0,11.662,9.899,1.176,0.851,0.93,0
3852,184,82.326,26.251,8.924,0.341,33.734,12.758,2.942,0.34,0.607,1
6051,212,108.61,40.829,6.611,0.226,49.406,11.709,6.176,0.162,0.523,1
5787,178,75.355,26.352,8.6,0.394,30.887,11.696,3.064,0.326,0.641,1
3130,126,51.698,18.518,8.663,0.592,20.881,11.0,2.137,0.468,0.8,1
4622,196,84.083,30.238,8.253,0.348,34.366,11.981,3.664,0.273,0.654,1
384,174,59.941,21.872,10.129,0.609,24.207,12.27,2.159,0.463,0.798,1
7959,90,34.627,13.299,8.616,0.943,13.928,9.0,1.543,0.648,0.918,0
2828,128,40.627,14.373,11.339,0.974,15.232,11.0,1.268,0.789,0.941,0
4711,164,64.669,25.582,8.163,0.493,28.601,11.276,3.134,0.319,0.752,1
6714,205,87.154,29.58,8.824,0.339,32.016,12.881,3.352,0.298,0.593,1
923,106,39.213,15.098,8.939,0.866,15.524,9.0,1.689,0.592,0.926,0
8769,298,81.598,35.434,10.708,0.562,34.205,12.612,3.309,0.302,0.847,-1
3462,196,85.983,32.688,7.635,0.333,36.235,12.806,4.282,0.234,0.587,1
5936,153,61.255,24.86,7.836,0.512,26.249,9.899,3.172,0.315,0.771,1
8395,101,39.456,15.774,8.153,0.815,16.125,8.913,1.935,0.517,0.898,0
214,90,35.556,13.693,8.369,0.895,13.928,8.0,1.636,0.611,0.942,0
9265,121,41.698,15.714,9.804,0.874,16.553,10.633,1.603,0.624,0.896,0
5005,143,53.598,20.224,9.003,0.626,21.587,10.864,2.246,0.445,0.841,-1
7783,130,42.284,15.528,10.66,0.914,16.279,11.0,1.457,0.686,0.912,0
1233,136,44.77,14.727,11.758,0.853,16.279,12.728,1.252,0.798,0.892,0
8243,90,34.042,12.839,8.925,0.976,13.416,9.701,1.439,0.695,0.918,0
9651,151,47.113,17.164,11.201,0.855,17.493,12.728,1.532,0.653,0.878,0
5625,95,35.456,13.488,8.968,0.95,14.213,9.192,1.504,0.665,0.922,0
5993,185,75.74,28.739,8.196,0.405,31.241,11.789,3.506,0.285,0.668,1
8819,128,42.527,16.277,10.012,0.889,16.643,10.607,1.626,0.615,0.908,0
10069,99,36.627,12.902,9.77,0.927,13.601,10.0,1.321,0.757,0.917,0
4783,75,31.799,10.869,8.786,0.932,11.662,9.656,1.237,0.808,0.898,0
6996,195,75.598,25.653,9.678,0.429,29.833,13.753,2.651,0.377,0.685,1
7444,171,82.083,26.581,8.191,0.319,29.833,10.845,3.245,0.308,0.647,1
6876,215,73.154,28.164,9.72,0.505,30.232,12.406,2.898,0.345,0.807,1
3153,151,51.355,18.741,10.259,0.719,20.125,10.733,1.827,0.547,0.878,0
1880,86,33.799,12.317,8.89,0.946,13.0,9.0,1.386,0.722,0.93,0
320,208,89.012,34.761,7.619,0.33,37.336,10.904,4.563,0.219,0.651,1
10383,77,31.799,11.225,8.734,0.957,11.705,9.0,1.285,0.778,0.922,0
10014,106,38.042,14.213,9.496,0.92,14.866,10.0,1.497,0.668,0.922,0
3920,273,100.953,35.736,9.727,0.337,39.446,14.89,3.674,0.272,0.654,1
2113,80,33.213,12.551,8.116,0.911,13.0,8.854,1.547,0.647,0.909,0
6017,239,92.569,33.061,9.204,0.35,37.363,14.171,3.592,0.278,0.618,1
9426,242,96.569,32.031,9.62,0.326,35.693,15.493,3.33,0.3,0.56,1
8115,187,59.355,23.471,10.144,0.667,23.77,11.936,2.314,0.432,0.854,-1
4381,200,73.154,30.182,8.437,0.47,31.241,11.006,3.577,0.28,0.746,1
1345,115,40.87,15.469,9.466,0.865,16.155,10.119,1.634,0.612,0.902,0
9354,318,117.054,24.274,16.68,0.292,33.615,28.018,1.455,0.687,0.541,1
9926,216,95.296,33.474,8.216,0.299,37.216,12.383,4.074,0.245,0.569,1
3810,231,109.782,34.523,8.52,0.241,45.222,13.416,4.052,0.247,0.501,1
5771,141,45.456,16.337,10.989,0.858,17.263,11.0,1.487,0.673,0.913,0
183,135,47.941,16.14,10.65,0.738,17.464,11.783,1.516,0.66,0.854,0
7215,213,97.497,37.897,7.156,0.282,42.579,10.657,5.296,0.189,0.616,1
9223,193,87.74,30.034,8.182,0.315,36.401,12.434,3.671,0.272,0.587,1
4149,188,75.012,28.326,8.451,0.42,31.953,11.741,3.352,0.298,0.749,1
5161,171,65.012,25.522,8.531,0.508,26.683,11.3,2.992,0.334,0.752,0
8128,103,38.87,15.397,8.518,0.857,15.811,9.192,1.808,0.553,0.907,0
82,113,40.042,14.763,9.746,0.886,15.524,10.0,1.515,0.66,0.915,0
669,124,45.698,14.796,10.671,0.746,16.401,12.652,1.387,0.721,0.864,0
6600,108,38.627,13.648,10.076,0.91,15.0,10.607,1.355,0.738,0.919,0
2993,199,84.569,28.21,8.982,0.35,33.015,13.173,3.141,0.318,0.596,1
1971,133,43.698,16.216,10.443,0.875,17.088,11.49,1.553,0.644,0.911,0
685,86,35.456,13.415,8.162,0.86,14.213,8.485,1.644,0.608,0.896,0
8648,179,58.284,25.165,9.057,0.662,25.495,10.0,2.779,0.36,0.918,0
6607,117,46.284,17.418,8.553,0.686,19.647,9.0,2.037,0.491,0.893,0
4875,226,82.326,30.43,9.456,0.419,32.894,13.056,3.218,0.311,0.708,1
1476,69,29.799,9.557,9.192,0.976,10.44,9.0,1.04,0.962,0.914,0
1443,108,38.385,14.583,9.429,0.921,14.866,9.0,1.547,0.647,0.943,0
8829,103,39.698,13.0,10.088,0.821,13.601,11.16,1.289,0.776,0.855,0
4479,193,76.569,29.924,8.212,0.414,31.623,11.18,3.644,0.274,0.72,1
6438,196,80.811,32.077,7.78,0.377,32.45,11.58,4.123,0.243,0.607,1
7415,184,95.154,37.578,6.234,0.255,40.497,10.431,6.027,0.166,0.549,1
9517,71,30.627,9.876,9.154,0.951,10.77,9.839,1.079,0.927,0.893,0
2426,211,97.054,32.542,8.256,0.281,36.878,13.165,3.942,0.254,0.547,1
4444,186,72.184,27.801,8.518,0.449,31.048,11.163,3.264,0.306,0.758,1
590,66,28.385,9.846,8.535,1.0,10.817,9.0,1.154,0.867,0.93,0
7610,110,38.627,14.031,9.982,0.926,14.765,10.0,1.406,0.711,0.932,0
778,275,87.64,40.666,8.61,0.45,38.833,9.993,4.723,0.212,0.831,-1
10532,102,48.042,18.222,7.127,0.555,20.396,8.0,2.557,0.391,0.803,1
1135,233,71.841,25.314,11.72,0.567,26.249,14.837,2.16,0.463,0.777,-1
2816,127,44.284,16.746,9.656,0.814,17.692,10.539,1.734,0.577,0.901,0
9909,135,53.355,18.572,9.255,0.596,20.616,11.175,2.007,0.498,0.806,1
5039,137,43.456,15.174,11.495,0.912,16.125,12.075,1.32,0.758,0.919,0
2312,121,40.87,15.517,9.929,0.91,16.155,10.672,1.563,0.64,0.917,0
10230,210,97.64,30.098,8.884,0.277,36.688,14.758,3.388,0.295,0.503,1
7204,177,87.841,33.673,6.693,0.288,37.947,9.739,5.031,0.199,0.604,1
9627,229,104.953,38.243,7.624,0.261,44.204,12.24,5.016,0.199,0.508,1
41,218,82.912,26.456,10.491,0.399,29.614,12.944,2.522,0.397,0.702,1
1026,87,34.87,13.733,8.066,0.899,14.422,8.485,1.702,0.587,0.902,0
4523,131,42.284,16.34,10.208,0.921,17.0,10.607,1.601,0.625,0.939,0
640,100,38.385,15.425,8.254,0.853,15.524,8.0,1.869,0.535,0.935,0
3426,271,89.983,23.045,14.973,0.421,27.785,20.567,1.539,0.65,0.672,-1
9933,210,112.468,28.031,9.539,0.209,40.804,17.947,2.939,0.34,0.417,1
7409,171,76.426,28.338,7.683,0.368,30.15,10.165,3.688,0.271,0.63,1
6597,98,38.627,14.083,8.86,0.825,15.524,9.0,1.589,0.629,0.895,0
6515,88,35.213,12.942,8.658,0.892,14.213,9.899,1.495,0.669,0.907,0
10314,69,29.799,10.917,8.048,0.976,11.662,8.485,1.356,0.737,0.926,0
2071,80,31.799,11.237,9.065,0.994,12.207,9.0,1.24,0.807,0.93,0
6798,217,93.296,33.878,8.155,0.313,36.892,12.92,4.154,0.241,0.557,1
3555,211,92.811,37.673,7.131,0.308,39.962,10.804,5.283,0.189,0.643,1
3922,69,61.841,26.337,3.336,0.227,28.601,5.83,7.895,0.127,0.533,-1
8182,100,38.042,15.075,8.446,0.868,15.652,9.391,1.785,0.56,0.917,0
5340,180,67.941,27.934,8.204,0.49,29.12,10.748,3.405,0.294,0.795,1
7394,343,144.51,40.083,10.895,0.206,56.321,16.868,3.679,0.272,0.54,-1
10550,88,34.627,12.297,9.111,0.922,13.038,9.899,1.35,0.741,0.907,0
3111,178,90.77,33.604,6.744,0.271,39.115,10.0,4.983,0.201,0.652,1
7092,191,79.74,31.417,7.741,0.377,33.242,10.886,4.059,0.246,0.669,1
5674,192,87.397,32.278,7.574,0.316,34.828,10.755,4.262,0.235,0.576,1
5794,194,84.669,29.531,8.364,0.34,33.242,12.761,3.531,0.283,0.577,1
911,95,37.456,14.298,8.46,0.851,14.765,9.089,1.69,0.592,0.892,0
562,108,39.456,14.573,9.436,0.872,14.866,10.0,1.544,0.648,0.904,0
1834,112,39.456,14.599,9.768,0.904,15.264,10.539,1.495,0.669,0.914,0
2750,166,67.497,21.173,9.982,0.458,23.537,12.817,2.121,0.471,0.693,1
642,99,38.87,15.508,8.128,0.823,16.125,8.944,1.908,0.524,0.904,0
7134,242,90.811,29.426,10.471,0.369,32.016,16.744,2.81,0.356,0.607,1
10439,92,35.799,13.492,8.682,0.902,13.928,9.0,1.554,0.644,0.925,0
4462,85,34.87,11.68,9.266,0.878,13.0,10.464,1.26,0.793,0.854,-1
8214,117,39.456,14.74,10.107,0.944,15.811,10.0,1.458,0.686,0.932,0
4209,119,40.527,14.668,10.329,0.91,15.811,10.607,1.42,0.704,0.915,0
8815,141,44.042,14.638,12.264,0.913,15.264,12.369,1.194,0.838,0.925,0
8058,98,38.87,15.313,8.148,0.815,15.811,9.153,1.879,0.532,0.891,0
1467,84,32.971,11.786,9.075,0.971,12.53,9.0,1.299,0.77,0.944,0
6622,117,44.284,16.434,9.065,0.75,17.804,10.262,1.813,0.552,0.876,0
1521,114,39.456,15.183,9.56,0.92,15.524,10.0,1.588,0.63,0.919,0
9289,223,86.326,33.032,8.596,0.376,35.903,12.088,3.843,0.26,0.686,1
10390,78,32.385,12.331,8.054,0.935,12.649,8.0,1.531,0.653,0.929,0
3155,231,95.497,31.39,9.37,0.318,37.336,15.435,3.35,0.299,0.593,1
5336,193,79.841,31.753,7.739,0.38,32.388,10.429,4.103,0.244,0.642,1
10393,73,30.385,11.154,8.333,0.994,11.705,8.0,1.338,0.747,0.942,0
7431,371,208.108,66.261,7.129,0.108,90.874,14.758,9.295,0.108,0.353,-1
2606,179,86.426,33.724,6.758,0.301,36.878,10.851,4.99,0.2,0.605,1
3610,153,48.77,19.241,10.124,0.808,20.248,11.094,1.901,0.526,0.897,0
3464,198,75.841,29.82,8.454,0.433,30.083,11.027,3.527,0.283,0.692,1
1395,126,41.698,15.926,10.074,0.911,16.553,10.817,1.581,0.633,0.913,0
8290,92,35.456,12.798,9.153,0.92,13.601,9.944,1.398,0.715,0.893,0
1898,102,36.627,12.88,10.083,0.955,13.342,10.0,1.277,0.783,0.919,0
849,89,35.456,13.721,8.259,0.89,14.318,8.944,1.661,0.602,0.908,0
6176,228,103.598,40.992,7.082,0.267,46.098,10.59,5.788,0.173,0.606,1
6294,184,69.598,20.576,11.386,0.477,22.204,14.96,1.807,0.553,0.754,-1
8176,94,35.213,13.266,9.022,0.953,13.928,9.0,1.47,0.68,0.94,0
9174,137,45.113,17.216,10.132,0.846,17.493,10.733,1.699,0.589,0.91,0
6454,286,114.569,46.264,7.871,0.274,48.374,11.344,5.878,0.17,0.601,1
2970,115,39.799,15.586,9.394,0.912,15.811,9.0,1.659,0.603,0.95,0
3726,204,86.811,27.6,9.411,0.34,33.838,14.458,2.933,0.341,0.566,1
9757,183,78.326,27.851,8.366,0.375,32.65,12.021,3.329,0.3,0.639,1
532,190,78.225,25.48,9.494,0.39,29.069,14.142,2.684,0.373,0.654,-1
4898,205,81.74,30.67,8.51,0.386,34.54,11.949,3.604,0.277,0.647,1
3595,121,42.042,15.676,9.828,0.86,16.279,10.0,1.595,0.627,0.92,0
6034,176,71.598,26.831,8.352,0.431,27.459,10.465,3.213,0.311,0.694,1
6897,58,42.284,10.662,6.926,0.408,12.806,10.543,1.539,0.65,0.62,-1
8627,220,65.012,17.708,15.818,0.654,21.84,17.0,1.12,0.893,0.837,-1
9839,58,26.971,8.864,8.331,1.0,9.487,8.0,1.064,0.94,0.921,0
1279,174,61.841,23.683,9.354,0.572,25.554,11.949,2.532,0.395,0.78,1
4307,168,67.841,27.481,7.784,0.459,29.069,10.539,3.53,0.283,0.745,1
8249,111,40.627,15.875,8.903,0.845,16.279,9.0,1.783,0.561,0.914,0
6280,228,87.255,31.017,9.359,0.376,33.242,11.893,3.314,0.302,0.656,1
835,56,26.627,9.222,7.731,0.993,9.849,7.778,1.193,0.838,0.903,0
2792,212,119.581,42.276,6.385,0.186,49.739,11.094,6.621,0.151,0.421,1
1429,120,40.284,15.016,10.175,0.929,15.62,10.607,1.476,0.678,0.92,0
4961,155,60.912,25.625,7.701,0.525,26.627,9.899,3.327,0.301,0.803,1
285,196,87.841,35.548,7.02,0.319,36.688,10.394,5.064,0.197,0.623,1
182,143,54.527,20.589,8.843,0.604,21.954,10.262,2.328,0.43,0.827,1
5051,144,46.527,16.401,11.179,0.836,17.804,12.021,1.467,0.682,0.883,0
4266,163,62.669,25.728,8.067,0.522,26.926,10.154,3.19,0.314,0.786,1
2638,118,40.627,15.542,9.667,0.898,15.811,10.0,1.608,0.622,0.925,0
2969,116,40.284,15.478,9.542,0.898,16.125,10.2,1.622,0.616,0.906,0
8753,50,29.556,10.679,5.961,0.719,12.806,7.603,1.791,0.558,0.826,-1
840,89,35.456,14.589,7.767,0.89,15.0,8.485,1.878,0.532,0.913,0
9105,219,94.569,37.269,7.482,0.308,41.146,11.18,4.981,0.201,0.621,1
308,288,135.196,43.494,8.431,0.198,49.477,14.745,5.159,0.194,0.489,1
7423,183,92.527,33.704,6.913,0.269,40.311,10.485,4.875,0.205,0.654,1
10175,214,111.397,34.717,7.849,0.217,43.566,15.383,4.423,0.226,0.448,1
3961,264,110.569,32.954,10.2,0.271,38.079,16.179,3.231,0.31,0.508,1
4934,208,78.326,29.591,8.95,0.426,32.696,12.853,3.306,0.302,0.696,1
6231,192,88.225,33.987,7.193,0.31,37.014,11.314,4.725,0.212,0.603,1
8914,116,41.456,15.687,9.415,0.848,16.553,10.286,1.666,0.6,0.906,0
3581,208,89.397,35.299,7.502,0.327,38.079,11.68,4.705,0.213,0.607,1
5986,172,76.083,29.283,7.479,0.373,31.321,10.585,3.916,0.255,0.662,1
5028,135,43.113,15.27,11.256,0.913,16.553,12.021,1.357,0.737,0.9,0
4916,340,136.51,23.681,18.281,0.229,37.643,30.71,1.295,0.772,0.459,-1
5848,194,78.426,29.826,8.282,0.396,31.623,12.172,3.601,0.278,0.643,1
9138,242,101.882,35.742,8.621,0.293,41.677,14.522,4.146,0.241,0.561,1
6978,173,73.841,24.84,8.867,0.399,27.803,12.481,2.801,0.357,0.643,1
3937,185,81.497,28.723,8.201,0.35,32.28,11.524,3.503,0.286,0.635,1
2676,233,87.983,35.065,8.46,0.378,38.288,12.548,4.145,0.241,0.67,1
5994,163,65.012,26.835,7.734,0.485,28.018,10.482,3.47,0.288,0.746,1
9915,360,78.912,29.747,15.409,0.726,29.682,17.75,1.931,0.518,0.893,-1
2280,148,64.184,23.182,8.129,0.451,25.495,10.991,2.852,0.351,0.684,1
5020,128,40.87,14.874,10.957,0.963,15.811,11.0,1.357,0.737,0.931,0
4797,156,61.941,23.503,8.451,0.511,26.249,10.516,2.781,0.36,0.794,1
860,105,37.698,14.267,9.37,0.928,14.765,9.899,1.523,0.657,0.909,0
5508,93,34.627,12.237,9.677,0.975,13.0,10.0,1.265,0.791,0.925,0
1029,106,40.042,15.582,8.662,0.831,15.811,9.216,1.799,0.556,0.902,0
360,249,101.882,32.794,9.667,0.301,40.46,14.705,3.392,0.295,0.573,1
5210,204,80.426,28.743,9.037,0.396,31.765,12.5,3.181,0.314,0.632,1
9486,139,44.042,15.975,11.078,0.901,16.763,11.0,1.442,0.693,0.921,0
9905,151,65.598,24.036,7.999,0.441,25.0,11.0,3.005,0.333,0.673,1
10086,104,39.213,15.352,8.625,0.85,15.811,9.0,1.78,0.562,0.916,0
10348,73,30.971,11.316,8.214,0.956,12.207,8.944,1.378,0.726,0.93,0
4835,138,57.355,23.203,7.573,0.527,25.06,10.119,3.064,0.326,0.773,1
4101,111,38.87,13.76,10.271,0.923,14.422,10.607,1.34,0.746,0.914,0
9724,256,125.983,41.472,7.86,0.203,53.235,12.132,5.277,0.19,0.533,1
4460,224,81.983,27.537,10.357,0.419,30.48,14.73,2.659,0.376,0.696,-1
2729,184,72.326,26.088,8.98,0.442,29.833,11.557,2.905,0.344,0.729,1
3049,116,41.456,16.748,8.819,0.848,17.692,9.192,1.899,0.527,0.932,0
1064,92,37.456,15.016,7.801,0.824,15.811,8.485,1.925,0.519,0.902,0
3330,196,82.912,23.743,10.51,0.358,28.16,15.181,2.259,0.443,0.651,1
9515,224,110.468,33.206,8.589,0.231,42.059,13.416,3.866,0.259,0.479,1
10110,294,85.882,33.548,11.158,0.501,35.511,13.25,3.007,0.333,0.831,-1
3924,137,57.941,19.917,8.758,0.513,24.083,10.311,2.274,0.44,0.781,0
9981,119,49.355,18.827,8.048,0.614,21.19,10.119,2.339,0.427,0.841,0
1552,120,45.456,18.672,8.183,0.73,18.974,8.854,2.282,0.438,0.906,0
9857,77,32.627,10.219,9.594,0.909,11.314,10.0,1.065,0.939,0.875,0
10497,100,37.456,14.382,8.853,0.896,14.866,9.864,1.625,0.616,0.893,0
1664,132,42.87,15.868,10.592,0.903,16.553,11.157,1.498,0.667,0.913,0
3503,194,87.983,26.309,9.389,0.315,29.411,15.143,2.802,0.357,0.542,1
229,167,59.255,21.512,9.884,0.598,22.361,11.706,2.176,0.459,0.775,1
4825,160,63.598,22.093,9.221,0.497,23.77,11.594,2.396,0.417,0.744,1
4660,184,78.426,29.748,7.875,0.376,33.526,10.646,3.777,0.265,0.676,1
5106,195,75.941,30.926,8.028,0.425,32.249,11.0,3.852,0.26,0.737,1
894,123,50.87,20.544,7.623,0.597,21.587,8.647,2.695,0.371,0.834,1
9998,51,25.556,9.066,7.163,0.981,9.487,7.0,1.266,0.79,0.919,0
5335,211,89.255,34.103,7.878,0.333,38.079,12.522,4.329,0.231,0.657,1
2846,213,92.083,29.424,9.217,0.316,36.249,14.311,3.192,0.313,0.549,1
7192,143,63.255,22.935,7.939,0.449,25.08,11.821,2.889,0.346,0.665,1
3633,221,83.154,32.858,8.564,0.402,34.928,11.144,3.837,0.261,0.714,1
493,173,84.083,33.259,6.623,0.307,36.401,10.436,5.022,0.199,0.623,1
9700,110,38.627,13.891,10.083,0.926,14.56,10.0,1.378,0.726,0.924,0
10557,91,35.698,13.33,8.692,0.897,14.56,9.391,1.534,0.652,0.892,0
7289,160,75.255,30.087,6.771,0.355,31.623,10.373,4.444,0.225,0.623,1
110,278,122.125,34.904,10.141,0.234,44.407,17.75,3.442,0.291,0.486,1
9744,263,120.61,26.282,12.741,0.227,39.825,25.828,2.063,0.485,0.437,1
9564,111,37.799,13.746,10.281,0.976,15.0,11.0,1.337,0.748,0.949,0
5628,113,38.627,13.735,10.475,0.952,14.422,11.0,1.311,0.763,0.93,0
4882,185,71.74,29.024,8.116,0.452,31.623,10.812,3.576,0.28,0.768,1
2111,74,31.456,10.766,8.752,0.94,11.705,9.192,1.23,0.813,0.892,0
8629,169,48.284,16.726,12.865,0.911,18.028,14.0,1.3,0.769,0.918,0
1088,94,36.87,15.065,7.944,0.869,15.811,8.485,1.896,0.527,0.908,0
1836,127,43.113,16.963,9.533,0.859,17.205,9.899,1.779,0.562,0.917,0
3034,146,72.669,25.438,7.308,0.347,29.967,11.385,3.481,0.287,0.595,1
2689,374,188.995,41.402,11.502,0.132,69.462,23.598,3.6,0.278,0.31,1
9729,205,88.225,35.195,7.416,0.331,37.577,10.733,4.746,0.211,0.637,1
2411,174,80.569,28.406,7.799,0.337,33.601,11.649,3.642,0.275,0.598,1
5550,213,99.397,37.288,7.273,0.271,42.72,11.207,5.127,0.195,0.602,1
1414,83,33.213,12.432,8.5,0.946,13.0,9.0,1.463,0.684,0.917,0
3957,273,130.024,50.468,6.887,0.203,57.201,12.396,7.328,0.136,0.517,1
2123,88,34.042,12.151,9.221,0.954,13.0,9.899,1.318,0.759,0.917,0
7195,170,73.941,29.277,7.393,0.391,31.575,10.349,3.96,0.253,0.751,1
7814,279,92.083,27.485,12.924,0.413,34.525,18.0,2.127,0.47,0.681,-1
8025,127,44.627,18.037,8.965,0.801,18.028,9.414,2.012,0.497,0.914,0
9387,236,97.64,32.289,9.306,0.311,37.59,13.088,3.47,0.288,0.584,1
2169,93,35.799,13.605,8.703,0.912,14.318,9.0,1.563,0.64,0.93,0
8028,103,38.042,14.224,9.22,0.894,14.765,9.839,1.543,0.648,0.912,0
2150,95,35.213,12.881,9.391,0.963,13.601,9.0,1.372,0.729,0.945,0
1646,99,36.042,14.252,8.844,0.958,15.0,9.192,1.612,0.621,0.938,0
9150,121,42.527,17.185,8.965,0.841,17.205,9.192,1.917,0.522,0.913,0
8825,155,53.941,23.405,8.432,0.669,23.409,9.443,2.776,0.36,0.881,0
1870,138,43.698,15.918,11.038,0.908,16.492,11.628,1.442,0.693,0.92,0
988,120,41.799,16.965,9.006,0.863,17.088,9.0,1.884,0.531,0.941,0
8451,51,28.971,11.664,5.567,0.764,12.207,6.641,2.095,0.477,0.843,-1
10341,80,32.385,12.167,8.372,0.959,13.038,9.0,1.453,0.688,0.941,0
9698,136,44.87,14.6,11.861,0.849,16.125,12.965,1.231,0.812,0.898,0
7915,82,34.042,12.647,8.255,0.889,13.601,9.0,1.532,0.653,0.901,0
7907,110,41.456,16.076,8.712,0.804,16.763,9.487,1.845,0.542,0.898,0
2293,143,57.941,22.434,8.116,0.535,24.352,9.171,2.764,0.362,0.824,1
9088,143,45.355,17.478,10.417,0.874,17.889,10.607,1.678,0.596,0.923,0
4806,176,67.941,19.413,11.544,0.479,22.804,14.849,1.682,0.595,0.678,1
4060,96,37.698,15.492,7.89,0.849,15.811,8.485,1.964,0.509,0.893,0
8605,119,39.456,14.643,10.347,0.961,15.264,11.094,1.415,0.707,0.93,0
9240,94,36.042,13.146,9.105,0.909,13.928,9.803,1.444,0.693,0.908,0
6563,112,43.456,15.721,9.071,0.745,18.028,10.0,1.733,0.577,0.882,0
989,92,35.213,13.428,8.723,0.932,13.928,9.0,1.539,0.65,0.915,0
10144,183,103.64,25.082,9.29,0.214,36.715,15.623,2.7,0.37,0.419,1
90,189,71.598,24.521,9.814,0.463,28.302,13.746,2.499,0.4,0.677,1
7777,119,40.87,14.869,10.19,0.895,15.652,10.733,1.459,0.685,0.912,0
2316,100,36.87,13.547,9.399,0.924,14.318,9.899,1.441,0.694,0.913,0
4306,177,66.527,28.241,7.98,0.503,28.284,9.465,3.539,0.283,0.788,1
9966,89,38.627,14.412,7.863,0.75,16.279,8.944,1.833,0.546,0.868,0
5856,170,71.012,25.351,8.538,0.424,26.476,11.179,2.969,0.337,0.659,1
3403,90,42.284,14.058,8.151,0.633,15.652,9.545,1.725,0.58,0.793,0
3340,271,112.468,43.807,7.877,0.269,47.539,11.7,5.562,0.18,0.582,1
7618,101,38.042,12.883,9.982,0.877,14.422,10.607,1.291,0.775,0.898,0
5833,106,38.284,13.745,9.819,0.909,14.318,10.539,1.4,0.714,0.906,0
3388,234,93.154,27.236,10.939,0.339,31.401,15.635,2.49,0.402,0.56,1
9455,111,38.627,14.176,9.97,0.935,14.56,10.0,1.422,0.703,0.929,0
9063,178,78.569,23.425,9.675,0.362,27.459,14.603,2.421,0.413,0.635,1
5887,164,71.255,27.276,7.655,0.406,28.302,10.706,3.563,0.281,0.661,1
589,389,90.083,27.737,17.857,0.602,32.802,20.661,1.553,0.644,0.835,-1
4968,195,75.397,30.492,8.143,0.431,31.89,10.607,3.745,0.267,0.728,1
1997,122,40.87,15.77,9.85,0.918,16.763,10.0,1.601,0.625,0.931,0
321,124,42.042,15.968,9.887,0.882,16.643,10.733,1.615,0.619,0.922,0
5820,173,67.255,25.954,8.487,0.481,28.653,10.981,3.058,0.327,0.747,1
511,181,85.255,29.711,7.757,0.313,35.171,12.127,3.83,0.261,0.55,1
34,140,53.355,19.451,9.164,0.618,21.84,10.0,2.123,0.471,0.833,1
1097,89,35.456,14.104,8.035,0.89,14.422,8.485,1.755,0.57,0.913,0
7950,91,35.213,13.133,8.823,0.922,13.892,9.707,1.489,0.672,0.919,0
6336,84,33.213,11.21,9.541,0.957,11.705,10.0,1.175,0.851,0.918,0
8460,230,107.154,40.057,7.311,0.252,46.573,12.614,5.479,0.183,0.56,1
63,118,42.77,17.005,8.835,0.811,17.0,9.192,1.925,0.52,0.891,0
6610,138,55.355,18.747,9.372,0.566,21.587,11.013,2.0,0.5,0.795,0
7185,165,71.497,29.512,7.119,0.406,29.53,10.282,4.146,0.241,0.653,1
1438,90,34.385,11.064,10.357,0.957,12.53,10.0,1.068,0.936,0.928,0
7430,115,43.113,15.847,9.24,0.777,17.088,10.151,1.715,0.583,0.878,0
1306,54,29.799,10.328,6.657,0.764,11.402,7.906,1.551,0.645,0.837,-1
2370,225,97.64,30.77,9.31,0.297,39.56,13.793,3.305,0.303,0.562,1
544,99,38.042,15.056,8.372,0.86,15.62,9.153,1.798,0.556,0.917,0
2361,103,36.87,13.454,9.747,0.952,14.318,10.539,1.38,0.724,0.916,0
5663,321,112.468,39.011,10.477,0.319,46.487,14.921,3.724,0.269,0.658,-1
2498,148,76.669,26.917,7.001,0.316,30.414,10.186,3.845,0.26,0.55,1
9988,230,94.953,33.596,8.717,0.321,41.183,12.928,3.854,0.259,0.673,1
4332,182,67.355,27.233,8.509,0.504,28.231,10.759,3.2,0.312,0.774,1
9645,129,42.042,15.57,10.549,0.917,16.155,11.0,1.476,0.677,0.925,0
3539,179,79.841,30.367,7.505,0.353,33.136,11.0,4.046,0.247,0.654,1
5584,185,63.941,19.742,11.931,0.569,22.804,14.849,1.655,0.604,0.779,-1
7987,96,38.284,15.335,7.971,0.823,15.811,8.485,1.924,0.52,0.897,0
4131,404,144.167,28.501,18.048,0.244,44.721,26.0,1.579,0.633,0.525,-1
890,129,42.627,15.728,10.443,0.892,17.0,11.0,1.506,0.664,0.938,0
10283,137,54.284,22.587,7.723,0.584,23.087,9.0,2.925,0.342,0.833,-1
5989,257,99.64,35.618,9.187,0.325,38.484,14.756,3.877,0.258,0.575,1
584,100,38.87,14.704,8.659,0.832,15.811,9.391,1.698,0.589,0.909,0
10539,75,32.142,12.672,7.536,0.912,12.649,7.0,1.682,0.595,0.955,0
8799,85,34.385,13.083,8.272,0.903,13.892,9.0,1.581,0.632,0.924,0
7608,112,38.87,14.084,10.125,0.932,15.297,10.0,1.391,0.719,0.929,0
882,482,80.669,24.925,24.622,0.931,26.401,25.0,1.012,0.988,0.946,-1
3043,134,70.77,25.466,6.7,0.336,29.275,9.0,3.801,0.263,0.629,1
6157,205,83.497,29.487,8.852,0.37,34.366,11.731,3.331,0.3,0.681,1
3395,231,94.569,32.827,8.96,0.325,34.986,13.587,3.664,0.273,0.553,1
5740,111,38.284,14.268,9.906,0.952,15.232,10.607,1.44,0.694,0.921,0
9474,122,41.456,14.18,10.954,0.892,15.264,11.833,1.294,0.773,0.904,0
1705,112,38.042,14.124,10.097,0.973,14.866,10.0,1.399,0.715,0.937,0
6604,135,49.698,18.076,9.509,0.687,20.248,10.298,1.901,0.526,0.857,0
3280,184,80.669,26.041,8.997,0.355,31.257,13.236,2.895,0.345,0.622,1
5456,131,53.113,20.616,8.09,0.584,23.259,10.539,2.548,0.392,0.816,1
2468,195,89.983,33.291,7.458,0.303,37.643,12.182,4.464,0.224,0.544,1
7877,99,38.042,14.734,8.555,0.86,15.524,9.0,1.722,0.581,0.9,0
6691,242,95.64,26.385,11.678,0.332,35.693,17.544,2.259,0.443,0.597,1
5954,172,70.083,27.562,7.946,0.44,29.682,10.733,3.469,0.288,0.698,1
6520,243,87.983,31.573,9.799,0.394,37.014,13.435,3.222,0.31,0.696,1
5467,170,78.083,28.726,7.535,0.35,32.45,9.899,3.812,0.262,0.627,1
2701,96,36.627,13.172,9.28,0.899,13.892,9.839,1.419,0.705,0.91,0
8870,168,61.456,26.986,7.926,0.559,25.495,8.344,3.405,0.294,0.87,-1
4985,191,77.841,29.922,8.127,0.396,32.14,10.879,3.682,0.272,0.713,1
700,84,45.698,19.061,5.611,0.505,19.313,7.985,3.397,0.294,0.718,-1
161,213,88.912,35.681,7.601,0.339,37.483,10.607,4.694,0.213,0.666,1
1086,115,39.799,15.728,9.31,0.912,15.811,9.0,1.689,0.592,0.943,0
4978,160,69.113,27.712,7.351,0.421,29.12,10.217,3.77,0.265,0.716,1
10389,88,34.87,13.592,8.244,0.909,13.892,8.944,1.649,0.607,0.903,0
9796,257,105.154,37.415,8.746,0.292,42.953,12.844,4.278,0.234,0.62,1
29,210,89.983,32.949,8.115,0.326,35.511,12.148,4.06,0.246,0.579,1
10515,53,25.556,9.221,7.318,1.0,10.0,7.778,1.26,0.794,0.938,0
6910,81,32.627,12.05,8.559,0.956,12.649,9.0,1.408,0.71,0.905,0
8078,84,33.213,12.816,8.345,0.957,13.342,8.0,1.536,0.651,0.933,0
9559,113,39.456,14.204,10.129,0.912,15.0,10.607,1.402,0.713,0.919,0
3898,263,119.397,30.838,10.859,0.232,48.836,18.79,2.84,0.352,0.445,1
1171,105,38.87,16.092,8.308,0.873,16.643,9.192,1.937,0.516,0.921,0
10508,76,32.284,11.924,8.116,0.916,12.53,8.485,1.469,0.681,0.879,0
2156,83,33.213,12.118,8.721,0.946,12.649,9.0,1.39,0.72,0.917,0
5566,172,64.184,25.036,8.747,0.525,25.962,10.965,2.862,0.349,0.785,1
3722,207,81.497,30.47,8.65,0.392,34.132,12.24,3.523,0.284,0.652,1
4747,63,31.556,12.914,6.211,0.795,13.342,6.0,2.079,0.481,0.926,0
4328,189,78.569,31.162,7.722,0.385,35.0,10.796,4.035,0.248,0.72,1
1632,129,42.527,15.872,10.348,0.896,16.763,11.18,1.534,0.652,0.908,0
9291,228,89.497,32.289,8.991,0.358,36.497,12.322,3.591,0.278,0.693,1
2208,102,36.87,13.696,9.482,0.943,14.318,9.899,1.444,0.692,0.923,0
7989,116,42.284,17.135,8.62,0.815,17.889,9.656,1.988,0.503,0.896,0
2115,78,32.385,11.65,8.525,0.935,12.53,9.0,1.367,0.732,0.918,0
7753,202,82.326,32.201,7.987,0.375,35.847,11.885,4.032,0.248,0.691,1
3292,241,88.083,32.101,9.559,0.39,34.67,13.864,3.358,0.298,0.662,1
2525,124,41.799,16.664,9.475,0.892,16.763,9.0,1.759,0.569,0.954,0
741,197,95.941,38.515,6.513,0.269,42.755,9.791,5.914,0.169,0.644,1
8649,147,56.184,25.161,7.439,0.585,24.597,8.31,3.382,0.296,0.862,0
1970,128,42.385,16.844,9.676,0.895,16.763,9.0,1.741,0.574,0.962,0
1761,146,46.527,17.941,10.361,0.848,18.358,11.0,1.732,0.578,0.91,0
9498,227,84.083,22.895,12.624,0.403,28.46,16.916,1.814,0.551,0.657,-1
6681,185,73.941,29.857,7.889,0.425,30.676,10.309,3.785,0.264,0.749,1
8918,100,39.698,13.694,9.298,0.797,15.652,10.254,1.473,0.679,0.851,0
9136,116,40.042,14.484,10.197,0.909,14.866,11.0,1.42,0.704,0.903,0
8554,123,41.456,14.432,10.852,0.899,15.62,11.628,1.33,0.752,0.908,0
9562,116,39.456,13.856,10.659,0.936,14.765,11.314,1.3,0.769,0.921,0
1627,131,44.284,17.854,9.342,0.839,18.358,10.262,1.911,0.523,0.926,0
2547,434,173.238,31.383,17.608,0.182,48.6,31.889,1.782,0.561,0.423,-1
3115,216,105.054,34.98,7.862,0.246,42.297,12.005,4.449,0.225,0.516,1
10271,68,29.799,11.14,7.772,0.962,11.705,8.0,1.433,0.698,0.919,0
6023,156,63.598,23.931,8.3,0.485,26.249,10.867,2.883,0.347,0.748,1
9152,76,30.971,10.321,9.375,0.996,11.18,9.0,1.101,0.908,0.938,0
1797,116,40.627,15.511,9.522,0.883,15.811,9.944,1.629,0.614,0.921,0
1038,119,43.355,17.374,8.721,0.796,17.889,9.347,1.992,0.502,0.878,0
2930,174,79.012,32.613,6.793,0.35,33.242,10.324,4.801,0.208,0.667,1
3415,200,82.426,32.512,7.832,0.37,33.377,10.111,4.151,0.241,0.68,1
6805,176,75.012,27.29,8.211,0.393,30.067,12.0,3.323,0.301,0.646,1
1871,134,44.527,15.437,11.052,0.849,16.155,11.628,1.397,0.716,0.896,0
9955,55,27.799,10.228,6.847,0.894,11.18,7.589,1.494,0.669,0.887,0
324,261,106.125,33.871,9.811,0.291,40.608,16.279,3.452,0.29,0.534,1
3614,193,87.497,28.664,8.573,0.317,33.541,14.066,3.344,0.299,0.563,1
4380,186,72.669,28.928,8.186,0.443,32.249,11.545,3.534,0.283,0.738,1
7832,204,95.012,37.24,6.975,0.284,41.761,10.983,5.339,0.187,0.637,1
5429,189,80.326,30.844,7.802,0.368,32.202,11.192,3.953,0.253,0.63,1
5945,152,68.083,27.668,6.995,0.412,29.682,10.243,3.955,0.253,0.697,1
1447,91,35.456,13.496,8.585,0.91,14.318,9.192,1.572,0.636,0.915,0
9665,303,130.853,20.959,18.407,0.222,36.056,27.215,1.139,0.878,0.495,1
637,94,36.627,14.654,8.167,0.88,15.264,8.944,1.794,0.557,0.926,0
7691,68,34.042,12.225,7.082,0.737,13.892,8.485,1.726,0.579,0.824,0
5290,109,37.456,13.379,10.373,0.976,14.318,11.0,1.29,0.775,0.92,0
7491,196,55.355,21.584,11.562,0.804,22.204,12.481,1.867,0.536,0.901,0
9161,88,34.042,12.108,9.254,0.954,13.0,9.839,1.309,0.764,0.907,0
7609,118,40.627,14.57,10.312,0.898,15.62,11.0,1.413,0.708,0.925,0
3915,171,73.255,26.247,8.295,0.4,27.295,11.549,3.164,0.316,0.655,1
1431,127,42.627,15.686,10.309,0.878,15.811,10.0,1.522,0.657,0.937,0
10234,181,99.74,27.407,8.409,0.229,36.359,13.573,3.259,0.307,0.464,1
8532,224,65.698,28.158,10.129,0.652,27.295,10.738,2.78,0.36,0.882,0
8619,180,52.527,20.533,11.162,0.82,20.881,11.7,1.84,0.544,0.905,-1
2895,55,36.042,11.911,5.879,0.532,13.601,7.778,2.026,0.494,0.705,-1
6224,187,74.083,29.344,8.114,0.428,30.61,11.489,3.616,0.277,0.674,1
3773,194,84.912,33.952,7.275,0.338,34.67,10.755,4.667,0.214,0.586,1
150,115,40.87,15.824,9.253,0.865,16.553,10.262,1.71,0.585,0.913,0
3950,171,78.569,31.755,6.856,0.348,32.202,10.208,4.631,0.216,0.612,1
7964,93,36.385,14.178,8.352,0.883,14.318,8.0,1.698,0.589,0.935,0
4413,153,61.113,22.504,8.656,0.515,24.739,11.0,2.6,0.385,0.754,1
10423,86,34.385,11.959,9.156,0.914,13.038,9.803,1.306,0.766,0.915,0
9041,98,36.627,13.847,9.011,0.918,14.318,9.803,1.537,0.651,0.92,0
2920,274,106.125,41.392,8.428,0.306,42.802,14.746,4.911,0.204,0.564,1
2092,134,65.012,24.727,6.9,0.398,28.636,9.171,3.584,0.279,0.73,1
7451,52,44.284,19.68,3.364,0.333,20.248,5.27,5.849,0.171,0.671,-1
423,109,40.042,15.581,8.907,0.854,15.811,9.701,1.749,0.572,0.901,0
6059,211,95.983,31.761,8.459,0.288,36.056,14.136,3.755,0.266,0.508,1
3903,199,95.983,31.906,7.941,0.271,39.623,11.924,4.018,0.249,0.531,1
4240,163,72.527,27.942,7.427,0.389,30.265,10.0,3.762,0.266,0.712,1
7390,121,46.87,17.148,8.984,0.692,19.647,9.0,1.909,0.524,0.893,0
3962,217,106.711,32.139,8.597,0.239,42.154,14.644,3.738,0.267,0.457,1
6983,415,160.066,42.762,12.357,0.204,65.299,21.279,3.461,0.289,0.445,-1
3621,189,81.598,27.337,8.803,0.357,29.614,12.776,3.106,0.322,0.604,1
8352,114,41.213,16.464,8.816,0.843,16.763,9.0,1.867,0.535,0.931,0
422,119,42.627,17.01,8.908,0.823,17.088,9.459,1.91,0.524,0.915,0
3126,96,37.456,13.817,8.846,0.86,15.652,9.899,1.562,0.64,0.91,0
7292,211,89.397,29.765,9.026,0.332,35.468,14.546,3.298,0.303,0.592,1
5045,150,46.042,16.39,11.653,0.889,17.889,12.0,1.407,0.711,0.929,0
3045,104,38.042,14.668,9.028,0.903,15.232,9.701,1.625,0.615,0.912,0
9814,278,115.196,34.514,10.256,0.263,45.486,15.95,3.365,0.297,0.51,1
2540,63,29.213,10.639,7.54,0.928,11.402,8.4,1.411,0.709,0.881,0
7896,83,34.627,12.739,8.296,0.87,13.342,8.854,1.536,0.651,0.892,0
4640,200,83.983,32.397,7.86,0.356,36.878,10.607,4.122,0.243,0.656,1
9145,193,80.569,23.034,10.668,0.374,27.459,16.475,2.159,0.463,0.592,1
128,92,38.284,12.553,9.331,0.789,13.928,10.748,1.345,0.743,0.856,-1
9717,187,84.669,30.156,7.895,0.328,32.14,11.709,3.82,0.262,0.572,1
9245,85,34.042,11.934,9.069,0.922,13.0,9.899,1.316,0.76,0.899,0
843,59,27.556,10.133,7.414,0.976,10.77,7.0,1.367,0.732,0.937,0
7808,113,39.213,14.71,9.781,0.923,15.264,10.0,1.504,0.665,0.942,0
7419,158,75.983,29.993,6.707,0.344,34.205,9.899,4.472,0.224,0.691,1
1452,98,36.87,12.638,9.873,0.906,13.342,10.607,1.28,0.781,0.895,0
3707,192,96.811,29.255,8.356,0.257,38.833,13.89,3.501,0.286,0.53,1
2137,108,38.627,14.534,9.461,0.91,15.297,9.0,1.536,0.651,0.939,0
2358,202,93.154,30.986,8.3,0.293,38.328,13.0,3.733,0.268,0.596,1
6037,253,112.125,34.959,9.215,0.253,44.385,14.562,3.794,0.264,0.477,1
8020,102,38.042,14.25,9.114,0.886,14.866,10.0,1.563,0.64,0.903,0
10328,92,35.213,13.6,8.613,0.932,14.422,9.192,1.579,0.633,0.939,0
6518,115,45.113,16.877,8.676,0.71,19.105,9.899,1.945,0.514,0.852,0
956,141,63.355,25.773,6.966,0.441,26.926,9.391,3.7,0.27,0.77,1
9580,103,40.042,14.054,9.331,0.807,15.297,9.979,1.506,0.664,0.88,0
9106,139,42.87,16.12,10.979,0.95,16.763,11.0,1.468,0.681,0.936,0
7144,209,111.539,32.526,8.181,0.211,37.121,13.766,3.976,0.252,0.517,1
9020,117,40.042,14.74,10.106,0.917,15.264,10.733,1.458,0.686,0.929,0
4340,174,70.77,28.07,7.893,0.437,30.364,10.719,3.557,0.281,0.753,1
400,142,47.698,18.756,9.639,0.784,19.313,10.733,1.946,0.514,0.907,0
905,59,26.971,9.232,8.137,1.0,9.849,8.0,1.134,0.881,0.929,0
9943,207,108.953,35.311,7.464,0.219,43.566,12.257,4.731,0.211,0.445,1
6377,207,80.669,24.866,10.599,0.4,27.857,13.396,2.346,0.426,0.68,1
6450,157,64.77,24.345,8.211,0.47,25.962,11.179,2.965,0.337,0.73,1
3821,178,87.154,30.004,7.554,0.294,34.059,10.806,3.972,0.252,0.571,1
8189,246,116.125,29.712,10.542,0.229,38.118,15.939,2.818,0.355,0.487,-1
9113,451,200.894,30.438,18.865,0.14,49.649,34.969,1.613,0.62,0.397,-1
2516,102,36.042,12.566,10.335,0.987,13.416,10.607,1.216,0.822,0.936,0
7551,110,38.87,13.901,10.075,0.915,14.765,10.607,1.38,0.725,0.909,0
6671,174,78.77,31.51,7.031,0.352,33.242,10.0,4.482,0.223,0.69,1
5121,171,61.598,22.482,9.684,0.566,26.0,11.399,2.321,0.431,0.81,1
7694,191,78.669,31.61,7.693,0.388,31.78,11.178,4.109,0.243,0.636,1
4081,133,42.87,15.623,10.84,0.909,16.553,11.926,1.441,0.694,0.924,0
1661,133,44.284,17.278,9.801,0.852,18.028,10.429,1.763,0.567,0.917,0
975,201,83.397,37.794,6.771,0.363,37.443,9.646,5.581,0.179,0.697,1
7281,138,60.426,23.956,7.335,0.475,26.401,10.327,3.266,0.306,0.723,1
5206,109,41.698,15.261,9.094,0.788,17.493,9.899,1.678,0.596,0.876,0
3019,245,105.497,30.917,10.09,0.277,37.162,15.229,3.064,0.326,0.568,1
4397,117,40.87,15.104,9.863,0.88,15.524,10.0,1.531,0.653,0.918,0
1153,104,38.284,14.26,9.286,0.892,14.866,10.0,1.536,0.651,0.904,0
5445,143,73.497,27.556,6.607,0.333,31.828,10.678,4.171,0.24,0.56,1
3290,147,60.627,24.579,7.615,0.503,26.306,9.0,3.228,0.31,0.847,1
402,148,51.941,19.712,9.56,0.689,21.471,10.817,2.062,0.485,0.853,1
3879,184,79.497,30.322,7.726,0.366,32.311,11.14,3.924,0.255,0.626,1
524,198,87.983,35.006,7.202,0.321,36.715,9.901,4.861,0.206,0.622,1
4033,200,82.083,28.506,8.933,0.373,32.65,11.926,3.191,0.313,0.615,1
5303,100,36.627,12.92,9.855,0.937,13.892,10.607,1.311,0.763,0.926,0
629,64,28.142,9.812,8.305,1.0,10.817,8.0,1.181,0.846,0.955,0
3303,227,97.397,33.235,8.696,0.301,38.21,12.0,3.822,0.262,0.596,1
4953,176,69.598,25.952,8.635,0.457,28.844,12.083,3.005,0.333,0.729,1
9103,255,96.569,32.27,10.061,0.344,35.777,16.527,3.207,0.312,0.578,1
513,143,47.113,18.315,9.941,0.81,18.868,11.314,1.842,0.543,0.908,0
4142,148,54.527,19.427,9.7,0.626,20.809,12.054,2.003,0.499,0.779,1
6400,280,113.397,39.552,9.014,0.274,44.011,12.627,4.388,0.228,0.653,-1
3096,213,109.882,30.587,8.867,0.222,35.511,16.524,3.45,0.29,0.483,1
9847,236,87.983,32.463,9.256,0.383,36.359,12.355,3.507,0.285,0.653,1
3602,226,94.326,30.818,9.337,0.319,36.688,12.643,3.301,0.303,0.629,1
9979,193,80.569,28.913,8.499,0.374,33.121,12.969,3.402,0.294,0.643,1
4231,192,69.113,27.71,8.822,0.505,29.614,10.407,3.141,0.318,0.805,1
4949,250,120.125,32.142,9.903,0.218,45.188,16.469,3.246,0.308,0.427,1
6718,478,169.681,41.217,14.766,0.209,53.6,28.0,2.791,0.358,0.475,-1
10120,232,106.711,40.287,7.332,0.256,46.519,10.61,5.495,0.182,0.611,1
4533,247,97.054,36.882,8.527,0.33,39.661,11.968,4.325,0.231,0.603,1
4156,124,40.284,14.589,10.822,0.96,15.264,11.314,1.348,0.742,0.922,0
1033,111,41.113,16.473,8.58,0.825,16.643,9.192,1.92,0.521,0.899,0
237,148,58.527,21.086,8.937,0.543,24.042,11.175,2.359,0.424,0.791,1
8971,112,38.627,14.565,9.791,0.943,15.232,10.0,1.488,0.672,0.929,0
7538,97,36.042,12.733,9.7,0.938,13.601,10.607,1.313,0.762,0.898,0
3956,281,120.711,43.285,8.266,0.242,44.385,15.541,5.237,0.191,0.506,1
2043,93,35.213,13.11,9.032,0.943,13.928,9.0,1.452,0.689,0.935,0
4217,179,73.74,28.265,8.063,0.414,30.529,10.806,3.505,0.285,0.672,1
4358,170,66.912,23.557,9.188,0.477,26.926,12.438,2.564,0.39,0.722,1
9394,178,82.326,26.517,8.547,0.33,33.377,12.406,3.103,0.322,0.609,1
4010,216,81.74,31.07,8.852,0.406,35.228,12.402,3.51,0.285,0.704,1
6963,236,97.054,35.54,8.455,0.315,40.46,12.021,4.204,0.238,0.617,1
1686,150,46.87,17.847,10.701,0.858,18.358,11.18,1.668,0.6,0.92,0
1301,169,69.012,25.517,8.433,0.446,25.71,10.791,3.026,0.33,0.73,1
6379,250,94.811,36.931,8.619,0.349,40.361,11.8,4.285,0.233,0.649,-1
635,113,40.627,16.105,8.933,0.86,16.553,9.487,1.803,0.555,0.919,0
4189,123,40.627,15.688,9.982,0.936,16.155,10.0,1.572,0.636,0.939,0
2957,236,114.225,35.47,8.472,0.227,44.407,13.594,4.187,0.239,0.44,1
7157,185,94.083,33.412,7.05,0.263,38.275,9.967,4.739,0.211,0.555,1
8259,90,34.627,12.919,8.87,0.943,13.342,9.0,1.456,0.687,0.914,0
4722,123,40.627,15.13,10.351,0.936,15.524,10.0,1.462,0.684,0.939,0
8470,170,69.154,23.516,9.205,0.447,27.857,13.284,2.555,0.391,0.704,1
10295,100,51.355,18.597,6.847,0.476,22.472,9.487,2.716,0.368,0.733,1
3818,168,70.669,25.725,8.315,0.423,28.425,11.306,3.094,0.323,0.684,1
7651,172,90.125,36.918,5.932,0.266,41.231,9.192,6.224,0.161,0.619,1
593,100,38.627,15.51,8.209,0.842,15.811,8.825,1.889,0.529,0.901,0
9490,289,95.054,25.391,14.492,0.402,31.623,20.785,1.752,0.571,0.637,-1
2801,256,111.539,37.293,8.74,0.259,45.618,13.113,4.267,0.234,0.561,1
2247,88,33.799,11.773,9.517,0.968,12.53,10.0,1.237,0.808,0.926,0
3118,65,56.042,21.699,3.814,0.26,24.515,6.081,5.689,0.176,0.565,-1
4759,104,40.87,14.152,9.356,0.782,15.652,10.0,1.513,0.661,0.881,0
4606,184,74.083,28.618,8.186,0.421,31.305,11.481,3.496,0.286,0.724,1
2441,239,100.326,32.649,9.32,0.298,38.471,13.757,3.503,0.285,0.558,1
7297,167,70.426,28.861,7.367,0.423,30.364,10.279,3.917,0.255,0.715,1
7515,103,36.627,14.01,9.361,0.965,15.0,9.899,1.497,0.668,0.941,0
7534,106,37.456,13.553,9.958,0.949,14.318,10.607,1.361,0.735,0.926,0
7906,77,32.385,12.247,8.005,0.923,12.649,8.0,1.53,0.654,0.933,0
6877,131,56.184,20.72,8.05,0.522,24.083,9.923,2.574,0.389,0.777,1
5551,217,89.054,35.829,7.711,0.344,37.443,11.796,4.646,0.215,0.604,1
4273,188,80.426,30.346,7.888,0.365,32.757,10.973,3.847,0.26,0.643,1
6975,362,129.296,42.624,10.813,0.272,51.478,18.236,3.942,0.254,0.554,-1
10528,72,32.042,13.086,7.005,0.881,13.892,7.778,1.868,0.535,0.9,0
7458,219,99.539,40.176,6.94,0.278,41.869,11.22,5.789,0.173,0.543,1
10017,112,38.627,13.947,10.225,0.943,14.56,10.0,1.364,0.733,0.937,0
2181,94,35.213,13.399,8.932,0.953,13.928,9.0,1.5,0.667,0.931,0
3341,229,111.497,34.683,8.407,0.231,42.45,14.605,4.126,0.242,0.526,1
8373,101,37.456,14.657,8.774,0.905,15.232,9.47,1.67,0.599,0.91,0
4780,64,36.284,9.863,8.262,0.611,12.042,9.803,1.194,0.838,0.762,-1
3450,206,84.225,34.781,7.541,0.365,36.878,10.911,4.612,0.217,0.696,1
1098,91,36.627,14.724,7.869,0.852,14.866,8.22,1.871,0.534,0.888,0
10173,205,100.083,36.52,7.147,0.257,42.426,11.0,5.11,0.196,0.564,1
173,211,101.64,34.416,7.806,0.257,41.195,12.362,4.409,0.227,0.499,1
5017,129,40.87,13.949,11.775,0.97,14.765,12.0,1.185,0.844,0.928,0
4154,130,53.598,20.184,8.201,0.569,22.472,10.262,2.461,0.406,0.823,1
4808,173,71.012,25.914,8.5,0.431,27.459,11.0,3.049,0.328,0.691,1
8435,103,39.456,15.83,8.284,0.831,16.643,8.944,1.911,0.523,0.904,0
824,101,38.042,15.012,8.566,0.877,15.811,9.192,1.752,0.571,0.922,0
5059,178,56.77,22.206,10.206,0.694,23.324,12.522,2.176,0.46,0.866,-1
588,149,65.598,24.256,7.821,0.435,26.926,11.051,3.101,0.322,0.688,1
7859,105,41.456,15.826,8.447,0.768,17.029,9.285,1.874,0.534,0.871,0
8654,109,39.213,15.331,9.052,0.891,15.811,9.0,1.694,0.59,0.936,0
2065,102,38.042,15.198,8.545,0.886,15.524,9.0,1.779,0.562,0.911,0
5400,110,39.456,14.969,9.357,0.888,15.652,10.119,1.6,0.625,0.913,0
3989,134,44.042,15.789,10.806,0.868,16.492,11.0,1.461,0.684,0.924,0
5955,198,82.083,26.473,9.523,0.369,31.241,13.365,2.78,0.36,0.614,1
1492,120,40.627,15.277,10.001,0.914,15.811,10.0,1.528,0.655,0.934,0
9274,112,39.799,15.631,9.123,0.889,15.811,9.0,1.713,0.584,0.937,0
9348,104,38.042,13.378,9.898,0.903,14.56,10.0,1.352,0.74,0.912,0
2199,93,35.456,12.99,9.115,0.93,13.601,9.944,1.425,0.702,0.899,0
8652,299,82.77,35.886,10.609,0.548,34.713,12.944,3.383,0.296,0.865,-1
7077,189,76.669,32.694,7.361,0.404,32.894,10.56,4.442,0.225,0.674,1
8145,103,37.456,14.29,9.177,0.923,15.0,9.899,1.557,0.642,0.92,0
9363,258,104.569,30.829,10.656,0.297,36.878,17.365,2.893,0.346,0.532,1
6223,245,102.569,38.484,8.106,0.293,44.011,11.524,4.748,0.211,0.592,1
6726,178,68.669,27.725,8.175,0.474,29.732,11.314,3.392,0.295,0.73,1
169,207,89.397,29.245,9.012,0.325,32.016,13.264,3.245,0.308,0.602,1
6275,217,84.326,29.569,9.344,0.383,32.202,13.0,3.164,0.316,0.618,1
8871,223,90.083,27.413,10.358,0.345,31.953,15.215,2.647,0.378,0.57,1
1212,101,38.284,14.486,8.877,0.866,15.232,9.656,1.632,0.613,0.882,0
8884,220,84.426,30.784,9.099,0.388,35.511,12.013,3.383,0.296,0.704,1
2826,130,43.113,14.787,11.194,0.879,16.492,11.963,1.321,0.757,0.9,0
4485,123,52.527,20.148,7.773,0.56,22.472,10.066,2.592,0.386,0.804,1
3262,446,146.51,29.532,19.229,0.261,44.272,30.087,1.536,0.651,0.528,-1
5602,250,64.426,20.745,15.344,0.757,23.409,17.441,1.352,0.74,0.858,-1
3202,219,91.397,34.039,8.192,0.329,37.537,12.021,4.155,0.241,0.603,1
1514,104,37.456,13.768,9.618,0.932,14.56,10.0,1.432,0.699,0.912,0
9719,62,27.799,9.001,8.77,1.0,9.849,9.0,1.026,0.974,0.919,0
9747,211,84.811,31.339,8.573,0.369,32.45,12.289,3.656,0.274,0.622,1
9300,163,74.669,30.395,6.828,0.367,30.806,9.276,4.451,0.225,0.667,1
8970,80,31.799,11.262,9.044,0.994,12.083,9.0,1.245,0.803,0.925,0
2800,220,93.64,33.926,8.257,0.315,37.121,11.863,4.109,0.243,0.589,1
9419,267,118.225,41.232,8.245,0.24,47.17,13.2,5.001,0.2,0.506,1
6796,266,115.397,33.054,10.246,0.251,39.319,18.19,3.226,0.31,0.442,1
6105,204,93.154,34.838,7.456,0.295,40.311,11.18,4.673,0.214,0.574,1
2820,121,40.385,14.675,10.498,0.932,14.866,10.0,1.398,0.715,0.949,0
10181,172,82.912,29.136,7.516,0.314,33.015,12.278,3.876,0.258,0.545,1
6505,150,58.77,22.358,8.542,0.546,23.537,11.0,2.617,0.382,0.796,1
838,116,38.627,13.417,11.008,0.977,14.765,11.0,1.219,0.82,0.943,0
829,89,35.213,13.58,8.344,0.902,14.213,9.192,1.627,0.614,0.918,0
5880,187,92.468,33.564,7.094,0.275,36.892,10.947,4.732,0.211,0.579,1
9084,140,44.527,17.164,10.385,0.887,17.493,10.607,1.653,0.605,0.921,0
4274,197,79.983,32.868,7.631,0.387,34.409,10.786,4.307,0.232,0.659,1
7117,126,50.527,19.89,8.066,0.62,19.723,9.911,2.466,0.406,0.805,-1
3557,227,100.468,40.815,7.081,0.283,44.294,10.571,5.764,0.173,0.609,1
5533,203,82.326,33.427,7.732,0.376,35.805,11.015,4.323,0.231,0.71,1
10131,117,47.941,17.413,8.555,0.64,18.439,10.0,2.035,0.491,0.818,-1
8313,98,37.213,13.526,9.225,0.889,14.765,10.0,1.466,0.682,0.903,0
6991,162,62.184,22.742,9.07,0.526,24.698,12.474,2.507,0.399,0.735,1
3516,190,67.841,21.743,11.126,0.519,23.601,13.833,1.954,0.512,0.758,-1
8812,142,48.87,21.059,8.585,0.747,20.881,9.021,2.453,0.408,0.91,0
10512,82,34.142,13.775,7.579,0.884,13.928,7.0,1.817,0.55,0.965,0
2760,160,61.255,25.379,8.027,0.536,27.019,10.2,3.162,0.316,0.78,1
4587,151,64.426,24.528,7.838,0.457,26.926,10.955,3.129,0.32,0.702,1
2135,90,33.799,12.322,9.3,0.99,13.0,9.0,1.325,0.755,0.938,0
4989,222,91.154,31.886,8.865,0.336,37.014,13.118,3.597,0.278,0.644,1
330,200,74.77,28.156,9.044,0.45,31.145,11.0,3.113,0.321,0.766,1
3752,220,85.154,28.667,9.771,0.381,30.594,12.896,2.934,0.341,0.689,1
2348,215,97.054,33.446,8.185,0.287,39.56,12.112,4.086,0.245,0.535,1
2774,116,40.042,15.223,9.702,0.909,15.811,10.0,1.569,0.637,0.921,0
1382,128,42.042,15.679,10.395,0.91,16.155,11.0,1.508,0.663,0.931,0
6259,229,108.912,41.437,7.037,0.243,48.703,11.7,5.889,0.17,0.568,1
3876,221,97.64,40.916,6.877,0.291,42.544,10.286,5.95,0.168,0.649,1
8749,104,38.042,14.103,9.389,0.903,14.866,10.0,1.502,0.666,0.916,0
2815,106,38.284,13.727,9.832,0.909,14.422,10.607,1.396,0.716,0.898,0
2239,80,32.385,12.313,8.272,0.959,13.038,8.854,1.488,0.672,0.93,0
51,258,121.74,45.238,7.262,0.219,53.151,11.0,6.23,0.161,0.548,1
3927,189,85.255,32.263,7.459,0.327,35.735,10.521,4.325,0.231,0.661,1
2160,99,36.627,13.2,9.549,0.927,13.928,10.0,1.382,0.723,0.917,0
4201,208,83.154,30.459,8.695,0.378,33.121,12.348,3.503,0.285,0.627,1
807,111,42.042,16.744,8.44,0.789,16.763,9.171,1.984,0.504,0.884,0
15,170,68.77,27.716,7.81,0.452,28.636,10.0,3.549,0.282,0.751,1
5127,215,86.77,35.753,7.657,0.359,37.336,10.0,4.67,0.214,0.736,1
9624,206,101.397,31.959,8.207,0.252,40.792,13.793,3.894,0.257,0.509,1
6160,50,35.556,15.758,4.04,0.497,15.297,5.0,3.901,0.256,0.82,-1
6206,187,80.912,27.345,8.707,0.359,32.696,12.94,3.14,0.318,0.636,1
5042,257,68.77,26.95,12.142,0.683,26.476,12.892,2.22,0.451,0.877,-1
6325,111,38.87,14.792,9.554,0.923,15.811,10.0,1.548,0.646,0.921,0
6056,167,72.083,25.616,8.301,0.404,29.206,11.314,3.086,0.324,0.683,1
1186,81,32.385,11.914,8.657,0.971,12.806,9.192,1.376,0.727,0.942,0
2398,167,81.64,32.418,6.559,0.315,36.125,9.899,4.943,0.202,0.628,1
6317,343,90.811,23.867,18.298,0.523,28.16,20.506,1.304,0.767,0.784,-1
6844,224,95.983,34.916,8.168,0.306,38.897,13.504,4.275,0.234,0.552,1
5760,113,39.456,14.336,10.036,0.912,14.866,10.733,1.428,0.7,0.919,0
6940,191,84.912,31.223,7.789,0.333,34.234,11.172,4.009,0.249,0.59,1
9237,311,75.012,30.163,13.128,0.695,31.765,14.41,2.298,0.435,0.901,-1
7540,135,46.87,18.726,9.179,0.772,19.313,9.928,2.04,0.49,0.877,0
6704,189,76.184,31.317,7.684,0.409,32.14,10.0,4.075,0.245,0.731,1
8980,156,65.598,24.209,8.205,0.456,26.173,10.865,2.951,0.339,0.709,1
7343,180,81.154,26.103,8.78,0.343,32.65,12.965,2.973,0.336,0.624,1
3674,248,105.539,27.865,11.332,0.28,34.54,16.628,2.459,0.407,0.52,1
7078,259,105.782,35.205,9.367,0.291,39.661,15.4,3.758,0.266,0.511,1
4497,110,40.042,15.011,9.33,0.862,15.811,9.839,1.609,0.622,0.913,0
7625,140,60.184,17.685,10.08,0.486,22.825,13.14,1.755,0.57,0.695,1
4649,166,69.255,25.97,8.139,0.435,28.231,11.384,3.191,0.313,0.7,1
263,232,109.397,29.222,10.109,0.244,36.359,16.32,2.891,0.346,0.46,1
3444,179,81.154,27.531,8.278,0.342,32.757,11.043,3.326,0.301,0.627,1
10048,216,96.468,30.165,9.117,0.292,36.497,14.35,3.309,0.302,0.546,1
10438,96,36.042,14.341,8.523,0.929,14.866,9.0,1.683,0.594,0.923,0
8256,93,36.042,13.955,8.485,0.9,14.422,9.153,1.645,0.608,0.912,0
1022,120,43.799,18.345,8.329,0.786,18.248,8.0,2.203,0.454,0.938,0
5637,134,46.527,16.224,10.516,0.778,17.088,11.292,1.543,0.648,0.882,0
7194,236,104.125,32.592,9.22,0.274,37.802,13.864,3.535,0.283,0.529,1
2082,146,62.77,24.527,7.579,0.466,26.571,10.171,3.236,0.309,0.756,1
116,184,75.497,23.733,9.871,0.406,27.313,15.47,2.404,0.416,0.62,1
2602,252,101.296,42.06,7.629,0.309,43.046,10.547,5.514,0.181,0.62,1
5302,94,36.042,13.02,9.193,0.909,13.892,9.899,1.416,0.706,0.908,0
2707,190,65.255,26.109,9.266,0.561,27.203,11.926,2.818,0.355,0.772,1
6808,187,80.184,24.773,9.611,0.365,30.083,13.821,2.578,0.388,0.583,1
1964,87,34.042,11.236,9.859,0.943,12.083,10.539,1.14,0.877,0.902,0
7944,86,35.213,14.096,7.768,0.872,14.765,8.854,1.815,0.551,0.925,0
6657,145,55.598,22.381,8.249,0.589,23.854,11.116,2.713,0.369,0.782,1
7675,298,112.711,30.009,12.644,0.295,42.953,19.858,2.373,0.421,0.526,-1
4322,174,72.912,19.792,11.193,0.411,25.807,16.338,1.768,0.566,0.628,1
6279,260,103.64,34.767,9.522,0.304,43.278,14.121,3.651,0.274,0.555,1
3112,167,74.426,25.997,8.179,0.379,26.476,11.04,3.179,0.315,0.635,1
4165,114,38.87,14.434,10.056,0.948,15.232,10.607,1.435,0.697,0.934,0
9454,129,42.042,15.366,10.689,0.917,15.811,11.0,1.438,0.696,0.921,0
9576,218,104.711,39.419,7.041,0.25,44.944,11.094,5.598,0.179,0.513,1
5199,212,91.154,35.534,7.596,0.321,37.59,11.287,4.678,0.214,0.641,-1
9799,194,77.012,24.905,9.918,0.411,30.414,13.992,2.511,0.398,0.695,1
7124,206,82.912,34.905,7.514,0.377,35.468,10.748,4.645,0.215,0.683,1
7252,151,67.255,25.232,7.62,0.42,28.601,11.267,3.311,0.302,0.688,1
8518,135,42.87,13.988,12.289,0.923,14.866,12.965,1.138,0.879,0.918,0
865,97,36.042,13.222,9.34,0.938,13.892,9.899,1.416,0.706,0.924,0
6143,167,83.012,31.267,6.801,0.305,34.234,9.758,4.598,0.218,0.569,1
7733,56,30.971,12.572,5.672,0.734,13.416,6.548,2.217,0.451,0.868,-1
4438,146,44.87,16.113,11.536,0.911,16.763,12.0,1.397,0.716,0.927,0
6999,239,90.125,37.152,8.191,0.37,39.699,11.2,4.536,0.22,0.726,1
5027,151,45.456,15.694,12.251,0.918,16.553,12.659,1.281,0.781,0.918,0
4299,254,117.296,47.739,6.774,0.232,51.894,11.277,7.047,0.142,0.553,1
4337,196,77.154,30.496,8.183,0.414,33.121,11.928,3.727,0.268,0.699,1
5776,118,40.627,14.808,10.146,0.898,15.297,10.0,1.46,0.685,0.925,0
4873,205,80.083,31.252,8.352,0.402,33.615,11.593,3.742,0.267,0.706,1
1060,104,40.042,15.504,8.541,0.815,16.125,9.391,1.815,0.551,0.897,0
5490,127,42.042,15.897,10.172,0.903,16.553,10.786,1.563,0.64,0.93,0
195,164,64.77,19.945,10.469,0.491,22.472,13.823,1.905,0.525,0.711,1
7346,211,90.326,27.338,9.827,0.325,33.242,13.914,2.782,0.359,0.629,1
543,56,26.385,8.858,8.05,1.0,9.487,8.0,1.1,0.909,0.918,0
7982,58,27.213,9.602,7.691,0.984,10.44,8.0,1.248,0.801,0.906,0
1808,106,37.456,13.87,9.731,0.949,14.866,10.0,1.425,0.702,0.938,0
3023,246,110.468,36.807,8.51,0.253,40.804,15.679,4.325,0.231,0.508,1
2202,92,35.213,12.824,9.135,0.932,13.601,9.0,1.404,0.712,0.925,0
5307,235,70.426,29.366,10.189,0.595,28.792,11.69,2.882,0.347,0.844,-1
3353,241,94.569,30.011,10.225,0.339,34.482,15.345,2.935,0.341,0.553,1
616,205,64.77,27.456,9.507,0.614,27.857,11.492,2.888,0.346,0.847,-1
3411,166,74.326,22.108,9.56,0.378,25.318,13.667,2.312,0.432,0.595,1
2821,112,40.284,12.907,11.049,0.867,14.318,12.0,1.168,0.856,0.892,0
619,101,38.385,15.663,8.21,0.861,15.811,8.0,1.908,0.524,0.944,0
3572,245,103.74,33.714,9.253,0.286,37.643,15.689,3.644,0.274,0.572,1
6819,226,101.296,38.519,7.47,0.277,41.761,11.47,5.156,0.194,0.557,1
5404,106,38.87,14.188,9.513,0.882,14.765,10.262,1.491,0.67,0.906,0
4938,344,96.468,28.542,15.345,0.465,34.785,20.373,1.86,0.538,0.698,-1
1728,114,38.042,13.156,11.033,0.99,13.892,11.314,1.192,0.839,0.942,0
886,93,40.627,16.944,6.988,0.708,17.088,8.0,2.425,0.412,0.882,0
4474,195,81.497,31.131,7.975,0.369,34.886,11.371,3.903,0.256,0.681,1
1304,206,88.912,26.695,9.825,0.327,30.676,15.1,2.717,0.368,0.597,1
10066,358,114.125,51.795,8.8,0.345,50.99,10.114,5.886,0.17,0.81,-1
2662,191,74.669,25.182,9.657,0.43,27.785,14.162,2.608,0.383,0.663,1
9567,99,38.042,13.379,9.421,0.86,14.422,10.607,1.42,0.704,0.896,0
10021,136,44.284,16.955,10.213,0.871,17.464,10.956,1.66,0.602,0.916,0
1655,86,33.799,12.076,9.068,0.946,13.038,9.899,1.332,0.751,0.925,0
1991,102,36.87,13.456,9.652,0.943,14.318,9.899,1.394,0.717,0.923,0
4304,151,64.184,25.329,7.59,0.461,27.313,10.267,3.337,0.3,0.717,1
2373,353,172.551,28.339,15.86,0.149,45.453,25.712,1.787,0.56,0.426,1
94,392,121.539,40.865,12.214,0.333,49.396,18.307,3.346,0.299,0.602,-1
1321,210,77.841,29.764,8.983,0.436,30.414,11.3,3.313,0.302,0.725,1
9160,108,38.627,13.835,9.939,0.91,14.765,10.436,1.392,0.718,0.919,0
6654,282,110.953,33.756,10.637,0.288,40.817,18.06,3.174,0.315,0.531,1
8985,119,51.698,18.644,8.127,0.56,21.19,10.0,2.294,0.436,0.785,1
5696,202,54.77,19.481,13.202,0.846,20.224,14.655,1.476,0.678,0.9,0
1398,103,38.385,13.826,9.485,0.878,15.264,9.0,1.458,0.686,0.945,0
9060,247,115.196,29.593,10.627,0.234,41.231,16.84,2.785,0.359,0.494,1
1832,95,35.456,12.615,9.588,0.95,13.342,10.0,1.316,0.76,0.909,0
960,232,114.326,29.854,9.895,0.223,42.755,18.0,3.017,0.331,0.488,1
5123,198,76.426,29.024,8.686,0.426,32.28,11.275,3.341,0.299,0.78,1
7075,201,77.74,33.084,7.735,0.418,33.615,10.781,4.277,0.234,0.698,1
4336,204,85.012,32.752,7.931,0.355,36.401,11.132,4.13,0.242,0.712,1
1337,66,28.971,10.007,8.398,0.988,10.77,8.0,1.192,0.839,0.936,0
6956,159,64.426,25.415,7.966,0.481,27.803,10.539,3.19,0.313,0.734,1
8612,155,46.87,18.187,10.851,0.887,18.788,11.628,1.676,0.597,0.931,0
1067,113,41.799,16.893,8.517,0.813,17.263,8.0,1.984,0.504,0.938,0
4987,171,65.012,26.123,8.334,0.508,27.203,11.068,3.134,0.319,0.769,1
3742,277,106.569,22.88,15.415,0.307,33.015,24.395,1.484,0.674,0.553,1
9037,117,40.87,14.728,10.115,0.88,15.232,10.752,1.456,0.687,0.911,0
2309,113,39.456,13.815,10.415,0.912,14.422,11.314,1.326,0.754,0.911,0
677,97,36.627,13.596,9.084,0.909,14.56,9.0,1.497,0.668,0.928,0
9122,122,41.456,15.546,9.992,0.892,16.125,10.733,1.556,0.643,0.917,0
1264,203,71.355,28.42,9.095,0.501,30.083,10.889,3.125,0.32,0.814,1
9091,145,46.284,17.147,10.767,0.851,17.464,11.375,1.593,0.628,0.903,0
6204,230,105.983,41.058,7.132,0.257,42.755,11.177,5.757,0.174,0.54,1
3830,216,111.154,33.378,8.24,0.22,46.53,12.0,4.051,0.247,0.496,1
889,176,67.355,22.368,10.018,0.488,26.476,11.706,2.233,0.448,0.767,-1
6498,205,85.983,28.49,9.162,0.348,32.202,14.977,3.11,0.322,0.582,1
4468,111,39.799,15.253,9.266,0.881,15.524,9.0,1.646,0.607,0.941,0
6267,232,102.083,32.285,9.15,0.28,40.2,14.0,3.529,0.283,0.53,1
8902,244,81.983,27.389,11.343,0.456,30.017,15.179,2.415,0.414,0.703,1
8808,100,36.385,13.401,9.501,0.949,14.422,10.0,1.411,0.709,0.948,0
8319,200,112.468,39.919,6.379,0.199,49.244,9.268,6.258,0.16,0.513,1
3468,197,84.184,32.915,7.62,0.349,35.511,10.955,4.319,0.232,0.676,1
8967,77,31.799,11.42,8.585,0.957,12.083,9.0,1.33,0.752,0.922,0
1256,213,77.598,25.423,10.668,0.445,30.887,14.417,2.383,0.42,0.71,1
2055,90,35.456,13.238,8.656,0.9,13.601,9.192,1.529,0.654,0.909,0
4348,175,69.598,26.08,8.544,0.454,28.862,11.134,3.052,0.328,0.72,1
50,159,68.77,27.835,7.273,0.422,28.284,9.0,3.827,0.261,0.768,1
9572,63,28.385,9.978,8.039,0.983,10.817,8.485,1.241,0.806,0.92,0
7272,172,72.77,27.956,7.834,0.408,28.636,10.593,3.569,0.28,0.681,1
2008,121,40.87,15.36,10.03,0.91,16.125,10.607,1.531,0.653,0.931,0
548,97,36.87,14.778,8.357,0.897,15.0,8.485,1.768,0.566,0.924,0
4715,89,46.527,15.952,7.104,0.517,17.889,8.542,2.246,0.445,0.745,-1
6541,172,86.811,33.026,6.631,0.287,38.21,10.607,4.98,0.201,0.569,1
30,139,57.012,18.469,9.583,0.537,21.378,12.0,1.927,0.519,0.728,1
844,92,36.042,13.543,8.649,0.89,14.318,9.0,1.566,0.639,0.906,0
7922,91,34.627,13.193,8.783,0.954,13.892,9.391,1.502,0.666,0.924,0
2668,158,63.598,24.399,8.245,0.491,25.495,10.738,2.959,0.338,0.747,1
6539,192,96.711,37.71,6.483,0.258,43.932,10.585,5.817,0.172,0.59,1
10344,81,32.971,12.591,8.191,0.936,13.0,8.0,1.537,0.651,0.942,0
5854,188,76.083,30.218,7.921,0.408,31.906,11.741,3.815,0.262,0.662,1
5332,170,73.598,25.885,8.362,0.394,28.443,11.397,3.096,0.323,0.648,1
8530,212,58.527,21.563,12.518,0.778,22.847,13.864,1.723,0.581,0.898,0
9005,98,35.456,13.21,9.446,0.98,13.892,9.899,1.398,0.715,0.925,0
5686,205,82.912,33.606,7.767,0.375,36.235,11.371,4.327,0.231,0.714,1
8268,107,39.698,15.336,8.884,0.853,15.811,9.899,1.726,0.579,0.888,0
2696,227,95.64,38.522,7.503,0.312,40.0,10.625,5.134,0.195,0.643,1
4207,145,54.77,20.5,9.006,0.607,22.472,11.18,2.276,0.439,0.808,1
10041,149,57.598,21.783,8.709,0.564,24.597,10.286,2.501,0.4,0.837,0
550,87,35.213,13.471,8.223,0.882,13.928,8.974,1.638,0.61,0.906,0
708,107,38.042,14.37,9.481,0.929,15.232,10.0,1.516,0.66,0.922,0
4066,134,44.284,17.344,9.837,0.859,17.889,10.733,1.763,0.567,0.921,0
7615,56,27.799,10.114,7.05,0.911,10.77,7.906,1.435,0.697,0.882,0
5937,172,72.669,29.283,7.479,0.409,30.887,10.666,3.916,0.255,0.672,1
10405,85,33.213,12.939,8.364,0.968,13.342,8.0,1.547,0.646,0.939,0
459,88,34.87,13.756,8.145,0.909,14.318,9.0,1.689,0.592,0.903,0
3097,186,86.953,35.539,6.664,0.309,38.601,10.049,5.333,0.188,0.645,1
421,114,41.456,15.873,9.144,0.834,16.553,10.028,1.736,0.576,0.905,0
3359,203,79.255,29.739,8.691,0.406,32.249,12.691,3.422,0.292,0.638,1
2548,262,130.024,36.66,9.099,0.195,53.852,14.998,4.029,0.248,0.432,1
434,102,37.213,13.135,9.887,0.926,13.892,10.956,1.328,0.753,0.919,0
3495,148,64.77,23.282,8.094,0.443,26.077,10.932,2.877,0.348,0.718,1
334,141,62.669,23.366,7.683,0.451,23.854,9.839,3.041,0.329,0.701,1
5859,174,62.184,26.092,8.491,0.565,27.203,10.914,3.073,0.325,0.841,1
6989,416,152.51,35.927,14.743,0.225,45.695,22.313,2.437,0.41,0.555,-1
501,167,75.598,30.537,6.963,0.367,32.985,10.006,4.386,0.228,0.686,1
1841,253,73.598,30.19,10.67,0.587,29.411,12.027,2.829,0.353,0.853,-1
7870,102,47.355,16.505,7.868,0.572,19.849,9.192,2.098,0.477,0.782,1
8901,130,41.698,14.762,11.212,0.94,15.264,12.021,1.317,0.76,0.912,0
7158,129,52.184,20.673,7.945,0.595,22.204,9.366,2.602,0.384,0.809,0
6035,128,55.113,19.605,8.313,0.53,23.324,10.752,2.358,0.424,0.742,1
7630,229,101.397,33.899,8.601,0.28,40.792,14.033,3.941,0.254,0.568,-1
3445,228,105.296,37.864,7.667,0.258,41.049,12.148,4.939,0.202,0.532,1
3398,211,76.669,29.471,9.116,0.451,31.401,11.514,3.233,0.309,0.747,1
474,177,80.326,26.621,8.466,0.345,30.265,11.352,3.145,0.318,0.594,1
7466,159,74.426,26.081,7.762,0.361,27.893,10.638,3.36,0.298,0.62,1
8391,101,38.042,14.072,9.139,0.877,14.765,9.803,1.54,0.649,0.898,0
6857,204,79.355,33.936,7.654,0.407,34.366,10.0,4.434,0.226,0.75,1
7854,88,36.87,13.917,8.051,0.813,14.765,9.091,1.729,0.578,0.876,0
7335,201,91.74,31.772,8.055,0.3,36.401,12.522,3.944,0.254,0.564,-1
10190,223,90.811,34.897,8.136,0.34,37.363,12.637,4.289,0.233,0.606,1
5151,125,53.355,20.814,7.647,0.552,22.361,9.839,2.722,0.367,0.789,1
5375,161,75.598,29.156,7.031,0.354,32.573,10.119,4.147,0.241,0.678,1
7718,108,42.627,16.045,8.57,0.747,17.72,9.0,1.872,0.534,0.889,0
8344,99,39.456,15.578,8.091,0.799,16.553,9.171,1.925,0.519,0.892,0
5354,164,70.77,25.042,8.338,0.411,29.275,10.511,3.003,0.333,0.718,1
244,229,110.083,41.177,7.081,0.237,44.598,11.399,5.815,0.172,0.509,1
6120,124,45.698,16.331,9.668,0.746,17.72,10.511,1.689,0.592,0.867,0
5561,188,69.255,25.61,9.347,0.493,27.857,11.628,2.74,0.365,0.797,1
7584,125,42.042,15.963,9.97,0.889,16.553,10.672,1.601,0.625,0.929,0
6417,269,129.74,46.736,7.328,0.201,55.362,13.69,6.377,0.157,0.477,1
6561,222,74.669,24.249,11.656,0.5,29.967,15.782,2.08,0.481,0.762,-1
6022,152,53.355,19.701,9.823,0.671,21.213,11.0,2.006,0.499,0.842,-1
6488,203,83.255,33.358,7.748,0.368,35.735,10.936,4.305,0.232,0.653,1
4234,199,67.355,26.996,9.386,0.551,28.443,11.0,2.876,0.348,0.838,1
10510,93,35.456,13.695,8.647,0.93,14.318,9.391,1.584,0.631,0.912,0
4128,54,41.456,18.343,3.748,0.395,18.788,4.919,4.894,0.204,0.725,-1
4527,130,42.284,15.413,10.739,0.914,16.125,11.314,1.435,0.697,0.922,0
2190,95,35.456,12.961,9.332,0.95,13.601,9.899,1.389,0.72,0.909,0
1334,187,67.598,26.336,9.041,0.514,28.16,11.281,2.913,0.343,0.757,1
6946,190,73.255,22.528,10.738,0.445,27.857,14.764,2.098,0.477,0.67,-1
7083,248,109.296,30.117,10.485,0.261,36.222,18.728,2.873,0.348,0.475,1
8086,89,34.627,12.788,8.862,0.933,13.416,9.487,1.443,0.693,0.913,0
940,222,100.61,29.39,9.617,0.276,38.949,16.307,3.056,0.327,0.515,1
2296,124,68.083,22.244,7.098,0.336,27.203,11.169,3.134,0.319,0.586,1
5201,167,83.255,32.796,6.483,0.303,37.0,9.839,5.058,0.198,0.651,1
2739,208,90.468,30.685,8.631,0.319,34.234,12.719,3.555,0.281,0.611,1
762,347,108.811,34.032,12.982,0.368,40.608,17.188,2.621,0.381,0.693,-1
9726,258,127.154,45.146,7.276,0.201,53.339,11.253,6.205,0.161,0.502,1
2981,236,86.912,28.745,10.454,0.393,35.171,14.729,2.75,0.364,0.69,1
1572,142,44.284,16.967,10.656,0.91,17.493,11.314,1.592,0.628,0.934,0
3576,155,70.184,26.506,7.446,0.395,29.833,10.647,3.56,0.281,0.695,1
3544,214,92.912,34.161,7.976,0.312,38.471,10.704,4.283,0.233,0.644,1
223,109,39.213,15.023,9.238,0.891,15.811,10.2,1.626,0.615,0.924,0
10408,99,38.87,15.562,8.1,0.823,16.155,8.974,1.921,0.521,0.884,0
9535,245,108.711,29.804,10.466,0.261,38.601,20.046,2.848,0.351,0.486,1
7178,414,156.752,45.335,11.627,0.212,58.549,18.046,3.899,0.256,0.522,-1
7960,82,33.213,12.552,8.318,0.934,13.416,9.0,1.509,0.663,0.927,0
6880,61,44.527,18.615,4.172,0.387,20.0,6.121,4.462,0.224,0.663,-1
6750,188,79.497,28.74,8.329,0.374,30.806,12.0,3.451,0.29,0.667,1
987,96,38.284,15.373,7.951,0.823,15.811,8.485,1.934,0.517,0.893,0
2583,216,82.569,28.534,9.638,0.398,32.388,12.732,2.96,0.338,0.648,1
9204,128,42.042,16.012,10.178,0.91,16.553,10.752,1.573,0.636,0.934,0
1720,115,39.456,14.899,9.828,0.928,15.652,10.607,1.516,0.66,0.931,0
10366,360,192.61,62.544,7.329,0.122,68.622,9.449,8.534,0.117,0.663,-1
10427,96,36.971,14.386,8.497,0.883,14.56,8.0,1.693,0.591,0.946,0
8795,110,39.213,14.344,9.764,0.899,14.866,10.0,1.469,0.681,0.917,0
6738,226,96.953,40.071,7.181,0.302,42.638,10.683,5.58,0.179,0.68,1
3209,324,134.368,29.716,13.882,0.226,37.736,24.913,2.141,0.467,0.472,1
9841,230,112.569,44.482,6.584,0.228,48.836,10.361,6.756,0.148,0.58,1
5304,100,36.042,12.87,9.893,0.967,13.601,10.0,1.301,0.769,0.935,0
1417,122,40.627,15.039,10.329,0.929,15.524,10.0,1.456,0.687,0.942,0
8444,93,35.213,12.909,9.172,0.943,13.342,9.0,1.407,0.711,0.93,0
8768,112,38.627,13.692,10.415,0.943,14.318,10.0,1.315,0.761,0.933,0
1598,195,68.912,27.353,9.077,0.516,29.206,10.607,3.013,0.332,0.825,1
3344,221,97.983,34.603,8.132,0.289,37.014,12.811,4.255,0.235,0.567,1
3717,348,139.439,39.55,11.203,0.225,50.804,18.48,3.53,0.283,0.466,-1
9503,267,114.61,36.826,9.231,0.255,40.608,16.953,3.989,0.251,0.497,1
8933,105,37.456,14.503,9.218,0.941,15.264,9.899,1.573,0.636,0.925,0
537,101,38.284,15.03,8.556,0.866,15.62,9.192,1.757,0.569,0.894,0
5976,183,80.225,28.511,8.172,0.357,32.249,12.879,3.489,0.287,0.608,1
8814,221,59.698,23.123,12.169,0.779,23.77,13.0,1.9,0.526,0.908,0
4688,250,97.74,39.972,7.963,0.329,39.294,11.179,5.019,0.199,0.646,1
8541,150,49.113,20.485,9.323,0.781,20.616,10.286,2.197,0.455,0.909,0
1839,115,40.042,14.116,10.373,0.901,14.866,11.0,1.361,0.735,0.913,0
603,94,37.213,14.381,8.322,0.853,14.765,8.944,1.728,0.579,0.908,0
2003,125,42.385,15.979,9.96,0.874,16.155,10.0,1.604,0.623,0.936,0
6521,147,55.113,20.429,9.162,0.608,23.409,10.59,2.23,0.448,0.84,1
126,230,96.326,34.509,8.486,0.311,39.56,13.23,4.067,0.246,0.582,1
5549,187,86.77,35.253,6.754,0.312,36.346,10.0,5.22,0.192,0.669,1
6434,226,107.054,34.511,8.338,0.248,43.966,13.558,4.139,0.242,0.484,1
9110,237,100.225,35.519,8.496,0.296,43.463,13.375,4.181,0.239,0.606,1
830,117,52.527,18.717,7.959,0.533,20.809,10.607,2.352,0.425,0.736,1
10244,88,34.385,12.485,8.974,0.935,13.0,9.0,1.391,0.719,0.926,0
10467,80,32.971,12.844,7.931,0.925,13.416,8.0,1.619,0.617,0.941,0
7360,139,70.426,25.796,6.861,0.352,29.206,10.607,3.76,0.266,0.594,1
7841,243,111.539,33.068,9.356,0.245,43.278,16.839,3.534,0.283,0.466,1
7065,182,71.598,24.422,9.488,0.446,26.42,12.674,2.574,0.389,0.665,1
4725,154,68.669,25.449,7.705,0.41,28.636,11.041,3.303,0.303,0.653,1
5297,89,34.042,12.145,9.331,0.965,13.0,9.899,1.302,0.768,0.922,0
4230,152,63.941,26.264,7.369,0.467,26.571,10.119,3.564,0.281,0.727,1
626,97,38.042,15.198,8.126,0.842,15.524,8.825,1.87,0.535,0.894,0
8721,123,41.456,15.278,10.251,0.899,16.279,10.0,1.49,0.671,0.928,0
199,203,90.527,39.164,6.6,0.311,40.311,9.0,5.934,0.169,0.696,1
1271,102,37.213,13.479,9.635,0.926,14.422,10.539,1.399,0.715,0.927,0
1364,85,33.799,12.047,8.983,0.935,13.038,9.839,1.341,0.746,0.919,0
10457,131,47.355,19.67,8.48,0.734,20.125,9.881,2.32,0.431,0.873,0
5759,87,34.627,12.846,8.623,0.912,13.892,9.192,1.49,0.671,0.926,0
9874,75,32.042,11.85,8.058,0.918,12.53,8.875,1.471,0.68,0.882,0
3971,215,107.196,41.283,6.631,0.235,46.043,10.606,6.226,0.161,0.531,1
9104,135,43.213,16.38,10.494,0.908,16.492,10.0,1.561,0.641,0.947,0
446,103,38.527,15.266,8.591,0.872,15.652,9.192,1.777,0.563,0.896,0
6187,194,85.255,29.61,8.342,0.335,32.894,12.776,3.549,0.282,0.591,1
1677,182,53.698,19.309,12.001,0.793,20.591,13.14,1.609,0.622,0.901,0
7469,345,148.61,33.667,13.047,0.196,53.759,19.0,2.58,0.388,0.526,-1
5055,151,46.527,15.434,12.457,0.877,16.401,13.313,1.239,0.807,0.904,0
752,146,72.669,26.029,7.142,0.347,28.284,9.851,3.645,0.274,0.616,1
1,53,26.142,9.042,7.463,0.975,9.487,7.0,1.211,0.825,0.93,0
5464,86,33.213,10.746,10.19,0.98,11.705,10.0,1.055,0.948,0.925,0
7225,161,74.527,28.21,7.267,0.364,31.623,10.679,3.882,0.258,0.685,1
8035,116,42.87,17.194,8.59,0.793,17.889,9.656,2.002,0.5,0.896,0
1167,108,39.698,16.299,8.436,0.861,16.643,9.192,1.932,0.518,0.904,0
367,141,59.012,20.988,8.554,0.509,23.195,10.976,2.454,0.408,0.762,1
6778,180,71.355,24.96,9.182,0.444,28.231,13.32,2.718,0.368,0.665,1
1062,205,60.184,18.863,13.837,0.711,20.616,16.0,1.363,0.734,0.854,-1
7552,123,41.698,15.756,9.94,0.889,16.155,10.733,1.585,0.631,0.908,0
208,91,35.456,12.016,9.642,0.91,13.342,10.0,1.246,0.802,0.905,0
7746,206,85.255,30.82,8.51,0.356,33.541,12.728,3.621,0.276,0.633,1
5624,101,36.87,13.345,9.637,0.934,13.892,10.286,1.385,0.722,0.906,0
8486,70,37.113,10.469,8.513,0.639,12.369,10.114,1.23,0.813,0.769,0
1001,72,30.385,11.176,8.202,0.98,11.705,8.0,1.363,0.734,0.935,0
2586,265,97.74,30.886,10.924,0.349,36.359,16.497,2.827,0.354,0.602,1
10409,91,34.971,11.62,9.971,0.935,12.53,10.0,1.165,0.858,0.929,0
4669,159,62.184,25.201,8.033,0.517,26.833,10.733,3.137,0.319,0.787,1
8740,134,47.698,19.947,8.553,0.74,20.125,8.944,2.332,0.429,0.908,0
8558,104,37.698,13.604,9.733,0.92,13.928,9.899,1.398,0.715,0.908,0
8727,120,39.698,14.086,10.847,0.957,14.56,11.314,1.299,0.77,0.916,0
7179,230,96.468,36.601,8.001,0.311,41.773,11.879,4.575,0.219,0.574,1
190,182,65.012,25.546,9.071,0.541,27.459,11.333,2.816,0.355,0.783,1
681,103,38.385,15.486,8.469,0.878,15.524,8.0,1.829,0.547,0.949,0
4907,137,45.698,16.011,10.894,0.824,17.088,11.595,1.47,0.68,0.901,0
6695,276,131.095,43.085,8.156,0.202,54.589,16.954,5.282,0.189,0.461,1
9865,104,37.213,13.065,10.136,0.944,13.601,10.0,1.289,0.776,0.933,0
9359,295,135.338,25.84,14.536,0.202,37.0,26.459,1.778,0.563,0.442,1
9512,208,80.326,24.821,10.67,0.405,27.803,14.31,2.326,0.43,0.633,1
7483,116,39.213,13.23,11.164,0.948,14.318,11.0,1.185,0.844,0.939,0
10040,211,108.468,31.042,8.654,0.225,37.443,14.978,3.587,0.279,0.45,1
891,83,32.385,11.222,9.417,0.995,11.705,9.0,1.192,0.839,0.943,0
9201,182,76.77,30.631,7.565,0.388,32.558,10.0,4.049,0.247,0.725,1
7030,187,75.255,30.456,7.818,0.415,31.385,10.914,3.896,0.257,0.69,1
6406,196,84.912,31.183,8.003,0.342,35.44,10.563,3.897,0.257,0.639,1
7278,192,83.154,27.235,8.976,0.349,33.302,14.255,3.034,0.33,0.613,1
10470,60,39.213,14.805,5.16,0.49,17.088,6.871,2.869,0.349,0.789,-1
9551,122,42.284,16.052,9.677,0.857,16.553,10.262,1.659,0.603,0.907,0
10080,237,67.74,29.246,10.318,0.649,28.32,10.778,2.835,0.353,0.888,-1
9290,212,93.74,35.902,7.518,0.303,39.459,11.696,4.775,0.209,0.585,1
3925,309,124.953,36.424,10.802,0.249,49.041,18.577,3.372,0.297,0.493,1
7328,206,89.012,34.811,7.535,0.327,37.216,11.0,4.62,0.216,0.632,1
4551,153,61.841,24.181,8.056,0.503,26.42,10.2,3.002,0.333,0.759,1
10373,83,34.385,13.02,8.117,0.882,13.601,8.0,1.604,0.623,0.917,0
1051,100,37.456,14.445,8.814,0.896,15.264,9.707,1.639,0.61,0.901,0
1339,148,54.527,22.464,8.389,0.626,23.087,10.337,2.678,0.373,0.841,1
9151,120,41.113,16.114,9.481,0.892,16.643,9.899,1.7,0.588,0.913,0
684,105,38.385,14.59,9.163,0.896,14.866,9.0,1.592,0.628,0.933,0
10340,85,35.456,14.026,7.716,0.85,14.422,8.485,1.818,0.55,0.899,0
10229,207,111.64,37.045,7.115,0.209,48.384,11.884,5.207,0.192,0.535,1
4857,94,36.284,13.004,9.204,0.897,13.928,9.899,1.413,0.708,0.891,0
3121,137,49.941,18.703,9.326,0.69,21.471,11.094,2.005,0.499,0.854,0
6761,200,77.154,27.038,9.418,0.422,30.232,12.256,2.871,0.348,0.699,1
7489,109,38.87,13.52,10.265,0.907,14.56,11.0,1.317,0.759,0.893,0
3676,202,91.841,36.28,7.089,0.301,37.363,10.12,5.118,0.195,0.597,1
10494,78,31.799,12.034,8.253,0.969,13.038,9.0,1.458,0.686,0.929,0
7085,264,104.912,38.804,8.662,0.301,44.102,11.211,4.48,0.223,0.642,1
2258,88,34.042,12.603,8.89,0.954,13.038,9.192,1.418,0.705,0.921,0
9604,117,41.698,16.025,9.296,0.846,17.205,9.899,1.724,0.58,0.9,0
8440,90,35.456,13.247,8.651,0.9,13.601,9.192,1.531,0.653,0.905,0
155,105,37.799,14.072,9.501,0.924,15.0,10.2,1.481,0.675,0.933,0
5288,127,42.042,16.05,10.075,0.903,16.492,10.0,1.593,0.628,0.93,0
6471,357,133.782,42.034,10.814,0.251,50.695,17.489,3.887,0.257,0.522,-1
3086,182,79.497,30.799,7.524,0.362,33.242,10.436,4.093,0.244,0.704,1
2242,99,36.385,13.455,9.368,0.94,14.422,10.0,1.436,0.696,0.943,0
97,112,38.87,15.168,9.401,0.932,15.811,9.899,1.613,0.62,0.926,0
6086,209,94.326,32.776,8.119,0.295,39.115,13.109,4.037,0.248,0.583,1
4956,173,68.426,27.397,8.04,0.464,28.16,10.977,3.408,0.293,0.713,1
10263,89,35.213,13.418,8.445,0.902,13.928,9.0,1.589,0.629,0.918,0
9994,117,47.698,17.404,8.559,0.646,19.313,10.216,2.033,0.492,0.851,0
2475,215,96.125,40.024,6.84,0.292,40.497,10.243,5.852,0.171,0.594,1
4703,182,88.669,34.983,6.624,0.291,38.601,10.606,5.281,0.189,0.644,1
7603,127,43.113,16.149,10.013,0.859,16.643,10.733,1.613,0.62,0.894,0
2906,102,37.213,13.799,9.412,0.926,14.318,10.0,1.466,0.682,0.923,0
1454,121,42.042,15.918,9.679,0.86,16.553,10.399,1.645,0.608,0.913,0
4787,177,67.841,25.627,8.794,0.483,27.514,11.957,2.914,0.343,0.738,1
4104,106,37.799,13.406,10.067,0.932,13.928,10.0,1.332,0.751,0.934,0
4351,206,83.012,32.174,8.152,0.376,35.171,11.115,3.947,0.253,0.683,1
6571,163,92.225,29.075,7.138,0.241,38.21,11.286,4.073,0.246,0.519,1
6212,151,61.841,23.289,8.255,0.496,24.698,11.337,2.821,0.354,0.716,1
2551,210,98.468,33.483,7.986,0.272,38.833,13.911,4.193,0.238,0.51,1
3606,153,50.184,19.942,9.769,0.763,20.809,10.413,2.041,0.49,0.882,0
53,214,96.468,39.843,6.839,0.289,42.012,9.932,5.826,0.172,0.636,1
8285,108,40.627,15.928,8.633,0.822,16.155,9.192,1.845,0.542,0.896,0
1746,142,44.527,15.436,11.713,0.9,16.763,12.728,1.318,0.759,0.919,0
4629,102,36.627,13.699,9.481,0.955,14.318,10.0,1.445,0.692,0.923,0
1889,106,37.456,13.856,9.74,0.949,14.422,9.899,1.423,0.703,0.934,0
2653,140,59.012,24.364,7.316,0.505,25.554,9.475,3.33,0.3,0.771,1
2365,288,165.137,50.171,7.309,0.133,72.18,12.634,6.864,0.146,0.373,1
6262,295,138.652,36.46,10.302,0.193,51.74,20.13,3.539,0.283,0.387,1
9340,221,97.64,28.546,9.857,0.291,36.222,17.395,2.896,0.345,0.517,1
7381,165,68.669,27.962,7.513,0.44,29.411,9.938,3.722,0.269,0.743,1
8411,113,42.042,16.921,8.503,0.803,17.464,9.285,1.99,0.502,0.911,0
7905,132,41.799,14.163,11.867,0.949,15.811,12.0,1.194,0.838,0.94,0
6216,65,29.213,9.945,8.322,0.957,10.77,9.0,1.195,0.837,0.909,0
4906,194,85.012,32.625,7.571,0.337,35.44,10.822,4.309,0.232,0.65,1
1496,104,37.213,14.497,9.134,0.944,14.866,9.0,1.587,0.63,0.937,0
4026,177,72.569,29.476,7.646,0.422,30.61,10.539,3.855,0.259,0.731,1
8231,107,39.698,16.016,8.506,0.853,16.643,9.192,1.883,0.531,0.903,0
10033,72,41.113,13.166,6.963,0.535,15.264,9.116,1.891,0.529,0.689,-1
9952,126,44.385,16.918,9.483,0.804,17.889,10.0,1.784,0.561,0.926,0
2191,92,34.627,12.767,9.175,0.964,13.416,9.899,1.391,0.719,0.929,0
2412,180,78.426,31.631,7.245,0.368,32.558,9.333,4.366,0.229,0.747,1
397,182,62.426,22.65,10.231,0.587,25.0,12.737,2.214,0.452,0.79,1
6016,192,77.154,25.895,9.44,0.405,29.12,12.805,2.743,0.365,0.639,1
2562,222,88.468,34.697,8.147,0.356,35.468,11.174,4.259,0.235,0.633,1
7484,119,41.213,15.137,10.01,0.88,15.524,10.0,1.512,0.661,0.926,0
5246,175,76.326,23.867,9.336,0.377,29.411,13.669,2.557,0.391,0.625,1
8350,55,28.385,11.682,5.995,0.858,11.705,6.548,1.949,0.513,0.88,0
1003,77,31.213,11.419,8.586,0.993,12.083,9.0,1.33,0.752,0.917,0
9493,258,92.569,25.374,12.946,0.378,27.803,19.092,1.96,0.51,0.65,1
1637,132,43.456,16.443,10.221,0.878,16.763,10.786,1.609,0.622,0.92,0
1882,121,42.042,15.823,9.737,0.86,16.553,10.286,1.625,0.615,0.917,0
5347,193,71.841,27.838,8.827,0.47,30.887,11.995,3.154,0.317,0.742,1
10556,187,64.284,28.542,8.342,0.569,27.203,9.326,3.422,0.292,0.864,-1
5731,109,38.042,13.557,10.237,0.946,14.318,11.0,1.324,0.755,0.928,0
10241,79,32.971,12.49,8.053,0.913,12.649,8.0,1.551,0.645,0.924,0
7809,129,42.284,15.833,10.374,0.907,16.763,10.983,1.526,0.655,0.915,0
5949,212,90.912,31.684,8.519,0.322,36.401,13.152,3.719,0.269,0.57,1
6149,177,76.083,29.425,7.659,0.384,30.594,10.082,3.842,0.26,0.646,1
1823,100,37.456,12.293,10.357,0.896,13.601,11.0,1.187,0.843,0.893,0
8038,93,35.456,13.841,8.555,0.93,14.422,9.192,1.618,0.618,0.916,0
6277,232,105.64,37.197,7.941,0.261,44.147,12.875,4.684,0.213,0.522,1
4279,184,67.497,27.672,8.466,0.508,29.069,11.067,3.269,0.306,0.768,1
1475,126,42.042,15.603,10.282,0.896,16.155,10.752,1.518,0.659,0.923,0
419,99,37.698,14.783,8.526,0.875,15.264,9.192,1.734,0.577,0.888,0
9547,77,31.799,10.584,9.263,0.957,11.402,9.899,1.143,0.875,0.917,0
8133,114,41.213,16.649,8.718,0.843,16.763,9.0,1.91,0.524,0.927,0
7981,83,34.042,12.55,8.421,0.9,13.601,9.0,1.49,0.671,0.907,0
7865,89,36.627,13.692,8.276,0.834,14.765,9.171,1.654,0.604,0.886,0
9246,128,42.284,16.092,10.127,0.9,16.643,10.607,1.589,0.629,0.924,0
3946,168,74.083,29.424,7.27,0.385,30.806,10.724,4.047,0.247,0.647,1
803,100,38.042,15.59,8.167,0.868,16.155,8.944,1.909,0.524,0.926,0
9068,109,39.556,16.02,8.663,0.875,15.811,8.0,1.849,0.541,0.965,0
646,156,51.355,16.274,12.205,0.743,17.464,14.513,1.333,0.75,0.852,-1
9389,66,34.87,13.486,6.231,0.682,14.866,7.071,2.164,0.462,0.863,-1
5996,180,76.912,30.631,7.482,0.382,33.541,11.092,4.094,0.244,0.684,1
7019,189,75.012,30.265,7.951,0.422,32.696,11.036,3.806,0.263,0.728,1
6091,237,110.61,38.298,7.879,0.243,46.957,12.627,4.861,0.206,0.505,1
6901,299,83.012,30.003,12.689,0.545,33.422,15.836,2.365,0.423,0.804,-1
6167,191,86.326,33.219,7.321,0.322,37.162,11.229,4.538,0.22,0.667,1
4574,184,69.841,27.942,8.384,0.474,29.53,11.116,3.333,0.3,0.756,1
2845,222,103.782,46.746,6.047,0.259,47.202,9.964,7.731,0.129,0.631,1
7596,130,46.87,17.376,9.526,0.744,19.209,10.817,1.824,0.548,0.893,0
5684,185,75.497,28.421,8.288,0.408,30.887,12.377,3.429,0.292,0.686,1
2927,239,123.681,43.567,6.985,0.196,50.249,13.215,6.237,0.16,0.462,1
5698,120,40.627,14.511,10.529,0.914,15.232,11.0,1.378,0.726,0.927,0
2380,134,46.527,16.81,10.149,0.778,18.788,11.314,1.656,0.604,0.862,0
1089,89,35.213,14.355,7.894,0.902,14.866,8.0,1.819,0.55,0.932,0
3484,126,60.426,22.591,7.101,0.434,26.401,9.899,3.181,0.314,0.698,1
5021,139,44.042,13.905,12.728,0.901,15.62,13.0,1.092,0.915,0.906,0
9733,245,115.539,40.362,7.729,0.231,48.332,12.132,5.222,0.191,0.516,1
6302,99,36.87,13.48,9.351,0.915,14.422,9.899,1.442,0.694,0.9,0
8252,103,38.284,15.325,8.557,0.883,15.811,9.192,1.791,0.558,0.912,0
139,182,65.012,23.305,9.943,0.541,25.807,12.021,2.344,0.427,0.778,1
249,104,38.627,14.711,9.001,0.876,15.232,9.803,1.634,0.612,0.912,0
2915,237,118.024,34.901,8.646,0.214,41.485,14.404,4.037,0.248,0.51,1
5159,176,69.598,26.518,8.45,0.457,29.12,11.653,3.138,0.319,0.77,1
1774,105,38.042,15.125,8.839,0.912,15.652,9.803,1.711,0.584,0.921,0
6716,428,174.167,66.891,8.147,0.177,73.437,13.714,8.211,0.122,0.53,-1
1733,138,44.627,17.726,9.912,0.871,17.72,10.0,1.788,0.559,0.926,0
311,211,113.397,41.988,6.398,0.206,49.041,11.015,6.562,0.152,0.504,1
2557,205,72.912,30.036,8.69,0.485,31.145,10.883,3.456,0.289,0.771,1
1451,116,40.284,14.735,10.023,0.898,15.652,10.607,1.47,0.68,0.91,0
1305,210,68.669,25.803,10.363,0.56,27.295,12.7,2.49,0.402,0.769,1
6264,205,87.598,35.287,7.397,0.336,37.656,10.661,4.77,0.21,0.693,1
8651,122,43.213,17.408,8.923,0.821,17.464,9.0,1.951,0.513,0.928,0
3591,178,69.497,24.842,9.123,0.463,25.554,11.864,2.723,0.367,0.685,1
8301,87,34.042,11.993,9.236,0.943,13.0,10.0,1.298,0.77,0.897,0
8492,54,27.799,10.067,6.83,0.878,11.18,7.0,1.474,0.678,0.878,0
2600,217,86.083,30.914,8.937,0.368,33.615,12.562,3.459,0.289,0.59,1
9478,129,42.042,15.099,10.878,0.917,15.524,11.0,1.388,0.72,0.928,0
8371,100,37.799,14.861,8.568,0.88,15.232,9.0,1.734,0.577,0.926,0
6905,200,79.397,32.193,7.91,0.399,32.802,11.314,4.07,0.246,0.679,1
885,50,27.556,11.47,5.55,0.827,11.705,6.0,2.066,0.484,0.901,0
4320,166,66.669,25.633,8.246,0.469,28.302,11.435,3.109,0.322,0.725,1
9594,106,38.627,14.452,9.339,0.893,15.232,10.0,1.547,0.646,0.922,0
5789,151,67.497,27.762,6.925,0.416,29.069,9.899,4.009,0.249,0.685,1
8045,182,53.113,17.656,13.125,0.811,18.868,14.0,1.345,0.743,0.905,0
3180,232,89.154,32.689,9.037,0.367,35.511,12.42,3.617,0.276,0.69,1
1331,155,48.527,18.111,10.897,0.827,18.974,11.18,1.662,0.602,0.92,0
8212,221,102.468,29.443,9.557,0.264,42.379,15.519,3.081,0.325,0.522,-1
7916,68,29.799,9.968,8.686,0.962,10.817,9.0,1.148,0.871,0.901,0
5575,158,67.255,26.323,7.642,0.439,28.302,10.998,3.444,0.29,0.709,1
1176,100,39.698,15.798,8.059,0.797,16.155,8.929,1.96,0.51,0.858,0
3501,219,99.882,24.209,11.518,0.276,33.615,18.143,2.102,0.476,0.541,1
4334,178,70.77,24.239,9.35,0.447,28.32,12.429,2.592,0.386,0.711,1
1735,97,35.799,13.787,8.958,0.951,13.601,9.0,1.539,0.65,0.942,0
9647,211,74.669,27.144,9.897,0.476,27.731,12.661,2.743,0.365,0.696,1
4816,492,170.066,39.051,16.042,0.214,54.745,24.99,2.434,0.411,0.518,-1
81,105,38.87,15.375,8.695,0.873,15.811,9.192,1.768,0.566,0.913,0
2383,82,32.042,10.75,9.712,1.0,11.705,9.899,1.107,0.903,0.916,0
1821,114,39.456,13.901,10.441,0.92,14.422,11.18,1.331,0.751,0.916,0
2832,51,26.385,9.194,7.063,0.921,10.296,7.0,1.302,0.768,0.903,0
5865,224,71.497,26.863,10.617,0.551,28.636,12.999,2.53,0.395,0.807,-1
9811,207,71.841,27.982,9.419,0.504,29.155,11.385,2.971,0.337,0.79,1
1974,123,42.284,16.461,9.514,0.864,17.088,10.119,1.73,0.578,0.908,0
8989,332,134.711,28.131,15.027,0.23,42.72,26.379,1.872,0.534,0.476,-1
6369,207,79.497,31.028,8.494,0.412,33.106,11.525,3.653,0.274,0.699,1
7238,202,80.669,32.951,7.805,0.39,34.986,10.774,4.222,0.237,0.689,1
740,182,84.326,30.726,7.542,0.322,34.366,11.706,4.074,0.245,0.584,1
3418,184,85.154,26.886,8.714,0.319,30.414,14.72,3.085,0.324,0.544,1
1310,194,70.184,26.16,9.442,0.495,29.155,12.369,2.77,0.361,0.77,1
6219,190,82.326,32.537,7.435,0.352,35.777,11.218,4.376,0.229,0.665,1
3089,215,108.125,28.084,9.747,0.231,39.319,16.063,2.881,0.347,0.427,1
9974,191,89.154,34.206,7.11,0.302,38.949,10.976,4.811,0.208,0.608,1
2069,82,33.799,12.39,8.426,0.902,13.038,8.944,1.47,0.68,0.911,0
5397,106,36.87,13.992,9.646,0.98,14.422,9.899,1.451,0.689,0.93,0
5721,96,35.213,13.385,9.132,0.973,13.928,9.0,1.466,0.682,0.941,0
3154,151,48.385,19.004,10.117,0.811,18.682,10.0,1.878,0.532,0.941,0
3769,212,102.125,36.811,7.333,0.255,42.059,13.331,5.02,0.199,0.494,1
5060,158,48.284,17.011,11.826,0.852,18.358,13.313,1.438,0.695,0.908,0
5969,174,71.255,26.893,8.238,0.431,29.547,12.22,3.264,0.306,0.662,1
3968,227,109.64,40.031,7.22,0.237,46.819,11.885,5.544,0.18,0.507,1
9327,266,110.468,29.201,11.598,0.274,34.438,14.94,2.518,0.397,0.643,1
332,226,100.953,24.898,11.557,0.279,35.228,17.718,2.154,0.464,0.539,1
315,109,38.87,14.624,9.49,0.907,15.232,10.286,1.541,0.649,0.916,0
7242,181,82.912,28.033,8.221,0.331,34.54,12.5,3.41,0.293,0.634,1
4936,190,79.74,30.304,7.983,0.375,33.601,11.31,3.796,0.263,0.683,1
3794,52,26.971,9.216,7.184,0.898,10.296,8.0,1.283,0.78,0.874,0
5049,112,40.87,15.742,9.059,0.843,16.401,9.899,1.738,0.575,0.907,0
738,140,68.669,28.185,6.325,0.373,30.017,9.223,4.456,0.224,0.683,1
2456,205,70.184,29.265,8.919,0.523,29.411,10.851,3.281,0.305,0.832,1
9352,217,108.912,32.749,8.437,0.23,43.324,14.632,3.882,0.258,0.447,1
5967,257,113.882,40.182,8.144,0.249,46.861,11.888,4.934,0.203,0.565,1
9880,124,46.284,16.067,9.826,0.727,18.358,11.063,1.635,0.612,0.849,0
3474,232,97.983,36.523,8.088,0.304,39.051,11.628,4.516,0.221,0.619,1
408,127,42.284,15.865,10.192,0.893,16.401,10.607,1.557,0.642,0.924,0
868,95,37.213,14.908,8.113,0.862,15.524,8.0,1.837,0.544,0.931,0
9608,64,28.385,9.305,8.757,0.998,10.296,9.0,1.063,0.941,0.908,0
2934,220,103.154,32.324,8.666,0.26,39.395,13.617,3.73,0.268,0.481,1
390,187,77.012,27.898,8.534,0.396,31.016,11.217,3.269,0.306,0.652,1
9894,120,47.113,18.455,8.279,0.679,19.723,8.944,2.229,0.449,0.863,1
2332,109,37.799,13.297,10.437,0.959,13.928,10.0,1.274,0.785,0.944,0
2304,119,41.456,15.219,9.956,0.87,15.811,10.791,1.529,0.654,0.908,0
1368,90,34.627,12.99,8.821,0.943,13.601,9.192,1.473,0.679,0.928,0
3718,215,74.912,25.427,10.766,0.481,27.203,13.455,2.362,0.423,0.7,1
4981,143,57.012,21.336,8.534,0.553,23.601,10.915,2.5,0.4,0.784,1
372,394,142.752,50.36,9.961,0.243,56.08,17.278,5.055,0.198,0.52,-1
9496,177,65.598,25.303,8.906,0.517,26.926,12.075,2.841,0.352,0.738,1
6875,92,35.799,12.406,9.442,0.902,13.416,10.0,1.314,0.761,0.911,0
2907,94,34.87,12.293,9.736,0.971,13.0,10.286,1.263,0.792,0.904,0
3689,418,155.823,27.07,19.661,0.216,38.639,28.836,1.377,0.726,0.527,-1
9930,222,102.569,32.218,8.773,0.265,38.601,13.37,3.672,0.272,0.601,1
4666,233,95.296,28.306,10.48,0.322,34.713,15.454,2.701,0.37,0.553,1
9798,206,101.296,39.285,6.677,0.252,44.407,11.356,5.884,0.17,0.56,1
3414,194,90.912,33.736,7.322,0.295,36.77,11.44,4.608,0.217,0.575,1
6493,233,89.154,25.531,11.62,0.368,34.54,17.053,2.197,0.455,0.596,-1
6902,160,63.012,24.653,8.263,0.506,26.926,11.749,2.984,0.335,0.727,1
7830,234,100.912,33.285,8.951,0.289,40.311,14.4,3.719,0.269,0.555,1
8784,143,48.284,18.456,9.865,0.771,19.235,10.686,1.871,0.535,0.885,0
2776,251,101.196,38.796,8.238,0.308,42.012,12.021,4.71,0.212,0.624,1
1441,146,46.042,17.902,10.384,0.865,18.385,10.889,1.724,0.58,0.93,0
8890,119,40.042,14.076,10.764,0.933,14.765,11.0,1.308,0.765,0.93,0
4498,147,62.669,24.521,7.633,0.47,26.627,10.607,3.213,0.311,0.731,1
600,93,37.456,14.735,8.036,0.833,15.264,8.875,1.834,0.545,0.894,0
7280,201,86.326,25.442,10.059,0.339,31.305,14.724,2.529,0.395,0.553,1
6977,232,87.154,25.358,11.649,0.384,29.614,15.62,2.177,0.459,0.652,1
6285,210,84.326,31.734,8.426,0.371,34.059,12.413,3.766,0.266,0.627,1
7181,209,87.012,31.835,8.359,0.347,37.363,12.48,3.808,0.263,0.671,1
4253,112,40.042,15.331,9.302,0.878,16.155,10.0,1.648,0.607,0.922,0
4284,154,64.77,25.533,7.679,0.461,27.857,10.59,3.325,0.301,0.737,1
4477,160,61.841,23.723,8.587,0.526,26.249,11.314,2.763,0.362,0.773,1
2885,130,59.012,21.593,7.665,0.469,24.698,10.543,2.817,0.355,0.734,1
2341,263,119.64,38.494,8.699,0.231,47.17,14.706,4.425,0.226,0.485,1
572,136,44.284,16.676,10.384,0.871,17.464,11.628,1.606,0.623,0.898,0
4572,166,66.083,26.263,8.048,0.478,28.653,10.75,3.263,0.306,0.779,1
6079,126,49.113,17.671,9.079,0.656,20.248,10.694,1.946,0.514,0.837,1
650,217,66.77,28.281,9.77,0.612,27.893,11.275,2.895,0.345,0.844,-1
4510,372,80.083,27.501,17.223,0.729,27.893,19.32,1.597,0.626,0.87,-1
3723,206,93.296,27.481,9.544,0.297,33.287,14.588,2.879,0.347,0.517,1
6064,219,100.225,37.896,7.358,0.274,43.417,11.18,5.15,0.194,0.565,1
7771,116,39.456,14.461,10.213,0.936,15.264,10.956,1.416,0.706,0.917,0
5253,218,93.983,32.121,8.641,0.31,34.366,14.27,3.717,0.269,0.562,1
2496,180,80.669,31.706,7.228,0.348,33.242,10.572,4.386,0.228,0.653,1
9610,206,77.74,32.919,7.968,0.428,32.696,10.591,4.132,0.242,0.698,1
883,60,27.799,10.015,7.628,0.976,10.77,8.0,1.313,0.762,0.909,0
4027,110,37.456,13.456,10.408,0.985,14.318,11.0,1.293,0.773,0.928,0
5318,104,38.87,14.26,9.286,0.865,15.0,9.899,1.536,0.651,0.897,0
3000,183,82.669,28.95,8.049,0.336,30.594,12.0,3.597,0.278,0.607,1
3589,221,86.811,32.951,8.54,0.369,36.125,13.188,3.859,0.259,0.662,1
899,98,37.456,15.073,8.278,0.878,15.652,8.944,1.821,0.549,0.916,0
10254,80,31.799,10.943,9.308,0.994,11.662,9.899,1.176,0.851,0.93,0
3137,214,104.368,40.589,6.713,0.247,43.417,10.45,6.046,0.165,0.551,1
8977,100,36.385,13.508,9.426,0.949,13.928,9.0,1.433,0.698,0.948,0
3064,113,45.698,15.888,9.056,0.68,18.385,10.124,1.755,0.57,0.816,1
4090,147,46.042,16.637,11.25,0.871,17.263,11.0,1.479,0.676,0.925,0
5500,91,35.213,13.022,8.897,0.922,13.892,9.839,1.464,0.683,0.929,0
2144,86,34.042,12.776,8.571,0.933,13.342,9.0,1.491,0.671,0.905,0
1993,119,40.87,15.197,9.97,0.895,15.811,10.733,1.524,0.656,0.922,0
6517,132,51.698,19.367,8.678,0.621,22.136,9.446,2.232,0.448,0.86,0
9919,162,63.012,25.111,8.214,0.513,27.295,10.421,3.057,0.327,0.773,1
2659,199,103.296,34.287,7.39,0.234,40.447,13.646,4.64,0.216,0.465,1
9168,120,40.042,14.965,10.21,0.941,15.652,11.0,1.466,0.682,0.938,0
9184,120,39.456,14.268,10.709,0.969,14.866,11.0,1.332,0.751,0.93,0
7005,196,83.255,26.432,9.441,0.355,30.676,14.31,2.8,0.357,0.602,1
8772,113,38.87,14.804,9.719,0.94,15.264,10.4,1.523,0.656,0.919,0
9854,64,28.627,9.151,8.905,0.981,10.198,9.0,1.028,0.973,0.901,0
5808,330,122.711,26.677,15.75,0.275,41.231,25.811,1.694,0.59,0.502,-1
9752,298,136.51,42.508,8.926,0.201,56.515,17.312,4.762,0.21,0.495,1
5224,205,91.64,35.329,7.388,0.307,38.275,11.717,4.782,0.209,0.609,1
6643,131,43.113,17.068,9.773,0.886,17.464,10.461,1.746,0.573,0.913,0
4170,110,39.456,14.161,9.89,0.888,15.0,10.607,1.432,0.698,0.905,0
138,143,55.113,20.411,8.92,0.592,21.587,10.577,2.288,0.437,0.786,1
8845,145,44.284,16.229,11.376,0.929,17.088,12.0,1.427,0.701,0.927,0
1610,217,97.154,34.98,7.899,0.289,41.437,11.837,4.429,0.226,0.582,1
1618,195,70.669,26.633,9.322,0.491,29.411,12.494,2.857,0.35,0.722,1
3022,239,89.64,29.673,10.255,0.374,34.176,16.408,2.893,0.346,0.612,1
4837,169,69.497,28.268,7.612,0.44,30.232,9.899,3.714,0.269,0.746,1
10558,84,33.213,12.403,8.623,0.957,13.038,9.0,1.438,0.695,0.923,0
977,114,41.456,16.629,8.729,0.834,17.088,9.487,1.905,0.525,0.905,0
4102,117,38.627,14.418,10.332,0.985,14.866,10.0,1.395,0.717,0.947,0
8551,113,38.627,14.798,9.723,0.952,15.652,10.0,1.522,0.657,0.942,0
1359,98,36.042,13.63,9.154,0.948,14.422,9.899,1.489,0.672,0.92,0
10411,90,34.627,13.055,8.777,0.943,13.892,9.192,1.487,0.672,0.933,0
271,127,53.113,16.187,9.989,0.566,20.591,11.839,1.62,0.617,0.745,0
4294,195,82.184,32.789,7.572,0.363,35.128,10.0,4.33,0.231,0.724,1
7646,229,120.368,40.245,7.245,0.199,49.396,13.035,5.555,0.18,0.464,1
1488,91,33.799,11.459,10.111,1.0,12.207,10.0,1.133,0.882,0.943,0
9266,114,41.799,16.755,8.663,0.82,16.763,9.0,1.934,0.517,0.919,0
2596,134,41.456,14.526,11.745,0.98,15.264,12.0,1.237,0.809,0.937,0
4604,173,66.527,27.387,8.043,0.491,28.443,10.0,3.405,0.294,0.795,1
6263,244,103.154,34.891,8.904,0.288,41.593,13.511,3.919,0.255,0.551,1
212,177,74.669,29.455,7.651,0.399,31.78,10.119,3.85,0.26,0.69,1
6722,260,119.154,30.83,10.738,0.23,40.522,22.141,2.871,0.348,0.441,1
8503,131,44.042,16.712,9.981,0.849,17.088,10.672,1.674,0.597,0.913,0
6706,231,96.912,37.701,7.801,0.309,40.025,11.264,4.833,0.207,0.634,1
1046,111,41.213,15.622,9.047,0.821,16.553,9.459,1.727,0.579,0.902,0
6891,197,84.912,31.815,7.884,0.343,35.114,12.333,4.035,0.248,0.61,1
9934,118,41.113,15.158,9.912,0.877,15.811,10.607,1.529,0.654,0.908,0
534,195,79.012,30.851,8.048,0.393,30.463,10.027,3.834,0.261,0.724,1
168,199,84.326,31.198,8.121,0.352,33.956,11.884,3.841,0.26,0.615,1
3151,113,38.87,14.612,9.846,0.94,15.264,10.539,1.484,0.674,0.919,0
5311,116,40.284,14.571,10.136,0.898,15.264,10.733,1.437,0.696,0.899,0
6813,213,91.255,29.076,9.327,0.321,36.674,15.169,3.117,0.321,0.581,1
785,125,51.941,20.21,7.875,0.582,21.26,9.737,2.566,0.39,0.786,1
2725,186,105.983,38.774,6.108,0.208,45.222,9.944,6.348,0.158,0.554,1
8949,101,36.627,13.372,9.617,0.946,14.422,10.607,1.39,0.719,0.922,0
7741,155,66.326,27.226,7.249,0.443,28.844,10.219,3.756,0.266,0.723,1
1781,119,40.87,16.116,9.402,0.895,16.643,9.899,1.714,0.583,0.93,0
8748,219,64.527,26.957,10.344,0.661,26.249,11.538,2.606,0.384,0.887,-1
6620,183,53.698,17.335,13.441,0.798,19.799,14.0,1.29,0.775,0.915,0
8232,157,55.456,23.83,8.389,0.642,22.804,9.154,2.841,0.352,0.867,-1
8104,170,49.113,17.389,12.448,0.886,18.788,13.0,1.397,0.716,0.919,0
4153,194,75.497,29.919,8.256,0.428,31.828,11.228,3.624,0.276,0.703,1
1180,99,37.556,14.861,8.482,0.882,14.866,8.0,1.752,0.571,0.952,0
2524,109,39.213,15.241,9.106,0.891,15.811,9.0,1.674,0.597,0.936,0
3476,204,86.811,33.946,7.652,0.34,34.713,11.041,4.436,0.225,0.588,1
7749,195,86.912,35.258,7.042,0.324,38.013,10.882,5.007,0.2,0.664,1
848,99,37.799,14.926,8.445,0.871,15.232,9.0,1.767,0.566,0.925,0
2577,257,115.397,31.692,10.325,0.243,39.825,19.444,3.07,0.326,0.494,1
10163,189,63.841,24.308,9.9,0.583,26.077,11.744,2.455,0.407,0.803,1
9888,87,36.284,13.828,8.011,0.83,14.56,8.575,1.726,0.579,0.866,0
3762,152,72.184,24.48,7.906,0.367,28.16,11.48,3.097,0.323,0.594,1
3142,94,80.77,18.596,6.436,0.181,30.364,13.53,2.889,0.346,0.372,-1
4059,130,41.456,14.793,11.189,0.951,15.811,12.021,1.322,0.756,0.929,0
10372,58,33.456,12.49,5.912,0.651,13.038,7.042,2.113,0.473,0.784,0
5572,205,91.983,32.39,8.059,0.304,38.013,12.182,4.019,0.249,0.577,1
5355,127,49.355,16.808,9.621,0.655,19.209,11.169,1.747,0.572,0.814,1
7818,167,79.497,32.826,6.478,0.332,34.438,10.162,5.068,0.197,0.645,1
9611,160,69.255,25.897,7.866,0.419,27.313,11.112,3.292,0.304,0.646,1
5671,180,82.083,31.092,7.371,0.336,33.838,11.015,4.218,0.237,0.612,1
2313,119,40.042,15.272,9.921,0.933,15.524,10.0,1.539,0.65,0.926,0
6580,51,43.113,11.562,5.616,0.345,16.401,9.05,2.059,0.486,0.548,-1
3228,197,89.255,30.652,8.183,0.311,37.0,12.297,3.746,0.267,0.585,1
3770,210,96.326,29.881,8.948,0.284,37.736,14.084,3.339,0.299,0.54,1
5195,219,102.326,26.303,10.601,0.263,34.366,17.409,2.481,0.403,0.525,-1
9703,114,39.213,14.59,9.949,0.932,15.232,10.0,1.467,0.682,0.938,0
8512,153,48.284,19.04,10.232,0.825,19.313,11.18,1.861,0.537,0.913,0
8785,103,46.284,14.692,8.926,0.604,16.553,10.786,1.646,0.608,0.777,-1
8425,110,39.456,15.399,9.095,0.888,16.125,9.899,1.693,0.591,0.928,0
7049,196,86.083,28.658,8.708,0.332,34.366,12.823,3.291,0.304,0.616,1
6915,226,91.983,38.968,7.384,0.336,40.706,10.286,5.277,0.189,0.69,1
4047,144,44.627,16.909,10.843,0.909,17.464,11.0,1.56,0.641,0.935,0
10125,141,49.698,18.546,9.68,0.717,20.591,11.015,1.916,0.522,0.839,0
7464,213,106.225,31.497,8.61,0.237,42.72,13.587,3.658,0.273,0.469,1
9188,126,41.456,15.907,10.085,0.921,16.279,10.0,1.577,0.634,0.933,0
1248,191,58.87,23.268,10.452,0.693,24.331,11.0,2.226,0.449,0.878,1
3777,215,81.74,34.456,7.945,0.404,33.615,11.18,4.337,0.231,0.68,1
9492,157,65.841,25.51,7.836,0.455,26.401,10.875,3.255,0.307,0.687,1
4964,157,71.154,25.844,7.735,0.39,28.425,10.607,3.341,0.299,0.662,1
2543,304,135.095,34.49,11.222,0.209,46.755,19.402,3.073,0.325,0.395,1
4525,120,40.284,14.03,10.89,0.929,15.232,11.314,1.288,0.776,0.92,0
7963,82,32.627,12.261,8.515,0.968,13.0,9.0,1.44,0.694,0.916,0
7160,167,66.669,26.172,8.124,0.472,27.313,10.805,3.221,0.31,0.723,1
7703,158,72.426,28.706,7.008,0.379,30.083,10.577,4.096,0.244,0.65,1
7522,100,36.87,13.794,9.23,0.924,14.422,9.899,1.495,0.669,0.905,0
4185,382,147.924,36.325,13.389,0.219,48.374,22.539,2.713,0.369,0.521,-1
4937,273,102.368,41.529,8.37,0.327,43.417,11.455,4.962,0.202,0.645,1
2168,87,34.627,12.357,8.964,0.912,13.038,9.707,1.378,0.725,0.902,0
553,103,38.87,15.474,8.475,0.857,15.811,9.192,1.826,0.548,0.907,0
6376,471,187.823,60.912,9.845,0.168,78.772,15.787,6.187,0.162,0.551,-1
6675,246,113.054,43.944,7.128,0.242,47.76,11.918,6.165,0.162,0.622,1
2429,272,132.024,44.873,7.718,0.196,57.428,12.8,5.814,0.172,0.484,1
3613,97,36.627,13.439,9.19,0.909,14.318,9.839,1.462,0.684,0.919,0
8186,212,96.669,39.055,6.911,0.285,41.593,11.426,5.651,0.177,0.575,1
896,87,36.627,14.0,7.912,0.815,14.318,8.222,1.769,0.565,0.883,0
5881,171,77.841,28.019,7.771,0.355,32.202,11.18,3.606,0.277,0.624,1
6703,190,74.184,29.276,8.263,0.434,31.78,11.18,3.543,0.282,0.729,1
7992,98,36.87,13.858,9.004,0.906,14.422,9.192,1.539,0.65,0.912,0
6491,196,77.497,26.499,9.418,0.41,28.862,12.623,2.814,0.355,0.645,1
10369,69,30.142,11.708,7.504,0.954,12.083,7.0,1.56,0.641,0.958,0
580,105,40.284,16.597,8.055,0.813,17.0,8.8,2.06,0.485,0.905,0
9480,103,38.042,14.17,9.255,0.894,14.765,10.119,1.531,0.653,0.912,0
5800,194,77.255,28.245,8.745,0.408,30.414,11.0,3.23,0.31,0.683,1
3767,206,82.569,29.896,8.773,0.38,32.558,12.742,3.408,0.293,0.648,1
10004,138,58.284,22.731,7.73,0.51,24.739,9.0,2.941,0.34,0.836,1
4198,191,80.426,31.668,7.679,0.371,33.242,10.84,4.124,0.243,0.696,1
3585,259,112.024,41.968,7.858,0.259,44.385,12.62,5.341,0.187,0.55,1
4182,114,39.456,14.172,10.242,0.92,15.0,10.607,1.384,0.723,0.923,0
8928,83,39.456,14.796,7.142,0.67,16.553,8.798,2.072,0.483,0.814,0
1025,114,42.627,16.935,8.571,0.788,17.088,9.203,1.976,0.506,0.891,0
1998,122,41.799,16.726,9.287,0.877,16.763,9.0,1.801,0.555,0.946,0
4270,161,68.912,28.105,7.294,0.426,30.0,10.607,3.853,0.26,0.695,1
1322,294,79.74,28.21,13.269,0.581,29.069,16.413,2.126,0.47,0.808,-1
1483,125,41.456,15.186,10.48,0.914,15.811,11.068,1.449,0.69,0.919,0
10326,63,27.799,9.929,8.079,1.0,10.44,8.0,1.229,0.814,0.92,0
1343,222,74.184,26.608,10.623,0.507,28.443,13.0,2.505,0.399,0.758,1
6966,184,78.326,27.002,8.676,0.377,29.53,12.686,3.112,0.321,0.649,1
6811,248,98.468,34.206,9.231,0.321,38.288,13.358,3.706,0.27,0.627,1
4347,149,58.426,21.642,8.766,0.549,23.707,11.821,2.469,0.405,0.77,1
4687,336,117.64,30.529,14.013,0.305,40.0,21.785,2.179,0.459,0.58,-1
7026,199,84.426,32.55,7.784,0.351,35.511,10.473,4.182,0.239,0.687,1
8093,166,59.841,27.032,7.819,0.583,26.077,8.848,3.457,0.289,0.838,-1
3732,176,72.426,27.01,8.297,0.422,29.614,11.0,3.256,0.307,0.708,1
9016,106,38.385,14.492,9.313,0.904,14.56,9.0,1.556,0.643,0.938,0
8167,87,33.799,12.501,8.861,0.957,13.038,9.0,1.411,0.709,0.926,0
4265,203,74.912,30.951,8.351,0.455,32.249,11.276,3.706,0.27,0.781,1
1355,65,28.971,9.777,8.465,0.973,10.44,8.0,1.155,0.866,0.922,0
4202,356,92.468,33.393,13.574,0.523,33.601,16.184,2.46,0.406,0.766,-1
6944,81,48.87,16.323,6.318,0.426,19.698,8.542,2.584,0.387,0.686,-1
1904,200,75.255,30.751,8.281,0.444,32.65,11.0,3.713,0.269,0.768,1
2973,156,51.698,16.095,12.341,0.733,18.358,13.0,1.304,0.767,0.867,-1
10100,150,73.255,27.883,6.85,0.351,30.871,9.842,4.071,0.246,0.641,1
9581,183,90.811,30.406,7.663,0.279,36.235,11.64,3.968,0.252,0.529,1
3561,207,94.811,38.59,6.83,0.289,41.183,10.262,5.65,0.177,0.688,1
10258,80,32.627,12.474,8.166,0.944,13.416,8.944,1.528,0.655,0.914,0
4832,346,128.811,48.804,9.027,0.262,54.083,13.0,5.407,0.185,0.625,-1
1069,110,40.042,16.052,8.725,0.862,16.553,9.391,1.84,0.544,0.921,0
9280,204,85.154,27.499,9.445,0.354,30.676,15.205,2.911,0.343,0.608,1
3397,259,81.497,28.964,11.386,0.49,31.145,14.135,2.544,0.393,0.747,1
10212,105,38.042,14.934,8.952,0.912,15.524,9.0,1.668,0.599,0.925,0
4541,115,39.213,13.831,10.586,0.94,14.765,11.0,1.307,0.765,0.935,0
818,113,38.627,14.515,9.912,0.952,15.232,10.0,1.464,0.683,0.946,0
5137,186,82.811,30.366,7.799,0.341,33.287,11.906,3.894,0.257,0.596,1
1250,123,48.527,17.93,8.734,0.656,20.248,9.899,2.053,0.487,0.84,0
3127,206,100.811,32.587,8.049,0.255,39.051,12.003,4.049,0.247,0.495,1
9945,51,24.971,8.112,8.005,1.0,8.944,8.0,1.013,0.987,0.927,0
2733,126,41.799,15.073,10.643,0.906,16.401,11.926,1.416,0.706,0.937,0
8405,110,39.456,15.572,8.994,0.888,16.155,9.944,1.731,0.578,0.913,0
5878,180,66.669,27.555,8.317,0.509,27.785,10.739,3.313,0.302,0.769,1
398,180,61.841,22.839,10.035,0.591,23.707,12.223,2.276,0.439,0.798,1
1297,178,72.426,24.825,9.129,0.426,29.155,13.393,2.719,0.368,0.656,1
5563,174,66.527,26.572,8.337,0.494,26.926,11.275,3.187,0.314,0.742,1
1269,195,70.669,27.446,9.046,0.491,29.53,11.18,3.034,0.33,0.777,1
2338,197,83.154,29.426,8.524,0.358,34.54,12.642,3.452,0.29,0.621,1
7722,167,71.941,29.394,7.234,0.405,31.257,9.0,4.063,0.246,0.742,1
10138,199,103.054,23.899,10.602,0.235,28.862,18.103,2.254,0.444,0.513,1
7867,57,27.799,9.462,7.67,0.927,10.77,8.0,1.234,0.811,0.877,0
6255,191,86.669,30.182,8.057,0.32,32.757,11.524,3.746,0.267,0.574,1
8191,244,111.397,34.958,8.887,0.247,45.607,13.806,3.934,0.254,0.53,1
5389,195,75.255,26.659,9.313,0.433,27.313,12.127,2.862,0.349,0.679,1
7928,126,42.627,16.67,9.624,0.871,17.088,10.0,1.732,0.577,0.926,0
268,150,63.012,24.214,7.887,0.475,25.298,10.117,3.07,0.326,0.744,1
2853,102,36.627,13.901,9.342,0.955,14.318,9.0,1.488,0.672,0.936,0
2633,131,42.87,13.865,12.03,0.896,15.0,12.659,1.153,0.868,0.894,0
4843,194,74.669,28.411,8.694,0.437,31.048,11.424,3.268,0.306,0.733,1
7320,158,69.74,27.612,7.286,0.408,28.018,10.227,3.79,0.264,0.687,1
8696,127,42.284,15.372,10.519,0.893,16.125,11.0,1.461,0.684,0.91,0
5066,133,42.284,14.914,11.355,0.935,15.652,11.963,1.313,0.761,0.914,0
2916,204,85.74,30.421,8.538,0.349,32.696,12.242,3.563,0.281,0.687,1
475,101,38.87,15.537,8.277,0.84,15.811,9.0,1.877,0.533,0.902,0
1769,140,44.284,16.061,11.099,0.897,16.643,11.8,1.447,0.691,0.915,0
4206,293,99.296,40.694,9.167,0.373,40.719,12.962,4.439,0.225,0.65,-1
6399,200,88.569,32.498,7.836,0.32,37.537,10.738,4.147,0.241,0.632,1
4313,187,72.184,28.114,8.469,0.451,29.428,10.934,3.32,0.301,0.736,1
7665,204,87.497,29.661,8.757,0.335,33.615,13.523,3.387,0.295,0.562,1
3509,228,100.711,40.595,7.151,0.282,45.343,10.119,5.677,0.176,0.65,1
1855,121,40.284,14.783,10.421,0.937,15.264,11.094,1.419,0.705,0.92,0
6029,243,99.054,38.406,8.056,0.311,41.677,10.859,4.767,0.21,0.664,1
9127,118,40.87,14.907,10.079,0.888,15.652,10.733,1.479,0.676,0.908,0
1470,72,30.385,10.15,9.032,0.98,10.817,9.0,1.124,0.89,0.923,0
4075,118,38.87,13.865,10.836,0.981,14.765,11.314,1.28,0.782,0.929,0
3179,218,92.569,30.886,8.987,0.32,34.713,13.514,3.437,0.291,0.545,1
10544,73,31.213,12.095,7.684,0.942,12.806,8.485,1.574,0.635,0.907,0
9120,127,42.87,15.957,10.133,0.868,16.401,10.733,1.575,0.635,0.914,0
8682,177,53.213,21.794,10.34,0.785,21.587,10.0,2.108,0.474,0.944,0
245,156,55.941,20.171,9.847,0.626,21.213,11.0,2.049,0.488,0.83,1
1649,105,38.042,14.685,9.104,0.912,15.264,9.944,1.613,0.62,0.921,0
2515,114,39.456,14.722,9.859,0.92,15.264,10.6,1.493,0.67,0.923,0
318,256,110.468,26.424,12.335,0.264,36.797,19.28,2.142,0.467,0.541,1
4243,203,76.77,31.525,8.199,0.433,31.78,10.0,3.845,0.26,0.76,1
6004,315,127.782,28.333,14.156,0.242,42.059,23.071,2.001,0.5,0.432,-1
8722,206,53.113,18.298,14.334,0.918,19.416,15.108,1.277,0.783,0.926,0
2012,96,36.627,13.039,9.374,0.899,13.928,10.0,1.391,0.719,0.906,0
3934,252,114.853,25.352,12.656,0.24,33.838,20.0,2.003,0.499,0.528,1
1926,216,91.497,35.484,7.751,0.324,39.925,11.287,4.578,0.218,0.693,1
7590,103,39.698,13.047,10.051,0.821,14.318,11.0,1.298,0.77,0.904,0
8646,118,41.698,15.871,9.466,0.853,16.763,10.213,1.677,0.596,0.901,0
1425,95,35.213,12.395,9.758,0.963,13.0,10.0,1.27,0.787,0.922,0
6230,456,184.309,49.383,11.757,0.169,74.411,20.082,4.2,0.238,0.441,-1
2830,119,40.87,14.503,10.447,0.895,15.297,11.0,1.388,0.72,0.902,0
3776,151,64.184,23.477,8.189,0.461,25.08,11.176,2.867,0.349,0.693,1
7205,226,109.397,39.581,7.27,0.237,46.819,11.468,5.444,0.184,0.529,1
8190,227,109.054,38.124,7.581,0.24,45.453,12.936,5.029,0.199,0.489,1
9250,123,42.87,15.91,9.843,0.841,16.763,10.429,1.616,0.619,0.901,0
7742,115,38.87,14.37,10.19,0.956,15.0,10.607,1.41,0.709,0.927,0
5963,239,101.154,31.047,9.801,0.294,37.656,16.347,3.168,0.316,0.567,1
7324,160,70.184,25.869,7.875,0.408,29.547,11.445,3.285,0.304,0.661,1
2105,83,32.971,12.484,8.465,0.959,12.649,8.0,1.475,0.678,0.949,0
6031,143,48.87,18.527,9.828,0.752,19.416,10.0,1.885,0.53,0.891,0
274,148,52.284,20.193,9.332,0.68,21.378,10.0,2.164,0.462,0.878,0
7620,354,132.024,26.112,17.261,0.255,35.468,25.626,1.513,0.661,0.555,-1
743,107,40.527,16.646,8.184,0.819,16.643,8.485,2.034,0.492,0.899,0
3699,254,97.397,37.353,8.658,0.336,40.497,12.021,4.314,0.232,0.624,1
8380,111,40.042,15.288,9.245,0.87,16.125,10.119,1.654,0.605,0.914,0
3410,221,101.64,36.85,7.636,0.269,40.162,11.813,4.826,0.207,0.53,1
4610,68,28.971,9.433,9.179,1.0,10.296,9.0,1.028,0.973,0.938,0
8840,129,45.456,18.406,8.924,0.785,18.868,9.839,2.063,0.485,0.912,0
1392,103,36.627,12.921,10.15,0.965,13.892,10.607,1.273,0.786,0.936,0
4883,179,77.983,31.413,7.255,0.37,33.287,10.974,4.33,0.231,0.643,1
8081,92,36.87,14.605,8.021,0.85,15.264,8.485,1.821,0.549,0.906,0
10563,93,35.799,13.743,8.616,0.912,14.318,9.0,1.595,0.627,0.935,0
9756,217,102.125,25.113,11.002,0.261,31.906,18.331,2.283,0.438,0.519,1
765,157,65.154,27.8,7.191,0.465,28.601,9.527,3.866,0.259,0.749,1
2899,185,79.255,29.091,8.097,0.37,32.016,10.964,3.593,0.278,0.654,1
7329,193,81.397,29.541,8.318,0.366,33.015,12.447,3.551,0.282,0.649,1
8569,195,57.841,22.861,10.86,0.732,23.022,11.8,2.105,0.475,0.876,0
2591,182,78.669,28.875,8.025,0.37,30.083,10.399,3.598,0.278,0.642,1
9373,198,84.912,30.505,8.264,0.345,32.894,12.395,3.691,0.271,0.573,1
5540,103,37.456,13.713,9.564,0.923,14.422,9.899,1.434,0.697,0.916,0
4289,253,93.497,36.545,8.815,0.364,38.328,11.958,4.146,0.241,0.684,1
832,112,40.527,16.404,8.693,0.857,16.643,9.192,1.887,0.53,0.903,0
3715,197,82.669,29.817,8.412,0.362,32.696,10.778,3.544,0.282,0.649,1
8135,97,36.627,13.86,8.911,0.909,14.318,9.0,1.555,0.643,0.919,0
9107,135,43.941,15.012,11.45,0.879,15.652,12.021,1.311,0.763,0.891,0
2251,153,66.284,27.463,7.093,0.438,28.443,9.102,3.872,0.258,0.736,1
3834,200,80.326,21.33,11.938,0.39,26.249,18.468,1.787,0.56,0.623,1
10145,208,101.983,33.672,7.865,0.251,39.56,11.827,4.281,0.234,0.509,1
5791,170,69.255,23.764,9.109,0.445,27.295,11.882,2.609,0.383,0.707,1
8017,119,41.799,16.485,9.191,0.856,16.492,9.0,1.793,0.558,0.933,0
117,60,27.799,9.371,8.152,0.976,10.198,8.0,1.15,0.87,0.896,0
7724,153,65.355,26.45,7.365,0.45,28.16,9.803,3.591,0.278,0.769,1
3711,196,75.74,28.462,8.768,0.429,30.529,10.607,3.246,0.308,0.731,1
6248,270,135.338,55.339,6.212,0.185,60.745,10.6,8.908,0.112,0.518,1
2590,188,81.983,28.961,8.265,0.351,33.615,12.916,3.504,0.285,0.6,1
8889,218,75.012,32.534,8.531,0.487,33.242,9.675,3.813,0.262,0.845,-1
10504,83,34.042,12.475,8.471,0.9,13.038,9.192,1.473,0.679,0.892,0
7420,110,40.284,15.792,8.869,0.852,16.401,9.192,1.781,0.562,0.909,0
5315,123,40.87,15.488,10.112,0.925,16.125,11.094,1.532,0.653,0.914,0
7018,183,76.426,31.872,7.311,0.394,32.894,10.786,4.36,0.229,0.692,1
8209,208,95.054,36.213,7.313,0.289,40.249,11.096,4.952,0.202,0.562,1
8988,198,91.74,20.026,12.589,0.296,26.077,20.756,1.591,0.629,0.549,1
6830,159,68.77,27.401,7.388,0.422,29.732,10.733,3.709,0.27,0.743,1
1545,85,33.799,12.297,8.801,0.935,13.0,9.0,1.397,0.716,0.919,0
6308,109,38.042,13.691,10.137,0.946,14.56,10.0,1.351,0.74,0.92,0
5729,124,41.456,14.915,10.586,0.907,15.297,11.0,1.409,0.71,0.908,0
4584,229,93.397,27.811,10.484,0.33,34.54,15.511,2.653,0.377,0.565,1
6485,243,108.811,29.636,10.44,0.258,41.437,19.665,2.839,0.352,0.464,-1
9940,207,101.439,41.276,6.385,0.253,44.204,9.356,6.464,0.155,0.585,-1
9206,127,42.87,16.513,9.792,0.868,17.088,10.733,1.686,0.593,0.907,0
7812,122,41.799,15.424,10.071,0.877,15.811,10.0,1.532,0.653,0.931,0
8670,153,51.456,21.486,9.066,0.726,21.19,9.487,2.37,0.422,0.913,0
487,90,36.385,11.239,10.196,0.854,13.038,10.851,1.102,0.907,0.882,0
49,230,108.225,32.364,9.049,0.247,39.623,13.96,3.577,0.28,0.477,1
5276,113,39.456,14.19,10.139,0.912,15.0,10.607,1.4,0.714,0.919,0
3511,212,84.326,34.142,7.906,0.375,35.511,11.024,4.319,0.232,0.689,1
6616,222,117.882,38.142,7.411,0.201,45.354,11.535,5.147,0.194,0.478,1
6270,166,70.912,26.183,8.072,0.415,30.017,12.156,3.244,0.308,0.675,1
2963,214,96.669,26.236,10.386,0.288,31.257,15.872,2.526,0.396,0.581,1
4057,124,40.284,14.714,10.73,0.96,15.264,11.314,1.371,0.729,0.922,0
2561,189,61.355,24.593,9.785,0.631,26.0,12.271,2.513,0.398,0.836,1
9886,110,41.213,15.504,9.034,0.814,16.155,9.899,1.716,0.583,0.884,0
6113,228,118.024,41.975,6.916,0.206,51.088,12.728,6.069,0.165,0.494,1
8262,206,55.598,18.648,14.065,0.837,20.248,14.849,1.326,0.754,0.902,0
6371,182,76.569,30.087,7.702,0.39,32.016,11.319,3.906,0.256,0.652,1
1875,130,42.87,15.956,10.374,0.889,16.643,11.314,1.538,0.65,0.915,0
10036,266,119.397,38.955,8.694,0.234,50.289,14.152,4.481,0.223,0.534,1
1701,121,42.627,16.488,9.344,0.837,17.0,10.119,1.765,0.567,0.917,0
3855,245,122.125,35.007,8.911,0.206,42.544,18.829,3.928,0.255,0.438,1
136,225,84.912,23.31,12.29,0.392,25.08,17.382,1.897,0.527,0.619,-1
7427,63,48.627,20.286,3.954,0.335,21.024,5.572,5.13,0.195,0.67,-1
3041,100,56.184,19.205,6.63,0.398,22.361,9.86,2.897,0.345,0.658,-1
6803,179,73.598,27.281,8.354,0.415,31.048,11.373,3.265,0.306,0.732,1
6656,186,78.569,30.937,7.655,0.379,33.121,11.555,4.041,0.247,0.671,1
9092,96,35.456,12.568,9.726,0.96,13.416,10.539,1.292,0.774,0.91,0
424,85,33.213,12.299,8.8,0.968,13.0,9.0,1.398,0.715,0.934,0
6683,445,153.924,42.933,13.197,0.236,55.109,21.913,3.253,0.307,0.545,-1
6260,209,96.669,40.35,6.595,0.281,41.485,10.193,6.118,0.163,0.608,1
9991,423,183.095,51.177,10.524,0.159,66.272,20.643,4.863,0.206,0.444,-1
1607,216,74.326,22.414,12.27,0.491,26.077,15.709,1.827,0.547,0.718,1
5144,138,53.113,18.971,9.262,0.615,22.136,11.0,2.048,0.488,0.814,1
105,207,84.912,33.39,7.894,0.361,36.235,12.03,4.23,0.236,0.642,1
7680,204,98.569,32.223,8.061,0.264,39.217,13.461,3.997,0.25,0.542,1
9829,121,42.284,16.221,9.498,0.85,16.643,10.539,1.708,0.585,0.906,0
1644,133,43.698,16.179,10.467,0.875,16.643,11.314,1.546,0.647,0.908,0
6524,132,49.355,19.18,8.763,0.681,20.809,9.899,2.189,0.457,0.877,0
4366,470,78.426,24.595,24.332,0.96,25.807,24.0,1.011,0.989,0.961,-1
5080,195,81.397,32.199,7.711,0.37,35.228,11.399,4.176,0.239,0.674,1
1604,126,47.456,18.066,8.88,0.703,19.313,10.0,2.034,0.492,0.872,1
6710,190,75.355,31.193,7.755,0.42,31.575,9.0,4.022,0.249,0.738,1
7140,196,79.983,32.686,7.635,0.385,34.828,10.82,4.281,0.234,0.703,1
1923,165,60.184,22.599,9.296,0.572,23.537,10.0,2.431,0.411,0.815,1
7528,110,39.113,14.392,9.731,0.904,15.0,9.899,1.479,0.676,0.902,0
7737,115,40.87,15.272,9.588,0.865,16.553,10.607,1.593,0.628,0.909,0
1188,111,40.042,15.276,9.252,0.87,15.811,9.803,1.651,0.606,0.914,0
962,104,38.87,15.228,8.696,0.865,16.125,9.43,1.751,0.571,0.908,0
4790,90,36.87,13.813,8.296,0.832,14.765,9.192,1.665,0.601,0.887,0
7295,223,106.368,40.485,7.013,0.248,47.011,11.535,5.773,0.173,0.538,1
4486,114,40.042,15.079,9.626,0.893,16.155,10.0,1.567,0.638,0.927,0
5036,122,43.698,13.889,11.184,0.803,14.866,11.963,1.242,0.805,0.875,0
6713,205,81.012,33.047,7.898,0.393,34.54,11.404,4.184,0.239,0.69,1
5725,100,37.456,13.264,9.599,0.896,13.928,10.286,1.382,0.724,0.897,0
2782,234,103.054,39.383,7.565,0.277,44.204,11.094,5.206,0.192,0.571,1
7183,149,68.669,25.15,7.543,0.397,27.203,10.576,3.334,0.3,0.649,1
4874,86,34.385,12.803,8.553,0.914,13.601,9.153,1.497,0.668,0.925,0
1858,109,39.113,12.252,11.327,0.895,13.601,11.628,1.082,0.925,0.879,0
6497,193,80.811,35.237,6.974,0.371,35.468,9.899,5.053,0.198,0.681,1
2466,133,50.284,18.85,8.984,0.661,20.616,10.436,2.098,0.477,0.847,1
10345,78,31.799,12.331,8.054,0.969,12.649,8.0,1.531,0.653,0.929,0
4912,272,109.296,36.363,9.524,0.286,40.719,13.661,3.818,0.262,0.55,1
4108,111,38.627,14.448,9.782,0.935,15.232,10.0,1.477,0.677,0.929,0
542,96,37.456,14.8,8.259,0.86,15.264,8.8,1.792,0.558,0.901,0
6078,186,90.083,34.73,6.819,0.288,38.275,10.875,5.093,0.196,0.6,1
4041,136,43.698,16.316,10.613,0.895,17.205,11.314,1.537,0.65,0.916,0
2252,135,65.255,21.915,7.843,0.398,25.318,10.48,2.794,0.358,0.638,1
1017,92,36.627,14.193,8.253,0.862,14.866,9.0,1.72,0.581,0.911,0
7203,137,63.941,24.267,7.188,0.421,27.166,10.0,3.376,0.296,0.71,1
1189,112,39.213,15.383,9.27,0.915,15.524,9.0,1.66,0.603,0.937,0
218,151,66.669,27.131,7.086,0.427,29.155,9.941,3.829,0.261,0.709,1
8672,128,42.042,16.135,10.101,0.91,16.763,10.0,1.597,0.626,0.941,0
1471,132,43.113,16.893,9.949,0.892,17.493,10.607,1.698,0.589,0.917,0
3187,205,91.397,31.104,8.392,0.308,37.363,11.861,3.707,0.27,0.601,1
5435,169,72.426,29.489,7.297,0.405,29.614,10.549,4.041,0.247,0.643,1
3670,190,78.569,29.703,8.144,0.387,31.906,11.574,3.647,0.274,0.657,1
1008,102,38.87,15.13,8.584,0.848,15.62,9.192,1.763,0.567,0.903,0
351,151,53.941,19.098,10.067,0.652,20.0,12.131,1.897,0.527,0.803,1
4333,243,107.983,38.482,8.04,0.262,44.922,12.754,4.786,0.209,0.572,1
4028,176,74.669,28.98,7.733,0.397,31.623,10.436,3.748,0.267,0.705,1
6888,149,64.083,25.341,7.486,0.456,26.077,9.899,3.385,0.295,0.729,1
1312,219,90.083,34.105,8.176,0.339,39.217,11.157,4.171,0.24,0.704,1
3512,263,115.296,40.975,8.172,0.249,45.607,14.22,5.014,0.199,0.523,1
3593,216,96.669,31.941,8.61,0.29,39.0,14.113,3.71,0.27,0.57,1
6062,164,74.77,28.744,7.264,0.369,31.145,10.0,3.957,0.253,0.685,1
10227,133,49.941,19.019,8.904,0.67,21.26,9.899,2.136,0.468,0.866,0
3867,386,150.51,45.112,10.895,0.214,55.444,17.644,4.141,0.242,0.521,-1
3295,195,78.326,32.337,7.678,0.399,33.287,10.733,4.212,0.237,0.689,1
2010,139,44.042,16.362,10.816,0.901,16.763,11.0,1.513,0.661,0.93,0
5128,198,77.598,30.228,8.34,0.413,32.985,11.821,3.625,0.276,0.744,1
1920,154,58.527,21.787,9.0,0.565,24.083,10.0,2.421,0.413,0.824,1
5071,223,93.983,39.358,7.214,0.317,40.719,10.733,5.456,0.183,0.677,1
3940,202,93.296,31.982,8.042,0.292,37.736,12.787,3.977,0.251,0.579,1
1859,143,44.284,16.588,10.976,0.916,17.493,11.314,1.511,0.662,0.938,0
4239,198,81.255,27.993,9.006,0.377,32.45,13.316,3.108,0.322,0.632,1
2687,189,89.64,34.843,6.907,0.296,36.235,10.23,5.045,0.198,0.566,1
5140,197,74.912,30.91,8.115,0.441,31.623,11.147,3.809,0.263,0.761,1
7358,235,96.569,32.774,9.129,0.317,39.812,13.0,3.59,0.279,0.611,1
3301,201,87.154,25.07,10.208,0.333,30.463,14.605,2.456,0.407,0.543,1
5259,188,65.598,24.652,9.71,0.549,27.313,12.333,2.539,0.394,0.81,1
172,188,82.426,32.849,7.287,0.348,33.956,10.447,4.508,0.222,0.653,1
4245,191,76.669,25.638,9.486,0.408,29.275,11.86,2.703,0.37,0.647,1
4268,202,69.841,25.141,10.23,0.52,26.926,13.416,2.458,0.407,0.75,1
9672,314,109.397,30.97,12.909,0.33,35.355,18.379,2.399,0.417,0.601,1
10350,82,33.799,12.899,8.094,0.902,13.416,8.944,1.594,0.628,0.911,0
4422,119,40.87,14.831,10.216,0.895,15.811,11.245,1.452,0.689,0.898,0
5870,219,79.012,31.106,8.964,0.441,33.136,12.0,3.47,0.288,0.737,1
3984,191,70.426,24.736,9.832,0.484,28.178,13.13,2.516,0.397,0.742,1
5635,115,40.042,13.788,10.62,0.901,14.318,11.0,1.298,0.77,0.898,0
1131,56,26.971,9.459,7.538,0.967,10.296,8.0,1.255,0.797,0.911,0
3578,147,64.77,25.68,7.289,0.44,26.476,9.219,3.523,0.284,0.717,1
7775,213,89.841,35.355,7.671,0.332,37.696,11.175,4.609,0.217,0.63,1
3465,187,72.669,27.166,8.764,0.445,29.069,12.203,3.1,0.323,0.693,1
3381,199,93.74,35.748,7.088,0.285,40.311,12.017,5.044,0.198,0.616,1
6387,199,83.74,29.812,8.499,0.357,32.65,11.948,3.508,0.285,0.604,1
7709,197,92.669,35.216,7.123,0.288,36.401,10.862,4.944,0.202,0.582,1
3829,156,63.598,20.917,9.496,0.485,24.839,13.353,2.203,0.454,0.703,1
7564,99,35.799,13.287,9.487,0.971,13.601,9.0,1.401,0.714,0.952,0
5173,178,68.426,24.95,9.084,0.478,26.683,12.0,2.747,0.364,0.713,1
5110,147,61.012,23.925,7.823,0.496,26.401,10.693,3.058,0.327,0.754,1
1156,98,37.456,13.98,8.926,0.878,14.422,9.839,1.566,0.638,0.899,0
9008,115,39.456,14.627,10.01,0.928,15.264,10.607,1.461,0.684,0.924,0
3839,237,109.296,41.035,7.354,0.249,44.272,12.291,5.58,0.179,0.539,1
6862,202,81.012,27.049,9.509,0.387,31.906,14.434,2.845,0.352,0.655,1
506,223,110.125,44.853,6.33,0.231,48.877,10.101,7.086,0.141,0.549,1
8469,229,115.64,25.497,11.435,0.215,43.012,19.922,2.23,0.448,0.401,-1
10403,101,44.87,17.385,7.397,0.63,19.698,8.854,2.35,0.425,0.856,0
7676,172,76.083,29.527,7.417,0.373,30.61,10.576,3.981,0.251,0.637,1
3615,170,78.083,28.865,7.499,0.35,32.696,11.572,3.849,0.26,0.624,1
714,64,28.971,10.971,7.427,0.958,11.662,8.0,1.477,0.677,0.928,0
6815,204,85.255,29.132,8.916,0.353,33.838,13.431,3.267,0.306,0.617,1
8573,251,83.497,29.456,10.85,0.452,32.28,14.063,2.715,0.368,0.677,1
6593,126,64.669,22.813,7.032,0.379,29.0,9.8,3.244,0.308,0.687,1
4762,228,64.527,26.056,11.141,0.688,26.476,12.0,2.339,0.428,0.899,0
2985,205,100.569,38.044,6.861,0.255,40.853,11.524,5.545,0.18,0.525,1
2579,304,127.782,43.81,8.835,0.234,50.12,15.435,4.959,0.202,0.47,1
1388,133,44.284,16.893,10.024,0.852,17.72,10.672,1.685,0.593,0.914,0
8506,118,40.042,15.076,9.966,0.925,15.524,10.0,1.513,0.661,0.925,0
6939,211,81.74,32.39,8.294,0.397,35.384,12.021,3.905,0.256,0.682,1
8602,164,58.083,25.903,8.061,0.611,25.0,8.902,3.213,0.311,0.87,0
2811,212,103.882,38.153,7.075,0.247,45.618,11.603,5.393,0.185,0.557,1
5025,146,45.698,14.791,12.568,0.879,16.279,13.435,1.177,0.85,0.907,0
8047,117,41.456,15.811,9.422,0.856,16.643,10.539,1.678,0.596,0.911,0
10089,105,37.213,13.578,9.846,0.953,13.928,10.0,1.379,0.725,0.925,0
9781,236,99.154,32.034,9.38,0.302,36.139,15.0,3.415,0.293,0.58,1
5379,186,67.841,25.26,9.375,0.508,27.857,12.532,2.694,0.371,0.734,1
7198,159,75.255,28.124,7.198,0.353,31.385,10.119,3.907,0.256,0.605,1
4796,182,67.012,26.006,8.911,0.509,28.46,11.374,2.918,0.343,0.788,1
3700,214,87.983,30.563,8.915,0.347,36.235,13.541,3.428,0.292,0.64,1
4200,115,40.284,14.801,9.893,0.891,15.652,10.633,1.496,0.668,0.898,0
9381,200,97.397,33.936,7.504,0.265,39.051,11.179,4.523,0.221,0.571,1
165,152,59.355,21.004,9.214,0.542,24.739,11.628,2.28,0.439,0.77,1
9707,124,43.113,16.739,9.432,0.838,17.088,9.985,1.775,0.563,0.899,0
7480,78,34.627,13.999,7.094,0.817,14.422,8.043,1.973,0.507,0.891,0
4580,333,119.054,36.824,11.514,0.295,48.765,16.349,3.198,0.313,0.613,-1
1456,91,34.042,11.252,10.298,0.987,12.083,10.607,1.093,0.915,0.924,0
5130,184,76.569,31.654,7.401,0.394,33.838,10.703,4.277,0.234,0.724,1
7634,230,99.497,34.773,8.422,0.292,42.048,13.385,4.129,0.242,0.634,1
2434,179,71.355,28.931,7.878,0.442,29.411,11.314,3.672,0.272,0.696,1
8042,101,37.213,14.177,9.071,0.917,14.866,9.0,1.563,0.64,0.935,0
942,173,77.154,31.636,6.963,0.365,33.015,9.639,4.544,0.22,0.71,1
1386,93,35.456,13.637,8.683,0.93,14.213,9.192,1.571,0.637,0.912,0
9764,239,106.326,25.735,11.824,0.266,37.162,19.752,2.176,0.459,0.457,-1
9731,126,46.77,15.843,10.126,0.724,16.763,10.607,1.565,0.639,0.837,0
4979,185,82.326,30.677,7.678,0.343,31.623,11.33,3.995,0.25,0.593,1
4430,179,73.598,29.011,7.856,0.415,30.594,10.0,3.693,0.271,0.758,1
5961,166,68.912,24.139,8.756,0.439,24.739,12.349,2.757,0.363,0.648,1
7047,199,72.669,28.695,8.83,0.474,30.48,11.097,3.25,0.308,0.741,1
767,233,91.64,35.874,8.27,0.349,38.013,11.806,4.338,0.231,0.635,1
7372,288,76.083,29.759,12.322,0.625,29.732,14.806,2.415,0.414,0.836,-1
8092,50,26.385,10.141,6.278,0.903,10.44,6.957,1.615,0.619,0.877,0
4354,301,116.912,45.978,8.335,0.277,49.041,11.816,5.516,0.181,0.613,1
7704,186,83.841,27.336,8.663,0.333,33.734,13.259,3.155,0.317,0.59,1
4603,163,58.77,22.952,9.042,0.593,25.08,11.18,2.538,0.394,0.823,1
5015,148,47.355,15.967,11.802,0.829,17.493,12.728,1.353,0.739,0.876,0
1680,115,44.87,16.493,8.878,0.718,17.464,9.633,1.858,0.538,0.849,0
3335,189,84.083,29.488,8.161,0.336,33.422,13.121,3.613,0.277,0.574,1
1273,56,31.799,12.769,5.584,0.696,12.369,6.0,2.287,0.437,0.83,-1
8054,96,39.113,14.513,8.422,0.789,16.125,8.969,1.723,0.58,0.857,0
8223,107,38.284,14.542,9.369,0.917,15.264,9.899,1.552,0.644,0.907,0
2672,213,91.64,30.13,9.001,0.319,31.401,11.759,3.347,0.299,0.684,1
4709,205,89.64,35.622,7.327,0.321,39.446,10.83,4.862,0.206,0.624,1
3911,231,105.882,37.559,7.831,0.259,44.294,13.202,4.796,0.208,0.556,1
6627,159,78.912,26.068,7.766,0.321,30.232,10.776,3.357,0.298,0.582,1
3442,220,110.225,39.347,7.119,0.228,46.325,12.553,5.527,0.181,0.568,1
4599,200,78.669,29.251,8.706,0.406,30.594,11.488,3.36,0.298,0.677,1
7547,124,41.698,15.374,10.269,0.896,16.279,11.0,1.497,0.668,0.902,0
7521,115,40.627,14.964,9.785,0.876,15.297,10.0,1.529,0.654,0.92,0
6916,69,40.77,10.493,8.372,0.522,13.601,10.776,1.253,0.798,0.687,-1
8858,175,62.426,21.221,10.5,0.564,23.345,12.86,2.021,0.495,0.766,1
1453,111,39.213,14.608,9.675,0.907,15.232,10.0,1.51,0.662,0.929,0
7560,76,30.971,10.362,9.339,0.996,11.18,9.0,1.11,0.901,0.938,0
6358,107,37.456,13.385,10.178,0.958,14.318,11.0,1.315,0.76,0.915,0
4974,154,58.184,21.431,9.149,0.572,23.087,11.513,2.342,0.427,0.774,1
3471,234,118.468,37.903,7.861,0.21,45.891,12.957,4.822,0.207,0.467,1
8761,187,83.497,34.442,6.913,0.337,38.079,9.616,4.982,0.201,0.729,-1
4768,82,36.87,11.579,9.017,0.758,13.342,9.944,1.284,0.779,0.837,0
4993,175,67.598,27.063,8.233,0.481,29.069,11.068,3.287,0.304,0.746,1
2683,169,75.012,29.501,7.294,0.377,32.573,10.198,4.045,0.247,0.691,1
1961,261,70.77,29.72,11.182,0.655,29.155,12.605,2.658,0.376,0.876,-1
4423,126,50.284,17.822,9.001,0.626,20.248,11.0,1.98,0.505,0.785,1
9659,281,128.326,34.44,10.388,0.214,49.041,18.026,3.315,0.302,0.46,1
2463,228,108.225,37.735,7.693,0.245,44.407,12.0,4.905,0.204,0.602,1
127,149,52.284,20.285,9.352,0.685,21.587,10.0,2.169,0.461,0.879,1
7588,128,41.799,14.647,11.127,0.921,15.232,11.0,1.316,0.76,0.938,0
8974,86,38.284,15.528,7.052,0.737,15.652,8.497,2.202,0.454,0.808,-1
5469,123,49.941,17.207,9.101,0.62,20.248,10.0,1.891,0.529,0.84,1
1416,89,34.042,11.561,9.802,0.965,12.649,10.0,1.179,0.848,0.913,0
5316,96,36.627,13.374,9.14,0.899,13.892,9.656,1.463,0.683,0.906,0
7710,203,99.397,35.981,7.183,0.258,42.059,12.127,5.009,0.2,0.523,1
9661,305,143.924,37.204,10.438,0.185,50.99,20.725,3.564,0.281,0.408,1
255,82,33.213,12.132,8.606,0.934,13.0,9.0,1.41,0.709,0.916,0
8708,98,36.627,12.84,9.718,0.918,13.342,10.0,1.321,0.757,0.907,0
3449,219,83.983,33.459,8.334,0.39,35.609,12.71,4.015,0.249,0.655,1
6719,170,66.184,27.84,7.775,0.488,28.653,9.874,3.581,0.279,0.793,1
6323,157,73.113,29.531,6.769,0.369,31.575,10.0,4.363,0.229,0.696,1
4861,158,57.012,23.405,8.595,0.611,24.083,10.607,2.723,0.367,0.814,1
5927,166,69.113,27.058,7.811,0.437,29.275,9.0,3.464,0.289,0.79,1
2193,88,34.627,12.817,8.742,0.922,13.342,9.0,1.466,0.682,0.912,0
1241,206,65.841,24.269,10.808,0.597,26.627,13.05,2.245,0.445,0.821,1
6183,198,82.326,26.983,9.343,0.367,33.541,12.348,2.888,0.346,0.66,-1
8213,108,38.042,13.645,10.078,0.938,14.56,10.0,1.354,0.739,0.927,0
5919,462,192.551,43.261,13.597,0.157,63.53,22.765,3.182,0.314,0.457,-1
2931,226,112.711,44.055,6.532,0.224,49.649,9.9,6.745,0.148,0.54,1
9013,87,34.385,13.124,8.44,0.925,13.892,9.0,1.555,0.643,0.941,0
9283,424,164.693,52.95,10.196,0.196,63.411,17.567,5.193,0.193,0.512,-1
8057,87,34.627,12.758,8.682,0.912,13.416,9.391,1.469,0.681,0.911,0
3802,267,94.569,31.415,10.821,0.375,35.735,14.204,2.903,0.344,0.658,1
571,110,39.799,16.681,8.396,0.873,16.763,8.0,1.987,0.503,0.952,0
4416,194,73.74,31.211,7.914,0.448,32.202,11.314,3.944,0.254,0.72,1
8345,99,36.87,13.747,9.169,0.915,14.318,9.803,1.499,0.667,0.9,0
702,100,38.627,15.248,8.35,0.842,15.524,8.878,1.826,0.548,0.909,0
3788,245,98.225,31.627,9.863,0.319,39.217,13.829,3.206,0.312,0.579,1
1004,97,37.698,15.585,7.925,0.858,15.811,8.485,1.967,0.508,0.898,0
7457,234,106.125,34.341,8.676,0.261,38.21,13.649,3.958,0.253,0.505,1
9957,118,46.527,18.203,8.254,0.685,20.248,9.899,2.205,0.453,0.858,0
8336,104,38.627,15.308,8.65,0.876,16.155,9.0,1.77,0.565,0.929,0
181,136,44.284,17.05,10.156,0.871,18.028,11.18,1.679,0.596,0.919,0
6717,173,66.669,26.358,8.357,0.489,29.069,10.956,3.154,0.317,0.732,1
10087,83,33.213,11.229,9.411,0.946,12.083,10.0,1.193,0.838,0.912,0
1108,97,38.87,14.658,8.426,0.807,15.524,9.363,1.74,0.575,0.874,0
2420,242,102.368,35.987,8.562,0.29,39.294,13.131,4.203,0.238,0.537,1
7888,111,40.385,15.818,8.934,0.855,15.811,9.0,1.771,0.565,0.925,0
10010,118,40.627,15.341,9.793,0.898,15.811,10.0,1.566,0.638,0.929,0
947,351,142.024,40.717,10.976,0.219,57.983,17.728,3.71,0.27,0.524,-1
5097,197,90.569,28.749,8.725,0.302,36.359,13.281,3.295,0.303,0.546,1
4192,142,55.598,22.202,8.143,0.577,23.601,10.437,2.726,0.367,0.791,1
7875,82,33.456,11.054,9.445,0.921,12.083,9.899,1.17,0.855,0.896,0
6822,252,117.74,34.755,9.232,0.228,49.092,14.489,3.765,0.266,0.503,1
6699,205,90.326,30.949,8.434,0.316,37.014,13.345,3.67,0.273,0.59,1
5806,181,77.841,30.52,7.551,0.375,33.242,10.882,4.042,0.247,0.687,1
10490,99,36.627,13.805,9.131,0.927,14.422,9.8,1.512,0.661,0.925,0
4858,200,76.669,29.453,8.646,0.428,31.623,11.684,3.407,0.294,0.698,1
8641,151,48.77,19.443,9.888,0.798,20.248,11.068,1.966,0.509,0.891,0
8759,213,98.811,35.127,7.721,0.274,41.11,12.316,4.55,0.22,0.552,-1
224,137,46.527,17.369,10.043,0.795,18.385,10.539,1.73,0.578,0.89,0
9849,65,28.971,9.958,8.311,0.973,10.44,8.0,1.198,0.835,0.922,0
7303,136,60.77,23.942,7.233,0.463,25.495,9.594,3.31,0.302,0.745,1
7330,136,64.669,24.559,7.051,0.409,28.844,10.346,3.483,0.287,0.72,1
276,199,79.255,27.838,9.102,0.398,29.275,12.611,3.058,0.327,0.639,1
6306,143,45.113,17.004,10.707,0.883,18.028,11.508,1.588,0.63,0.911,0
5117,186,74.669,27.09,8.742,0.419,30.414,11.498,3.099,0.323,0.735,1
8881,141,47.698,16.828,10.668,0.779,17.464,11.126,1.577,0.634,0.895,0
9018,100,36.627,13.385,9.512,0.937,14.422,10.286,1.407,0.711,0.922,0
9402,207,80.569,27.628,9.54,0.401,28.636,12.981,2.896,0.345,0.67,1
2196,95,36.042,13.196,9.166,0.919,13.928,9.899,1.44,0.695,0.918,0
2695,201,75.841,30.977,8.262,0.439,32.573,10.943,3.749,0.267,0.761,1
5750,129,43.113,15.855,10.359,0.872,16.401,11.0,1.53,0.653,0.899,0
6749,195,75.497,26.76,9.278,0.43,29.155,12.894,2.884,0.347,0.681,1
10458,93,37.213,15.123,7.83,0.844,15.652,8.538,1.931,0.518,0.912,0
706,92,36.627,14.985,7.817,0.862,15.524,8.0,1.917,0.522,0.915,0
10096,108,38.87,14.858,9.255,0.898,15.264,9.839,1.605,0.623,0.908,0
7052,261,107.983,34.109,9.743,0.281,40.608,15.874,3.501,0.286,0.499,1
1716,95,35.456,12.675,9.543,0.95,13.601,10.0,1.328,0.753,0.905,0
7106,333,123.924,43.701,9.702,0.272,50.329,14.483,4.504,0.222,0.61,-1
2722,93,35.213,13.189,8.978,0.943,13.892,9.839,1.469,0.681,0.935,0
6676,225,87.74,30.687,9.336,0.367,35.735,13.488,3.287,0.304,0.642,1
5391,120,41.456,15.111,10.111,0.877,16.125,10.0,1.494,0.669,0.916,0
9006,83,32.627,11.985,8.818,0.98,12.53,9.391,1.359,0.736,0.917,0
5935,204,83.397,33.625,7.725,0.369,36.125,10.607,4.353,0.23,0.663,1
9838,53,26.042,9.091,7.423,0.982,10.44,7.778,1.225,0.816,0.883,0
10156,180,86.669,22.549,10.164,0.301,26.683,15.752,2.219,0.451,0.511,1
2308,108,38.627,14.662,9.379,0.91,15.232,9.944,1.563,0.64,0.923,0
7387,210,96.811,26.351,10.147,0.282,35.341,17.678,2.597,0.385,0.522,-1
2632,118,40.284,15.441,9.73,0.914,15.811,10.286,1.587,0.63,0.918,0
7732,116,39.456,14.498,10.187,0.936,15.232,11.0,1.423,0.703,0.932,0
692,105,38.971,15.743,8.492,0.869,15.524,8.0,1.854,0.539,0.95,0
2413,139,55.355,18.751,9.438,0.57,21.84,11.949,1.987,0.503,0.76,1
9169,96,36.042,13.146,9.298,0.929,13.892,9.899,1.414,0.707,0.914,0
4694,217,84.326,31.239,8.845,0.383,34.015,11.753,3.532,0.283,0.687,1
6950,233,109.296,36.927,8.034,0.245,40.262,13.339,4.596,0.218,0.483,1
297,179,84.912,32.746,6.96,0.312,34.67,10.581,4.705,0.213,0.557,1
7705,56,47.698,19.712,3.617,0.309,20.396,5.029,5.45,0.183,0.609,-1
6705,204,75.74,28.653,9.065,0.447,31.241,11.649,3.161,0.316,0.756,1
9416,263,106.912,40.349,8.299,0.289,41.231,12.021,4.862,0.206,0.584,1
3067,278,107.64,36.784,9.623,0.302,42.426,14.105,3.823,0.262,0.667,1
5112,114,40.042,14.877,9.756,0.893,15.524,10.0,1.525,0.656,0.919,0
8867,110,38.87,14.243,9.833,0.915,14.765,10.539,1.448,0.69,0.913,0
10109,199,105.74,36.096,7.019,0.224,43.738,11.792,5.142,0.194,0.517,1
8886,158,54.426,23.431,8.586,0.67,23.022,9.683,2.729,0.366,0.866,0
9488,51,32.042,12.097,5.368,0.624,13.892,6.364,2.254,0.444,0.797,-1
4771,235,63.841,20.723,14.438,0.725,21.84,16.086,1.435,0.697,0.851,-1
4707,96,36.042,12.933,9.451,0.929,13.892,9.899,1.369,0.731,0.919,0
8117,99,38.87,15.08,8.359,0.823,15.652,9.153,1.804,0.554,0.892,0
820,124,42.87,16.834,9.379,0.848,17.493,10.607,1.795,0.557,0.915,0
420,101,40.284,16.753,7.676,0.782,16.643,8.497,2.183,0.458,0.878,0
9372,107,39.698,15.914,8.561,0.853,16.125,9.192,1.859,0.538,0.907,0
3122,207,95.012,37.132,7.098,0.288,40.804,10.693,5.231,0.191,0.603,1
6936,150,59.698,21.594,8.844,0.529,24.083,11.0,2.442,0.41,0.8,1
1619,67,29.556,11.417,7.472,0.964,11.705,7.0,1.528,0.654,0.95,0
8087,97,38.87,16.293,7.58,0.807,16.643,8.4,2.149,0.465,0.907,0
4717,57,35.456,14.067,5.159,0.57,15.264,6.559,2.727,0.367,0.781,-1
5216,184,79.598,31.234,7.501,0.365,32.985,10.989,4.164,0.24,0.659,1
8978,111,38.627,13.815,10.23,0.935,14.318,10.0,1.35,0.741,0.921,0
2372,213,99.983,35.365,7.669,0.268,43.081,12.362,4.612,0.217,0.544,1
2724,104,37.213,12.925,10.245,0.944,13.892,11.0,1.262,0.793,0.924,0
4034,303,105.983,34.541,11.169,0.339,36.688,15.503,3.093,0.323,0.677,-1
8681,155,53.456,22.853,8.636,0.682,22.804,9.371,2.646,0.378,0.909,0
806,65,29.213,11.066,7.479,0.957,11.705,8.0,1.48,0.676,0.903,0
5141,195,78.811,32.267,7.695,0.395,33.015,10.744,4.193,0.238,0.668,1
6624,182,87.74,29.036,7.981,0.297,34.132,11.635,3.638,0.275,0.547,1
1011,103,53.698,23.169,5.66,0.449,23.087,7.906,4.093,0.244,0.736,1
1027,51,24.971,8.987,7.226,1.0,9.487,7.0,1.244,0.804,0.927,0
8841,112,38.627,13.795,10.337,0.943,14.318,10.0,1.335,0.749,0.933,0
10245,79,32.627,11.254,8.938,0.933,12.649,9.0,1.259,0.794,0.913,0
202,249,97.154,30.425,10.42,0.332,36.056,14.852,2.92,0.342,0.62,1
10473,110,40.284,13.065,10.72,0.852,15.232,11.783,1.219,0.82,0.873,0
6452,149,62.426,25.45,7.454,0.48,27.295,10.2,3.414,0.293,0.756,1
7241,231,95.539,40.027,7.348,0.318,41.773,10.865,5.447,0.184,0.674,1
8296,99,36.87,14.154,8.906,0.915,14.765,9.391,1.589,0.629,0.912,0
6984,393,135.782,36.457,13.725,0.268,51.0,19.941,2.656,0.376,0.616,-1
10047,93,35.799,14.139,8.375,0.912,14.318,8.0,1.688,0.592,0.935,0
10056,117,41.213,16.539,9.007,0.866,16.763,9.0,1.836,0.545,0.925,0
9862,287,101.983,38.124,9.585,0.347,39.319,14.061,3.977,0.251,0.626,1
4614,201,77.74,29.139,8.783,0.418,30.61,12.251,3.318,0.301,0.657,1
528,167,53.698,17.118,12.421,0.728,19.416,14.0,1.378,0.726,0.852,-1
1493,119,41.698,16.177,9.366,0.86,16.643,10.6,1.727,0.579,0.888,0
2914,241,111.054,36.659,8.37,0.246,42.426,13.754,4.38,0.228,0.529,1
1698,95,34.627,12.36,9.786,0.996,13.038,10.0,1.263,0.792,0.931,0
4072,104,36.87,12.968,10.211,0.961,13.892,10.607,1.27,0.787,0.912,0
3796,405,137.681,27.25,18.923,0.268,36.346,27.032,1.44,0.694,0.59,-1
6814,212,80.569,26.136,10.328,0.41,28.178,13.906,2.531,0.395,0.688,1
3099,57,26.971,9.404,7.718,0.985,10.296,8.0,1.218,0.821,0.919,0
8187,233,109.296,32.563,9.11,0.245,39.051,15.504,3.574,0.28,0.448,1
9124,127,42.042,15.542,10.404,0.903,16.155,11.0,1.494,0.669,0.93,0
7385,155,76.426,28.947,6.818,0.333,30.594,9.339,4.246,0.236,0.603,1
2636,110,39.213,14.036,9.978,0.899,14.765,10.733,1.407,0.711,0.921,0
418,110,39.799,15.767,8.883,0.873,16.155,9.0,1.775,0.563,0.94,0
1104,142,57.255,21.813,8.289,0.544,23.77,10.118,2.632,0.38,0.768,1
7412,183,96.083,39.065,5.964,0.249,41.231,9.391,6.55,0.153,0.577,1
7531,112,38.627,13.918,10.246,0.943,14.866,10.0,1.358,0.736,0.926,0
1717,116,40.042,15.917,9.279,0.909,16.643,9.985,1.715,0.583,0.932,0
6873,209,93.355,39.758,6.693,0.301,40.608,10.0,5.94,0.168,0.683,1
8834,127,41.213,15.568,10.387,0.94,16.155,10.0,1.499,0.667,0.944,0
9495,206,87.882,31.011,8.458,0.335,33.287,13.22,3.667,0.273,0.575,1
1466,73,30.627,9.766,9.518,0.978,10.77,9.839,1.026,0.975,0.907,0
7356,190,60.77,23.158,10.446,0.647,25.495,12.075,2.217,0.451,0.852,0
8006,109,40.627,15.079,9.204,0.83,15.264,9.944,1.638,0.61,0.89,0
4654,171,72.083,26.282,8.284,0.414,29.411,11.4,3.173,0.315,0.653,1
2438,249,105.882,41.845,7.576,0.279,45.177,10.898,5.523,0.181,0.598,1
6853,223,105.397,39.264,7.231,0.252,43.417,11.349,5.43,0.184,0.538,1
5867,223,87.74,35.532,7.991,0.364,36.401,12.343,4.447,0.225,0.642,1
7266,168,68.912,25.365,8.433,0.445,27.203,11.314,3.008,0.332,0.696,1
3521,267,116.711,37.353,9.101,0.246,46.872,15.479,4.104,0.244,0.501,1
8837,85,33.213,12.001,9.018,0.968,12.649,9.0,1.331,0.751,0.919,0
6166,211,89.74,35.191,7.634,0.329,38.275,10.841,4.61,0.217,0.659,1
8061,104,47.456,16.139,8.205,0.58,18.868,10.18,1.967,0.508,0.762,0
4119,101,36.042,13.196,9.745,0.977,13.892,10.607,1.354,0.739,0.927,0
6677,183,68.77,26.973,8.638,0.486,27.659,10.97,3.122,0.32,0.771,1
1055,96,37.213,14.507,8.426,0.871,15.232,9.0,1.722,0.581,0.923,0
10027,131,44.042,17.351,9.613,0.849,17.889,10.394,1.805,0.554,0.919,0
1804,107,39.456,14.26,9.554,0.864,15.232,10.399,1.493,0.67,0.895,0
1311,246,93.64,32.593,9.61,0.353,35.511,13.092,3.392,0.295,0.643,1
565,61,29.799,11.368,6.832,0.863,11.705,7.452,1.664,0.601,0.878,0
4009,176,85.355,33.591,6.671,0.304,36.139,10.16,5.035,0.199,0.614,1
5717,121,41.698,12.812,12.025,0.874,14.56,12.0,1.065,0.939,0.893,0
9213,101,40.87,15.544,8.273,0.76,16.763,9.0,1.879,0.532,0.874,0
2454,233,79.74,30.296,9.792,0.46,30.083,13.641,3.094,0.323,0.688,1
1390,68,29.213,9.713,8.914,1.0,10.44,9.0,1.09,0.918,0.919,0
6527,51,38.284,16.461,3.945,0.437,16.155,5.347,4.173,0.24,0.675,-1
5767,122,41.456,16.171,9.606,0.892,16.492,10.0,1.684,0.594,0.921,0
5569,203,90.569,35.585,7.263,0.311,37.736,11.385,4.899,0.204,0.586,1
8409,105,40.042,16.142,8.282,0.823,16.763,9.0,1.949,0.513,0.917,0
8199,169,84.326,34.839,6.176,0.299,35.468,9.599,5.641,0.177,0.572,1
3568,183,85.841,29.207,7.978,0.312,35.171,11.763,3.661,0.273,0.559,1
4512,117,40.284,15.066,9.888,0.906,15.652,10.607,1.524,0.656,0.918,0
6038,137,64.669,23.768,7.339,0.412,27.295,9.595,3.239,0.309,0.678,1
7926,116,42.284,17.375,8.5,0.815,17.72,9.171,2.044,0.489,0.903,0
1864,132,42.627,14.943,11.247,0.913,15.652,11.672,1.329,0.753,0.923,0
3277,202,85.397,28.958,8.882,0.348,33.601,12.888,3.26,0.307,0.636,1
6898,161,64.426,25.005,8.198,0.487,27.313,10.615,3.05,0.328,0.799,1
6272,417,161.338,46.297,11.468,0.201,60.44,24.247,4.037,0.248,0.439,-1
6121,131,46.87,17.731,9.407,0.749,19.416,10.0,1.885,0.531,0.879,0
7736,176,80.083,25.37,8.833,0.345,30.594,14.0,2.872,0.348,0.634,1
7967,87,33.799,12.745,8.692,0.957,13.601,9.192,1.466,0.682,0.941,0
7635,110,45.698,15.35,9.124,0.662,17.464,10.249,1.682,0.594,0.83,0
6927,193,91.255,34.871,7.047,0.291,39.115,10.044,4.948,0.202,0.607,1
4625,224,83.983,28.855,9.884,0.399,34.482,13.426,2.919,0.343,0.696,1
1681,118,40.284,15.234,9.863,0.914,16.125,10.0,1.545,0.647,0.918,0
1379,125,41.698,15.608,10.197,0.903,16.492,11.0,1.531,0.653,0.916,0
10217,191,82.669,32.329,7.522,0.351,35.777,10.752,4.298,0.233,0.644,1
4959,213,86.912,32.493,8.346,0.354,35.903,11.741,3.893,0.257,0.623,1
2007,118,41.113,15.875,9.464,0.877,16.553,10.286,1.677,0.596,0.901,0
7097,192,81.255,30.108,8.12,0.365,32.28,11.517,3.708,0.27,0.638,1
4297,129,43.213,16.115,10.192,0.868,16.492,10.0,1.581,0.632,0.935,0
7561,127,41.698,15.745,10.27,0.918,16.125,10.607,1.533,0.652,0.924,0
1928,132,55.355,20.214,8.315,0.541,23.324,10.231,2.431,0.411,0.798,1
7219,158,67.255,26.335,7.639,0.439,26.249,10.722,3.447,0.29,0.677,1
8699,112,40.284,14.323,9.956,0.867,15.232,10.607,1.439,0.695,0.9,0
10519,74,31.456,11.968,7.873,0.94,12.53,8.485,1.52,0.658,0.892,0
80,100,37.799,14.367,8.862,0.88,14.56,9.0,1.621,0.617,0.917,0
8566,146,44.284,15.753,11.8,0.936,17.0,12.728,1.335,0.749,0.924,0
3246,250,114.853,38.353,8.3,0.238,46.872,14.149,4.621,0.216,0.534,1
6202,461,202.149,54.666,10.737,0.142,76.694,17.591,5.091,0.196,0.486,-1
2352,272,118.267,47.294,7.323,0.244,51.614,11.138,6.459,0.155,0.58,1
6442,235,97.74,30.881,9.689,0.309,38.833,15.782,3.187,0.314,0.547,1
6667,230,91.397,38.155,7.675,0.346,38.626,11.46,4.971,0.201,0.629,1
5968,482,168.995,58.257,10.534,0.212,64.777,18.114,5.53,0.181,0.563,-1
7087,229,100.326,35.107,8.305,0.286,40.608,12.469,4.227,0.237,0.57,1
926,151,60.184,23.533,8.17,0.524,25.942,10.049,2.881,0.347,0.778,1
8540,113,39.698,14.631,9.834,0.901,15.264,10.607,1.488,0.672,0.9,0
9481,105,37.799,14.298,9.351,0.924,14.56,9.0,1.529,0.654,0.942,0
5670,200,94.811,29.797,8.546,0.28,35.171,12.578,3.487,0.287,0.54,1
4598,126,53.113,20.002,8.021,0.561,21.541,10.057,2.494,0.401,0.764,1
3362,184,67.598,23.015,10.179,0.506,26.077,13.793,2.261,0.442,0.709,1
8640,234,61.841,20.06,14.853,0.769,22.204,16.263,1.351,0.74,0.878,0
3658,167,79.255,29.726,7.153,0.334,32.757,11.225,4.156,0.241,0.623,1
9064,91,34.87,12.87,9.003,0.94,13.416,9.192,1.43,0.7,0.915,0
7622,114,44.284,15.727,9.229,0.73,17.889,10.0,1.704,0.587,0.884,0
1726,141,45.113,17.41,10.312,0.871,17.493,11.068,1.688,0.592,0.91,0
67,113,39.213,14.766,9.743,0.923,15.232,10.0,1.516,0.66,0.938,0
2747,180,86.912,27.952,8.199,0.299,32.249,12.442,3.409,0.293,0.567,1
4802,218,78.569,30.629,9.062,0.444,33.971,11.314,3.38,0.296,0.768,1
3198,217,92.912,38.551,7.167,0.316,39.115,9.832,5.379,0.186,0.652,1
2465,231,103.74,36.239,8.116,0.27,39.115,12.637,4.465,0.224,0.526,1
2940,229,64.77,27.08,10.767,0.686,27.731,12.256,2.515,0.398,0.9,0
10442,76,32.385,11.815,8.19,0.911,12.369,8.0,1.443,0.693,0.916,0
9306,91,35.213,12.977,8.929,0.922,13.892,9.707,1.453,0.688,0.924,0
772,106,40.042,15.365,8.784,0.831,16.643,9.839,1.749,0.572,0.918,0
3400,181,81.054,23.233,9.919,0.346,30.463,15.28,2.342,0.427,0.559,1
3612,246,96.326,34.109,9.183,0.333,39.446,13.548,3.714,0.269,0.592,1
8073,99,38.284,15.37,8.201,0.849,15.811,8.485,1.874,0.534,0.912,0
6242,447,184.551,32.361,17.587,0.165,49.031,37.853,1.84,0.543,0.389,-1
8413,121,43.456,17.179,8.968,0.805,17.464,9.61,1.916,0.522,0.9,0
1544,92,34.627,13.262,8.833,0.964,13.892,9.391,1.501,0.666,0.929,0
2986,231,93.397,34.034,8.642,0.333,35.609,13.648,3.938,0.254,0.605,1
8711,123,41.456,15.425,10.153,0.899,16.125,10.733,1.519,0.658,0.921,0
8563,232,89.74,35.582,8.302,0.362,37.696,11.068,4.286,0.233,0.69,1
10342,88,36.627,13.779,8.131,0.824,14.318,8.854,1.695,0.59,0.893,0
6441,297,104.326,40.919,9.241,0.343,44.181,12.493,4.428,0.226,0.66,1
3995,111,39.456,15.181,9.31,0.896,15.811,9.899,1.631,0.613,0.925,0
10485,82,33.799,12.862,8.118,0.902,13.601,8.944,1.584,0.631,0.916,0
4980,156,63.012,23.711,8.377,0.494,25.495,11.116,2.831,0.353,0.734,1
10216,144,54.527,18.666,9.822,0.609,21.19,11.676,1.9,0.526,0.791,0
8788,103,37.213,12.938,10.136,0.935,13.892,11.0,1.276,0.783,0.928,0
6060,141,63.941,22.45,7.997,0.433,26.249,12.075,2.807,0.356,0.653,1
3850,244,111.539,39.431,7.879,0.246,45.607,12.176,5.005,0.2,0.522,1
433,175,77.497,27.132,8.212,0.366,31.385,12.403,3.304,0.303,0.625,1
4262,171,62.426,23.813,9.143,0.551,25.942,11.513,2.605,0.384,0.784,1
1120,104,40.042,15.614,8.481,0.815,16.553,9.171,1.841,0.543,0.897,0
7089,130,53.698,19.637,8.429,0.567,22.561,10.0,2.33,0.429,0.81,1
6867,186,83.497,31.507,7.517,0.335,34.785,11.742,4.192,0.239,0.639,1
9317,282,123.296,37.736,9.515,0.233,45.122,14.897,3.966,0.252,0.498,-1
1927,135,46.87,18.072,9.511,0.772,18.682,10.543,1.9,0.526,0.888,0
2789,225,107.882,44.063,6.502,0.243,48.374,10.817,6.777,0.148,0.591,1
8204,227,110.225,44.823,6.448,0.235,49.769,9.606,6.951,0.144,0.575,1
1230,111,39.698,15.88,8.9,0.885,16.553,9.899,1.784,0.56,0.91,0
10034,172,83.154,25.928,8.446,0.313,29.155,11.945,3.07,0.326,0.533,1
2265,86,33.799,11.983,9.138,0.946,12.649,9.0,1.311,0.763,0.925,0
3009,222,92.811,32.746,8.632,0.324,36.401,12.365,3.794,0.264,0.574,1
9995,72,49.012,20.485,4.475,0.377,22.023,6.364,4.577,0.218,0.686,-1
6044,227,118.811,41.353,6.989,0.202,51.788,9.999,5.917,0.169,0.532,1
9636,76,33.556,13.016,7.434,0.848,13.416,8.0,1.751,0.571,0.916,0
2941,96,37.456,14.561,8.395,0.86,15.133,8.974,1.735,0.577,0.897,0
6836,258,109.397,28.912,11.362,0.271,40.311,19.434,2.545,0.393,0.501,-1
805,102,37.799,14.656,8.861,0.897,15.232,9.0,1.654,0.605,0.936,0
8582,131,42.87,15.704,10.621,0.896,16.643,11.314,1.479,0.676,0.923,0
8361,89,36.042,13.776,8.226,0.861,14.422,9.192,1.675,0.597,0.908,0
7886,108,39.456,14.123,9.736,0.872,14.56,10.752,1.451,0.689,0.896,0
8596,197,59.113,24.175,10.376,0.708,24.042,11.327,2.33,0.429,0.895,0
6573,259,99.64,40.994,8.044,0.328,40.817,12.957,5.096,0.196,0.604,-1
821,112,40.87,16.238,8.782,0.843,17.088,9.803,1.849,0.541,0.903,0
8662,300,67.497,23.033,16.584,0.827,24.187,17.678,1.389,0.72,0.912,0
8592,136,45.698,17.36,9.975,0.818,17.889,10.733,1.74,0.575,0.895,0
8194,235,104.225,39.366,7.601,0.272,44.294,11.4,5.179,0.193,0.617,-1
10549,82,33.799,13.077,7.984,0.902,13.892,9.0,1.638,0.611,0.921,0
6878,165,65.841,25.217,8.331,0.478,27.514,10.816,3.027,0.33,0.737,1
7359,212,89.154,28.671,9.415,0.335,34.713,14.773,3.045,0.328,0.572,-1
3323,182,83.154,31.862,7.273,0.331,33.601,10.473,4.381,0.228,0.583,1
5650,229,91.397,33.543,8.693,0.344,34.0,12.369,3.859,0.259,0.664,-1
3976,214,87.154,30.695,8.877,0.354,32.757,13.674,3.458,0.289,0.589,1
5479,232,93.497,35.433,8.337,0.334,37.947,11.849,4.25,0.235,0.633,1
1174,329,97.64,45.424,9.222,0.434,42.942,10.295,4.926,0.203,0.83,-1
3642,198,88.225,27.082,9.309,0.32,30.414,13.36,2.909,0.344,0.585,1
5879,196,90.083,34.939,7.143,0.304,37.108,11.15,4.892,0.204,0.59,1
1766,146,55.941,18.761,9.909,0.586,22.361,11.961,1.893,0.528,0.789,1
3360,248,80.569,33.506,9.424,0.48,34.059,12.34,3.555,0.281,0.767,-1
7147,263,113.497,36.834,9.091,0.257,46.174,16.254,4.052,0.247,0.555,1
5196,51,27.799,10.364,6.266,0.829,11.18,7.155,1.654,0.605,0.872,0
10051,99,36.627,13.17,9.571,0.927,13.928,10.0,1.376,0.727,0.921,0
7136,196,81.74,26.678,9.354,0.369,33.302,13.648,2.852,0.351,0.649,1
9413,168,82.426,25.127,8.513,0.311,30.887,13.035,2.952,0.339,0.53,1
1044,104,38.042,14.64,9.045,0.903,15.264,9.707,1.618,0.618,0.92,0
9128,132,43.698,17.14,9.806,0.869,17.493,10.286,1.748,0.572,0.917,0
9472,94,35.456,13.49,8.872,0.94,14.318,9.803,1.521,0.658,0.913,0
1363,120,40.87,15.592,9.799,0.903,16.125,10.607,1.591,0.629,0.923,0
8833,150,45.456,16.49,11.582,0.912,17.088,12.0,1.424,0.702,0.932,0
8069,145,58.77,21.973,8.402,0.528,26.249,9.899,2.615,0.382,0.803,0
5829,185,72.669,29.883,7.882,0.44,30.806,10.4,3.791,0.264,0.733,1
3084,194,109.196,40.816,6.052,0.204,49.649,10.651,6.744,0.148,0.546,1
7287,184,77.841,28.702,8.162,0.382,32.802,10.607,3.516,0.284,0.659,1
10317,76,31.799,12.323,7.853,0.944,13.038,8.854,1.569,0.637,0.916,0
7413,160,83.355,32.32,6.303,0.289,35.903,10.0,5.127,0.195,0.627,1
1810,105,37.799,14.253,9.38,0.924,14.866,9.0,1.52,0.658,0.933,0
2418,144,52.184,19.897,9.215,0.665,21.954,10.607,2.159,0.463,0.835,0
9159,122,40.527,15.241,10.192,0.933,15.652,10.607,1.495,0.669,0.914,0
3665,250,132.752,50.929,6.25,0.178,60.308,11.314,8.149,0.123,0.479,1
1848,55,29.799,11.869,5.9,0.778,12.649,6.871,2.012,0.497,0.88,-1
9776,306,126.853,26.773,14.552,0.239,41.049,25.824,1.84,0.544,0.471,1
7044,182,71.841,26.759,8.66,0.443,29.833,11.384,3.09,0.324,0.704,1
4064,114,38.042,12.958,11.202,0.99,13.892,11.884,1.157,0.864,0.931,0
6241,192,82.225,33.36,7.328,0.357,34.059,10.879,4.552,0.22,0.634,1
5636,205,55.012,20.327,12.841,0.851,21.541,13.435,1.583,0.632,0.909,0
2329,119,40.284,13.664,11.089,0.921,14.765,11.885,1.232,0.812,0.898,0
10322,74,31.213,11.68,8.066,0.954,12.207,8.485,1.448,0.691,0.919,0
7398,95,36.042,13.322,9.079,0.919,14.318,9.701,1.467,0.682,0.9,0
5537,148,63.355,24.602,7.66,0.463,27.295,10.3,3.212,0.311,0.717,1
3592,240,85.64,32.586,9.377,0.411,35.468,13.506,3.475,0.288,0.683,1
1320,209,84.083,27.921,9.531,0.371,33.377,13.793,2.93,0.341,0.64,1
5472,173,87.983,30.676,7.181,0.281,37.202,11.314,4.272,0.234,0.568,1
7641,173,84.912,28.906,7.62,0.302,33.838,10.901,3.793,0.264,0.583,1
10288,81,34.284,12.169,8.475,0.866,13.0,9.192,1.436,0.696,0.876,0
9931,247,108.953,35.624,8.828,0.261,43.417,12.649,4.035,0.248,0.575,-1
566,95,37.213,14.638,8.263,0.862,15.264,9.285,1.772,0.564,0.913,0
2859,181,61.598,17.399,13.246,0.599,20.616,14.86,1.314,0.761,0.806,-1
4767,110,45.941,15.044,9.31,0.655,16.492,11.0,1.616,0.619,0.821,-1
3888,181,85.598,28.303,8.142,0.31,34.928,12.969,3.476,0.288,0.539,1
4125,276,101.154,37.044,9.486,0.339,38.897,13.552,3.905,0.256,0.617,-1
7000,209,81.983,27.185,9.789,0.391,32.558,13.0,2.777,0.36,0.652,1
8430,90,37.213,15.022,7.628,0.817,15.232,8.384,1.969,0.508,0.896,0
8240,99,39.213,15.985,7.885,0.809,16.643,8.497,2.027,0.493,0.921,0
0,192,64.77,25.303,9.661,0.575,25.495,11.921,2.619,0.382,0.815,1
5890,173,77.841,30.5,7.222,0.359,32.28,10.791,4.223,0.237,0.647,1
6595,137,62.527,22.685,7.69,0.44,26.926,10.0,2.95,0.339,0.763,1
5752,111,38.284,13.887,10.177,0.952,14.422,10.607,1.364,0.733,0.914,0
906,108,40.627,16.189,8.494,0.822,16.279,9.0,1.906,0.525,0.9,0
3051,126,42.042,16.35,9.812,0.896,17.205,10.539,1.666,0.6,0.937,0
10329,76,31.213,11.537,8.388,0.98,12.207,9.192,1.375,0.727,0.916,0
8559,113,40.042,14.905,9.653,0.886,15.811,10.0,1.544,0.648,0.919,0
7778,235,83.012,32.995,9.068,0.429,35.847,12.256,3.638,0.275,0.762,1
8562,439,109.296,29.978,18.645,0.462,34.525,22.587,1.608,0.622,0.714,-1
2295,141,63.012,23.875,7.52,0.446,26.249,10.359,3.175,0.315,0.731,1
6209,214,90.326,34.635,7.867,0.33,38.949,11.0,4.402,0.227,0.645,1
2052,84,32.627,12.39,8.632,0.992,13.038,9.192,1.435,0.697,0.928,0
9813,113,40.042,15.072,9.546,0.886,15.524,10.0,1.579,0.633,0.908,0
4382,160,70.083,25.821,7.89,0.409,29.967,11.421,3.273,0.306,0.703,1
6788,226,90.811,33.561,8.574,0.344,38.601,11.67,3.914,0.255,0.641,1
2034,81,32.385,11.395,9.05,0.971,12.083,9.0,1.259,0.794,0.936,0
1711,431,76.083,24.384,22.505,0.936,25.495,22.627,1.083,0.923,0.946,-1
574,108,39.456,14.927,9.212,0.872,15.652,9.839,1.62,0.617,0.911,0
6947,304,104.468,40.877,9.469,0.35,43.417,11.642,4.317,0.232,0.735,-1
5191,207,83.841,33.264,7.923,0.37,34.234,10.516,4.198,0.238,0.674,1
1650,104,36.627,13.98,9.472,0.974,14.765,10.0,1.476,0.678,0.941,0
858,65,28.385,10.337,8.006,1.0,10.77,8.0,1.291,0.774,0.922,0
5866,204,92.326,36.694,7.079,0.301,39.85,10.752,5.184,0.193,0.659,1
10280,65,28.971,9.832,8.418,0.973,10.817,9.0,1.168,0.856,0.922,0
8945,228,69.355,27.004,10.75,0.596,27.313,13.209,2.512,0.398,0.809,-1
1798,118,40.627,15.168,9.905,0.898,15.524,10.0,1.531,0.653,0.925,0
7678,165,83.397,23.894,8.792,0.298,29.155,15.085,2.718,0.368,0.537,1
715,102,38.042,14.672,8.851,0.886,14.866,9.459,1.658,0.603,0.899,0
784,91,34.627,13.453,8.612,0.954,14.213,9.192,1.562,0.64,0.929,0
8146,95,36.87,13.89,8.708,0.878,14.213,9.192,1.595,0.627,0.9,0
1554,111,39.698,14.033,10.071,0.885,14.56,10.607,1.393,0.718,0.899,0
4459,109,41.113,13.801,10.056,0.81,15.264,11.2,1.373,0.729,0.855,0
2029,141,44.284,16.427,10.929,0.904,17.205,11.713,1.503,0.665,0.916,0
1422,137,44.627,17.409,10.02,0.864,17.889,10.672,1.737,0.576,0.932,0
5220,266,85.64,34.274,9.882,0.456,34.828,12.021,3.468,0.288,0.708,-1
3953,235,107.782,35.083,8.529,0.254,42.72,14.632,4.114,0.243,0.505,1
4851,91,35.799,13.362,8.671,0.892,14.318,9.0,1.541,0.649,0.919,0
3148,158,52.77,21.314,9.438,0.713,22.204,10.464,2.258,0.443,0.878,0
6829,195,79.154,30.98,8.014,0.391,34.059,11.869,3.866,0.259,0.661,1
7758,116,40.87,15.504,9.526,0.873,16.155,10.539,1.628,0.614,0.906,0
2572,163,82.426,33.003,6.288,0.301,34.928,9.656,5.248,0.191,0.593,1
3848,212,99.397,36.257,7.445,0.27,42.059,11.641,4.87,0.205,0.559,1
225,144,55.941,18.753,9.777,0.578,20.616,12.102,1.918,0.521,0.766,1
9243,153,46.527,17.419,11.183,0.888,18.028,12.021,1.558,0.642,0.924,0
2216,76,31.213,11.921,8.117,0.98,12.53,8.854,1.469,0.681,0.921,0
6759,260,105.397,29.507,11.219,0.294,36.674,18.048,2.63,0.38,0.537,1
5158,122,44.87,16.596,9.36,0.761,17.72,9.939,1.773,0.564,0.878,1
2096,86,34.042,11.795,9.283,0.933,12.649,9.803,1.271,0.787,0.901,0
350,125,42.284,16.69,9.536,0.879,17.464,10.286,1.75,0.571,0.919,0
9808,254,103.196,33.148,9.756,0.3,36.878,15.434,3.398,0.294,0.577,1
473,52,25.556,9.098,7.277,1.0,9.849,7.0,1.25,0.8,0.929,0
1959,123,40.627,15.27,10.256,0.936,15.811,10.0,1.489,0.672,0.946,0
6840,214,83.841,31.848,8.555,0.383,35.44,11.079,3.722,0.269,0.686,1
4148,145,60.527,24.508,7.533,0.497,25.632,10.028,3.254,0.307,0.769,1
7033,125,48.527,19.455,8.181,0.667,20.809,9.899,2.378,0.42,0.836,1
4664,168,71.012,26.492,8.074,0.419,30.364,11.133,3.281,0.305,0.703,1
10184,201,86.083,35.078,7.296,0.341,35.735,10.385,4.808,0.208,0.655,1
7471,143,49.698,19.035,9.565,0.728,21.26,11.314,1.99,0.503,0.872,0
3440,180,77.154,29.19,7.851,0.38,29.967,9.816,3.718,0.269,0.694,1
867,99,37.799,14.585,8.642,0.871,14.866,9.0,1.688,0.593,0.917,0
448,84,49.799,21.271,5.028,0.426,21.378,7.225,4.231,0.236,0.703,-1
1163,109,39.213,14.708,9.436,0.891,15.232,9.944,1.559,0.642,0.92,0
9371,248,111.782,27.478,11.491,0.249,34.986,16.892,2.391,0.418,0.487,1
2904,142,67.012,25.174,7.182,0.397,27.857,9.944,3.505,0.285,0.67,1
2518,113,39.456,14.581,9.867,0.912,15.264,10.607,1.478,0.677,0.922,0
4870,161,59.941,23.882,8.583,0.563,25.318,10.0,2.782,0.359,0.83,1
8737,226,65.497,29.032,9.911,0.662,28.425,10.879,2.929,0.341,0.885,-1
6010,167,65.941,21.785,9.761,0.483,25.08,12.534,2.232,0.448,0.705,1
6119,175,82.225,25.185,8.847,0.325,29.069,12.623,2.847,0.351,0.556,1
6090,195,101.154,34.334,7.231,0.239,40.804,12.013,4.748,0.211,0.455,1
2427,158,73.255,27.429,7.334,0.37,31.016,10.733,3.74,0.267,0.681,1
1981,117,40.527,15.03,9.912,0.895,15.652,10.607,1.516,0.659,0.897,0
5708,105,37.213,13.825,9.67,0.953,14.765,10.0,1.43,0.699,0.933,0
3564,202,97.983,35.247,7.297,0.264,40.706,11.557,4.83,0.207,0.552,1
26,186,75.841,28.383,8.344,0.406,32.696,11.551,3.402,0.294,0.681,1
8195,194,101.64,40.068,6.165,0.236,43.863,10.262,6.5,0.154,0.519,1
9375,255,97.397,32.896,9.87,0.338,36.497,13.682,3.333,0.3,0.601,1
5111,190,79.64,30.659,7.89,0.376,34.828,10.607,3.886,0.257,0.717,1
10298,104,49.113,18.125,7.306,0.542,20.0,9.894,2.481,0.403,0.71,1
5891,224,96.225,36.542,7.805,0.304,41.146,12.385,4.682,0.214,0.564,1
1209,172,83.841,32.783,6.68,0.307,36.77,9.285,4.907,0.204,0.642,1
2861,77,31.799,11.315,8.664,0.957,11.705,9.0,1.306,0.766,0.917,0
1162,101,38.042,15.059,8.54,0.877,15.652,9.701,1.763,0.567,0.918,0
3326,184,76.326,27.346,8.567,0.397,31.906,11.18,3.192,0.313,0.664,1
1742,96,35.799,13.029,9.381,0.941,13.601,9.0,1.389,0.72,0.937,0
6165,232,100.569,38.235,7.726,0.288,41.785,12.172,4.949,0.202,0.617,1
9205,134,44.284,17.155,9.946,0.859,17.493,10.733,1.725,0.58,0.918,0
8311,106,39.698,16.258,8.301,0.845,16.401,9.192,1.959,0.511,0.898,0
2240,93,35.456,12.958,9.138,0.93,13.601,10.0,1.418,0.705,0.903,0
1624,265,88.426,32.889,10.259,0.426,36.346,12.467,3.206,0.312,0.751,1
8585,148,44.042,15.454,12.193,0.959,16.155,12.0,1.267,0.789,0.946,0
6116,150,68.426,23.949,7.975,0.403,26.249,11.452,3.003,0.333,0.634,1
7898,80,32.627,11.721,8.69,0.944,12.369,9.0,1.349,0.741,0.92,0
3904,171,72.669,28.226,7.714,0.407,31.305,10.817,3.659,0.273,0.702,1
7820,188,86.426,34.346,6.969,0.316,36.497,10.243,4.928,0.203,0.665,1
1497,106,39.456,15.619,8.641,0.856,16.125,9.391,1.807,0.553,0.914,0
5529,201,84.912,29.068,8.804,0.35,32.757,13.339,3.302,0.303,0.596,1
8802,414,125.095,51.575,10.22,0.332,55.803,12.669,5.046,0.198,0.774,-1
6138,370,105.054,33.46,14.079,0.421,37.643,17.653,2.377,0.421,0.712,-1
983,244,64.77,26.079,11.912,0.731,26.571,13.339,2.189,0.457,0.917,0
7291,141,65.841,26.07,6.886,0.409,28.601,10.115,3.786,0.264,0.653,1
2201,98,36.284,13.667,9.13,0.935,14.422,9.192,1.497,0.668,0.912,0
4920,206,85.154,31.071,8.442,0.357,36.235,12.535,3.681,0.272,0.629,1
19,181,66.426,24.703,9.329,0.515,27.731,11.907,2.648,0.378,0.749,1
6410,252,127.782,45.26,7.089,0.194,52.802,11.976,6.384,0.157,0.448,1
5263,119,38.87,13.918,10.886,0.99,14.765,11.314,1.279,0.782,0.933,0
8515,143,47.941,19.611,9.284,0.782,19.723,9.985,2.112,0.473,0.899,0
6420,176,79.74,25.615,8.748,0.348,29.206,12.076,2.928,0.342,0.603,1
317,159,51.941,19.836,10.206,0.741,20.809,12.021,1.944,0.515,0.866,1
9568,82,32.627,11.547,9.042,0.968,12.649,9.0,1.277,0.783,0.927,0
3087,393,191.137,47.624,10.507,0.135,77.337,17.859,4.533,0.221,0.408,-1
7133,217,85.74,34.369,8.039,0.371,36.359,11.406,4.275,0.234,0.693,1
1865,265,66.669,25.85,13.053,0.749,26.401,14.142,1.98,0.505,0.895,-1
5068,141,44.042,15.999,11.221,0.913,16.763,11.0,1.426,0.701,0.934,0
3533,195,94.468,35.924,6.911,0.275,41.34,11.342,5.198,0.192,0.558,1
6924,181,83.64,34.384,6.702,0.325,37.643,9.899,5.13,0.195,0.684,1
188,59,28.627,9.666,7.771,0.905,10.77,8.485,1.244,0.804,0.868,0
1856,119,40.284,13.998,10.824,0.921,15.0,11.314,1.293,0.773,0.905,0
3827,209,103.882,29.106,9.143,0.243,35.847,17.4,3.184,0.314,0.454,1
1161,101,38.042,14.557,8.834,0.877,15.0,9.6,1.648,0.607,0.906,0
2772,171,71.113,21.893,9.945,0.425,26.249,14.0,2.201,0.454,0.695,1
6623,198,95.983,31.563,7.987,0.27,36.346,11.868,3.952,0.253,0.527,1
7293,191,81.012,32.552,7.471,0.366,34.482,10.429,4.357,0.23,0.674,1
4944,221,73.598,29.863,9.423,0.513,30.364,11.497,3.169,0.316,0.819,1
1116,98,38.284,15.493,8.054,0.84,15.811,8.485,1.924,0.52,0.907,0
10386,87,34.385,13.103,8.454,0.925,13.892,9.0,1.55,0.645,0.935,0
9906,101,37.799,15.269,8.422,0.888,15.524,8.0,1.813,0.552,0.94,0
3020,246,112.811,35.701,8.773,0.243,43.417,13.0,4.069,0.246,0.515,1
3992,143,43.698,16.06,11.337,0.941,17.088,12.0,1.417,0.706,0.926,0
1895,189,57.355,22.406,10.74,0.722,23.707,12.522,2.086,0.479,0.877,1
5129,239,94.669,35.989,8.456,0.335,39.85,12.189,4.256,0.235,0.696,1
1511,207,58.527,20.012,13.17,0.759,21.84,15.0,1.519,0.658,0.877,-1
3420,157,63.598,25.087,7.968,0.488,27.514,10.436,3.148,0.318,0.777,1
5029,159,47.698,17.537,11.544,0.878,18.358,12.338,1.519,0.658,0.916,0
3214,156,87.054,30.554,6.501,0.259,38.21,10.607,4.7,0.213,0.556,1
7068,428,164.995,37.373,14.581,0.198,61.685,23.592,2.563,0.39,0.45,-1
3668,190,84.912,31.319,7.724,0.331,34.482,11.273,4.055,0.247,0.691,1
9190,118,41.456,13.699,10.967,0.863,14.318,11.0,1.249,0.801,0.908,0
8900,198,62.284,19.82,12.72,0.641,23.022,14.108,1.558,0.642,0.803,-1
2630,144,44.284,17.305,10.595,0.923,18.028,11.314,1.633,0.612,0.938,0
1202,95,36.385,14.595,8.288,0.902,14.56,8.0,1.761,0.568,0.936,0
7706,191,80.569,27.271,8.917,0.37,30.0,12.403,3.058,0.327,0.593,1
10455,81,33.213,12.619,8.173,0.923,13.416,9.0,1.544,0.648,0.92,0
8855,190,87.397,25.978,9.312,0.313,31.623,15.476,2.79,0.358,0.517,1
2478,243,108.953,40.538,7.632,0.257,43.046,12.005,5.311,0.188,0.52,1
9755,56,26.385,8.858,8.05,1.0,9.487,8.0,1.1,0.909,0.918,0
9483,120,40.627,14.64,10.436,0.914,15.652,11.0,1.403,0.713,0.923,0
9399,220,86.083,35.021,7.998,0.373,37.162,11.03,4.379,0.228,0.725,1
6979,159,61.941,22.608,8.955,0.521,23.601,12.021,2.525,0.396,0.729,1
1813,117,40.284,15.495,9.614,0.906,15.811,9.899,1.612,0.62,0.921,0
322,202,73.598,28.528,9.016,0.469,28.443,11.0,3.164,0.316,0.747,1
7837,142,44.042,16.232,11.138,0.92,16.763,11.0,1.457,0.686,0.937,0
258,196,87.154,26.24,9.51,0.324,30.364,14.388,2.759,0.362,0.583,1
4013,157,63.841,23.861,8.378,0.484,26.42,11.18,2.848,0.351,0.757,1
3221,428,182.309,26.134,20.852,0.162,49.649,37.589,1.253,0.798,0.36,-1
3168,194,76.326,29.023,8.511,0.418,29.967,11.691,3.41,0.293,0.642,1
10332,84,34.627,13.425,7.966,0.88,14.142,8.0,1.685,0.593,0.913,0
7671,235,114.225,43.255,6.917,0.226,48.754,11.18,6.253,0.16,0.583,1
2834,180,84.326,26.645,8.601,0.318,28.443,12.477,3.098,0.323,0.578,1
2531,111,38.042,13.848,10.206,0.964,14.866,10.0,1.357,0.737,0.933,0
4970,169,60.184,21.321,10.092,0.586,23.409,12.813,2.113,0.473,0.77,1
3744,196,79.841,30.84,8.092,0.386,33.541,11.163,3.811,0.262,0.653,1
2262,88,34.627,13.26,8.45,0.922,13.601,9.0,1.569,0.637,0.907,0
9132,141,44.284,15.486,11.593,0.904,16.279,12.0,1.336,0.749,0.907,0
10304,79,33.213,12.708,7.915,0.9,13.342,8.0,1.605,0.623,0.919,0
3177,266,116.125,41.461,8.169,0.248,45.891,11.929,5.076,0.197,0.556,1
1795,211,52.87,16.48,16.302,0.949,18.028,16.0,1.011,0.989,0.95,-1
3376,216,107.983,32.771,8.392,0.233,43.105,14.0,3.905,0.256,0.479,1
1099,59,33.799,13.67,5.495,0.649,14.318,6.791,2.488,0.402,0.819,-1
4097,120,40.042,14.617,10.453,0.941,15.232,11.0,1.398,0.715,0.923,0
6084,161,70.77,24.781,8.272,0.404,28.16,12.0,2.996,0.334,0.684,1
4244,197,71.841,27.942,8.977,0.48,27.659,11.508,3.113,0.321,0.705,1
5611,79,31.799,11.278,8.919,0.982,12.083,9.0,1.264,0.791,0.935,0
854,96,37.799,15.12,8.084,0.844,15.297,8.0,1.87,0.535,0.923,0
3132,459,156.167,44.294,13.194,0.237,54.203,23.432,3.357,0.298,0.519,-1
10084,95,37.456,13.084,9.245,0.851,13.928,10.119,1.415,0.707,0.872,0
2639,140,46.385,18.723,9.521,0.818,18.439,9.0,1.967,0.509,0.949,0
8144,58,26.971,8.854,8.341,1.0,9.487,8.0,1.062,0.942,0.921,0
305,60,35.456,13.423,5.691,0.6,14.866,7.256,2.358,0.424,0.774,-1
10444,89,34.87,14.063,8.058,0.92,14.422,8.485,1.745,0.573,0.913,0
2892,170,81.012,30.421,7.115,0.326,32.558,10.409,4.275,0.234,0.577,1
6881,164,55.941,19.954,10.465,0.659,21.541,11.961,1.907,0.524,0.83,0
9259,294,130.024,33.473,11.183,0.219,46.325,20.071,2.993,0.334,0.44,1
6942,147,57.698,22.02,8.5,0.555,24.187,10.0,2.591,0.386,0.808,0
7199,151,70.77,23.788,8.082,0.379,27.731,12.248,2.943,0.34,0.611,1
2628,106,38.042,13.788,9.789,0.92,14.318,10.186,1.409,0.71,0.914,0
8273,95,36.627,14.058,8.604,0.89,14.765,9.4,1.634,0.612,0.913,0
6409,234,109.983,33.06,9.012,0.243,40.497,16.263,3.668,0.273,0.479,1
2153,52,24.971,8.137,8.137,1.0,8.944,8.0,1.0,1.0,0.929,0
6890,53,40.627,17.299,3.901,0.404,18.028,5.267,4.435,0.226,0.716,-1
8341,270,109.296,33.001,10.417,0.284,45.31,16.309,3.168,0.316,0.545,-1
4827,189,67.841,26.712,9.009,0.516,29.069,11.691,2.965,0.337,0.778,1
760,56,25.799,8.858,8.05,1.0,9.487,8.0,1.1,0.909,0.918,0
2263,85,32.971,11.552,9.369,0.983,12.083,9.0,1.233,0.811,0.944,0
746,192,84.326,28.428,8.599,0.339,30.414,12.728,3.306,0.303,0.594,1
4434,201,74.669,28.888,8.859,0.453,31.89,11.931,3.261,0.307,0.738,1
1165,107,38.87,15.339,8.882,0.89,15.811,9.192,1.727,0.579,0.922,0
7991,90,34.627,12.618,9.082,0.943,13.342,9.0,1.389,0.72,0.928,0
2146,91,35.213,13.031,8.891,0.922,13.342,9.0,1.466,0.682,0.915,0
5972,177,78.426,29.068,7.753,0.362,32.202,12.025,3.749,0.267,0.625,1
1274,168,64.426,26.186,8.169,0.509,28.178,10.733,3.206,0.312,0.776,1
4661,186,70.184,28.401,8.339,0.475,30.364,10.491,3.406,0.294,0.823,1
9741,219,91.255,29.429,9.475,0.33,34.132,15.352,3.106,0.322,0.586,1
1124,114,42.627,16.566,8.762,0.788,17.263,9.0,1.891,0.529,0.905,0
3163,245,105.882,37.015,8.427,0.275,43.417,13.739,4.392,0.228,0.526,1
2396,95,56.184,16.116,7.505,0.378,19.209,9.839,2.147,0.466,0.72,-1
10476,96,41.213,15.862,7.706,0.71,17.464,8.0,2.058,0.486,0.893,0
1995,118,39.456,14.658,10.25,0.953,15.524,10.0,1.43,0.699,0.937,0
3918,260,118.953,46.34,7.144,0.231,51.971,12.473,6.487,0.154,0.55,1
6792,237,94.711,38.061,7.928,0.332,40.361,10.607,4.801,0.208,0.661,1
2384,242,107.983,30.456,10.117,0.261,37.736,18.615,3.01,0.332,0.467,1
1938,135,43.456,15.602,11.017,0.898,16.155,12.0,1.416,0.706,0.915,0
4583,175,59.355,23.563,9.456,0.624,24.698,11.384,2.492,0.401,0.841,1
391,182,73.355,29.536,7.846,0.425,30.806,10.324,3.765,0.266,0.711,1
5272,110,38.627,14.415,9.716,0.926,14.56,10.0,1.484,0.674,0.924,0
2486,86,33.213,11.92,9.186,0.98,12.649,9.0,1.298,0.771,0.935,0
9295,59,29.213,9.431,7.966,0.869,10.44,9.0,1.184,0.845,0.861,0
7562,126,41.456,15.274,10.503,0.921,15.811,11.0,1.454,0.688,0.92,0
861,51,25.213,8.865,7.325,1.0,9.487,7.778,1.21,0.826,0.887,0
5422,117,39.456,13.754,10.831,0.944,14.56,11.0,1.27,0.787,0.925,0
4896,217,91.983,36.613,7.546,0.322,39.812,11.18,4.852,0.206,0.669,1
1266,172,50.284,17.943,12.205,0.855,18.682,12.0,1.47,0.68,0.93,0
309,61,28.971,9.306,8.346,0.913,10.296,8.974,1.115,0.897,0.897,0
1465,122,41.456,15.944,9.743,0.892,16.553,10.357,1.636,0.611,0.91,0
6673,302,110.711,30.859,12.46,0.31,42.755,17.71,2.477,0.404,0.566,-1
1477,120,40.042,14.928,10.235,0.941,15.652,11.0,1.459,0.686,0.93,0
6849,465,193.48,33.123,17.874,0.156,47.424,35.501,1.853,0.54,0.422,-1
6945,161,64.912,28.414,7.214,0.48,28.425,9.192,3.939,0.254,0.768,1
3709,405,162.267,37.872,13.616,0.193,55.946,24.658,2.781,0.36,0.408,-1
4592,182,69.012,27.691,8.368,0.48,29.155,10.914,3.309,0.302,0.786,1
1056,102,37.799,14.591,8.901,0.897,14.866,9.0,1.639,0.61,0.936,0
1801,107,37.799,14.389,9.468,0.941,14.56,9.0,1.52,0.658,0.951,0
485,115,42.385,17.049,8.588,0.804,16.763,9.0,1.985,0.504,0.913,0
7925,98,36.627,13.712,9.1,0.918,14.318,9.839,1.507,0.664,0.92,0
8916,155,64.77,23.739,8.313,0.464,26.173,11.0,2.856,0.35,0.711,1
7443,194,85.255,33.962,7.273,0.335,35.511,9.0,4.669,0.214,0.746,1
9479,120,41.456,15.015,10.176,0.877,15.652,10.914,1.476,0.678,0.906,0
5115,210,75.983,29.712,8.999,0.457,30.0,11.935,3.302,0.303,0.702,1
3229,398,188.167,25.162,20.139,0.141,49.396,34.63,1.249,0.8,0.357,-1
1369,110,40.284,15.375,9.109,0.852,15.811,9.899,1.688,0.592,0.898,0
3656,228,100.125,42.345,6.856,0.286,43.863,10.921,6.177,0.162,0.592,1
3710,152,59.841,23.246,8.325,0.533,23.854,10.607,2.792,0.358,0.733,1
1657,121,41.456,15.553,9.906,0.885,16.155,10.956,1.57,0.637,0.92,0
2450,203,78.669,24.943,10.362,0.412,27.203,14.0,2.407,0.415,0.654,1
9600,211,82.326,25.33,10.606,0.391,28.018,16.2,2.388,0.419,0.604,1
6310,118,39.456,14.769,10.173,0.953,15.297,10.0,1.452,0.689,0.933,0
6824,250,107.539,38.427,8.284,0.272,46.098,13.133,4.639,0.216,0.554,1
6692,235,102.569,37.976,7.879,0.281,42.485,12.846,4.82,0.207,0.532,1
3390,266,135.681,37.499,9.032,0.182,51.971,17.344,4.152,0.241,0.378,1
130,145,51.941,18.995,9.719,0.675,21.024,11.094,1.954,0.512,0.843,1
4627,139,56.77,21.447,8.252,0.542,23.087,10.0,2.599,0.385,0.79,1
4017,223,87.397,34.374,8.26,0.367,36.674,11.147,4.162,0.24,0.682,1
9876,124,61.698,17.852,8.844,0.409,22.804,12.0,2.018,0.495,0.653,1
817,90,35.456,13.832,8.284,0.9,14.318,8.944,1.67,0.599,0.914,0
2501,228,107.64,33.002,8.797,0.247,37.643,16.934,3.752,0.267,0.48,1
8865,385,135.539,50.102,9.784,0.263,59.481,14.088,5.121,0.195,0.694,-1
203,207,94.083,35.828,7.356,0.294,40.162,11.329,4.87,0.205,0.585,1
8170,92,35.799,13.813,8.48,0.902,14.318,9.0,1.629,0.614,0.929,0
7361,148,64.527,21.811,8.64,0.447,26.476,11.0,2.525,0.396,0.757,1
4612,183,72.326,28.275,8.241,0.44,29.682,10.817,3.431,0.291,0.704,1
5720,104,38.042,14.351,9.227,0.903,15.0,9.899,1.555,0.643,0.92,0
3008,197,82.912,34.616,7.246,0.36,33.242,9.76,4.777,0.209,0.669,1
5882,199,89.983,30.29,8.365,0.309,34.409,12.021,3.621,0.276,0.575,1
6451,215,101.64,34.772,7.873,0.262,41.617,12.851,4.417,0.226,0.5,1
2234,89,34.385,12.312,9.204,0.946,13.416,9.0,1.338,0.747,0.942,0
7751,265,100.225,34.676,9.73,0.332,38.288,15.375,3.564,0.281,0.635,-1
7884,100,38.971,14.703,8.66,0.827,14.866,9.0,1.698,0.589,0.913,0
5122,157,65.255,24.448,8.176,0.463,25.807,11.233,2.99,0.334,0.696,1
5612,127,42.87,15.485,10.442,0.868,16.643,11.314,1.483,0.674,0.904,0
8856,77,36.627,11.065,8.86,0.721,12.649,9.0,1.249,0.801,0.824,0
5436,446,181.622,41.585,13.655,0.17,69.354,25.111,3.045,0.328,0.427,-1
9593,89,35.213,12.885,8.794,0.902,13.416,9.171,1.465,0.683,0.908,0
7008,230,105.296,25.798,11.351,0.261,35.341,18.159,2.273,0.44,0.46,1
6502,71,40.87,14.959,6.043,0.534,17.464,7.614,2.475,0.404,0.759,-1
4948,148,55.698,21.995,8.567,0.599,23.087,10.522,2.567,0.39,0.815,1
6958,241,103.64,34.929,8.785,0.282,42.202,14.426,3.976,0.252,0.56,1
10167,116,40.284,15.367,9.611,0.898,15.811,9.899,1.599,0.625,0.921,0
5975,199,88.326,34.126,7.425,0.321,36.688,11.068,4.596,0.218,0.602,1
2891,212,97.64,25.559,10.561,0.279,31.765,16.238,2.42,0.413,0.489,1
4727,117,41.698,14.845,10.035,0.846,15.297,10.733,1.479,0.676,0.903,0
9433,210,68.669,31.079,8.603,0.56,30.017,9.604,3.612,0.277,0.857,-1
5695,127,43.113,15.267,10.592,0.859,16.553,11.314,1.441,0.694,0.894,0
2709,132,51.456,21.006,8.001,0.626,21.587,9.0,2.625,0.381,0.852,1
6818,171,73.983,30.142,7.223,0.393,32.65,10.607,4.173,0.24,0.685,1
6240,189,86.225,32.425,7.422,0.319,37.014,11.751,4.369,0.229,0.619,1
10016,182,77.154,29.239,7.925,0.384,31.953,12.017,3.689,0.271,0.657,1
5522,227,86.225,30.092,9.605,0.384,32.573,13.757,3.133,0.319,0.618,1
6972,320,112.569,33.058,12.325,0.317,40.817,18.21,2.682,0.373,0.588,-1
4318,166,72.669,26.179,8.074,0.395,29.411,11.179,3.243,0.308,0.659,1
4893,165,62.77,24.596,8.541,0.526,25.962,11.284,2.88,0.347,0.767,1
3916,225,79.74,31.025,9.234,0.445,32.802,12.682,3.36,0.298,0.71,1
8910,116,41.113,15.421,9.577,0.862,15.811,9.899,1.61,0.621,0.899,0
884,103,38.284,15.04,8.719,0.883,15.811,9.192,1.725,0.58,0.904,0
3500,206,79.598,28.681,9.145,0.409,31.765,12.746,3.136,0.319,0.683,1
3114,245,109.882,38.673,8.066,0.255,42.72,12.512,4.794,0.209,0.544,1
7149,208,94.811,37.076,7.143,0.291,40.224,11.495,5.191,0.193,0.58,1
4377,119,40.627,14.478,10.465,0.906,15.524,10.0,1.383,0.723,0.922,0
2138,88,34.385,12.01,9.33,0.935,13.038,10.0,1.287,0.777,0.926,0
5951,216,104.468,42.273,6.506,0.249,45.188,10.286,6.498,0.154,0.62,1
8942,96,36.042,13.124,9.314,0.929,13.928,10.0,1.409,0.71,0.906,0
7576,110,38.87,14.718,9.516,0.915,15.62,9.899,1.547,0.647,0.917,0
3990,111,39.456,14.687,9.623,0.896,15.264,10.286,1.526,0.655,0.902,0
8083,78,32.385,12.206,8.137,0.935,13.038,8.944,1.5,0.667,0.929,0
7798,204,84.912,33.304,7.799,0.356,35.847,10.539,4.27,0.234,0.645,1
3886,225,107.882,32.114,8.921,0.243,42.012,14.538,3.6,0.278,0.457,1
2553,137,45.456,15.092,11.558,0.833,15.524,12.0,1.306,0.766,0.913,0
480,94,38.042,14.283,8.379,0.816,14.866,9.0,1.705,0.587,0.913,0
6341,117,40.385,15.711,9.482,0.901,15.811,9.0,1.657,0.604,0.951,0
3677,270,138.024,46.74,7.355,0.178,57.983,13.171,6.355,0.157,0.452,1
3182,229,96.083,39.901,7.307,0.312,41.976,10.304,5.46,0.183,0.698,1
8031,112,40.627,16.055,8.882,0.853,16.492,9.0,1.807,0.553,0.926,0
8987,117,40.284,15.525,9.595,0.906,16.155,10.286,1.618,0.618,0.914,0
9207,140,45.698,17.331,10.285,0.842,18.028,10.914,1.685,0.593,0.897,0
9709,104,37.213,13.226,10.012,0.944,13.928,10.0,1.321,0.757,0.937,0
8565,168,60.184,23.434,9.128,0.583,23.601,10.965,2.567,0.39,0.765,1
8578,146,49.355,16.303,11.403,0.753,17.493,13.416,1.43,0.699,0.866,0
9249,85,34.627,11.799,9.172,0.891,13.038,9.839,1.286,0.777,0.895,0
3037,197,55.355,20.242,12.391,0.808,20.809,13.956,1.634,0.612,0.902,0
9867,178,59.012,20.864,10.863,0.642,22.091,12.944,1.921,0.521,0.811,1
5360,202,70.083,22.985,11.189,0.517,26.249,14.892,2.054,0.487,0.706,1
387,147,54.77,20.748,9.021,0.616,23.601,10.607,2.3,0.435,0.835,1
3195,232,95.882,38.97,7.58,0.317,41.617,10.348,5.141,0.195,0.703,1
4172,224,97.054,36.607,7.791,0.299,39.395,12.075,4.699,0.213,0.61,1
2692,194,79.74,27.029,9.139,0.383,32.894,13.068,2.958,0.338,0.652,1
257,220,80.77,33.126,8.456,0.424,32.985,10.593,3.918,0.255,0.726,1
2428,122,40.627,14.656,10.599,0.929,15.652,11.0,1.383,0.723,0.928,0
4645,356,134.853,39.63,11.438,0.246,49.769,17.238,3.465,0.289,0.56,-1
4726,116,41.113,14.154,10.435,0.862,15.133,11.0,1.356,0.737,0.896,0
9983,188,89.983,34.477,6.943,0.292,39.812,10.661,4.966,0.201,0.646,1
6492,219,80.426,28.774,9.691,0.425,31.906,12.655,2.969,0.337,0.681,1
5825,153,61.841,22.432,8.684,0.503,23.707,11.094,2.583,0.387,0.748,1
3090,173,86.083,27.855,7.908,0.293,34.015,11.811,3.523,0.284,0.547,1
10337,63,28.627,10.693,7.501,0.966,11.18,7.778,1.426,0.701,0.906,0
9415,280,100.569,38.104,9.356,0.348,41.593,13.883,4.073,0.246,0.636,1
7823,232,96.711,40.8,7.24,0.312,43.012,11.314,5.636,0.177,0.644,1
7999,88,35.456,13.486,8.308,0.88,13.928,8.944,1.623,0.616,0.903,0
3505,147,70.083,22.955,8.154,0.376,26.173,12.0,2.815,0.355,0.613,1
9403,284,117.882,41.808,8.649,0.257,49.729,13.558,4.834,0.207,0.594,1
2215,75,30.627,11.281,8.465,1.0,12.083,9.0,1.333,0.75,0.92,0
167,91,58.284,20.151,5.75,0.337,24.515,8.004,3.505,0.285,0.587,-1
3994,151,59.598,23.323,8.243,0.534,24.698,10.539,2.829,0.353,0.786,1
5205,462,201.622,29.83,19.72,0.143,63.891,32.187,1.513,0.661,0.37,-1
5031,123,40.87,13.984,11.199,0.925,15.524,11.0,1.249,0.801,0.918,0
4812,178,71.497,27.536,8.23,0.438,28.425,11.149,3.346,0.299,0.683,1
2923,243,105.154,40.644,7.612,0.276,42.72,10.672,5.339,0.187,0.641,1
1082,114,41.456,16.945,8.566,0.834,17.464,9.0,1.978,0.506,0.919,0
5959,188,77.983,31.994,7.482,0.388,33.601,10.607,4.276,0.234,0.69,1
7490,127,41.456,14.504,11.149,0.929,15.652,12.0,1.301,0.769,0.917,0
8658,127,40.627,14.263,11.337,0.967,15.232,11.0,1.258,0.795,0.948,0
2218,89,35.213,12.95,8.751,0.902,13.601,9.0,1.48,0.676,0.908,0
7265,118,42.627,15.082,9.961,0.816,17.029,11.0,1.514,0.66,0.901,0
4003,126,40.627,14.448,11.104,0.959,15.62,12.0,1.301,0.769,0.94,0
3192,233,106.711,39.847,7.445,0.257,44.944,12.338,5.352,0.187,0.53,1
4342,179,71.113,27.112,8.406,0.445,29.833,11.0,3.225,0.31,0.772,1
5626,108,38.87,13.729,10.016,0.898,14.422,11.0,1.371,0.73,0.908,0
2500,62,59.113,19.757,3.996,0.223,26.571,6.655,4.945,0.202,0.459,-1
8675,229,74.184,30.106,9.685,0.523,31.048,12.101,3.108,0.322,0.763,-1
9953,251,70.326,29.422,10.862,0.638,28.425,12.667,2.709,0.369,0.847,-1
3522,234,94.468,36.543,8.153,0.33,39.205,12.164,4.482,0.223,0.642,1
5439,171,72.083,28.876,7.54,0.414,31.064,10.914,3.83,0.261,0.704,1
9072,98,36.627,13.535,9.219,0.918,14.422,9.899,1.468,0.681,0.925,0
3385,217,99.983,35.121,7.867,0.273,41.0,13.229,4.464,0.224,0.57,1
10422,100,38.284,14.383,8.853,0.857,15.0,9.839,1.625,0.616,0.881,0
2574,207,85.397,32.07,8.218,0.357,33.838,10.786,3.902,0.256,0.652,1
694,95,35.799,13.766,8.787,0.932,14.318,9.0,1.567,0.638,0.931,0
3213,177,79.255,31.061,7.256,0.354,34.176,10.752,4.281,0.234,0.659,1
9609,269,138.167,51.303,6.676,0.177,61.221,11.314,7.685,0.13,0.459,1
581,227,70.284,30.841,9.371,0.577,29.732,10.593,3.291,0.304,0.871,-1
2070,84,34.042,11.533,9.274,0.911,12.207,9.899,1.244,0.804,0.889,0
1549,143,45.113,16.87,10.793,0.883,17.72,11.628,1.563,0.64,0.911,0
7060,191,82.426,26.734,9.096,0.353,30.806,13.298,2.939,0.34,0.585,1
7105,202,79.255,31.647,8.127,0.404,33.541,11.159,3.894,0.257,0.688,1
10315,84,34.385,13.369,8.0,0.893,13.928,8.0,1.671,0.598,0.933,0
4546,152,56.527,21.695,8.921,0.598,23.707,10.733,2.432,0.411,0.833,1
7869,106,40.87,15.921,8.477,0.797,17.0,9.391,1.878,0.532,0.902,0
1486,101,37.213,13.658,9.416,0.917,13.928,9.803,1.451,0.689,0.922,0
3623,132,42.627,16.057,10.467,0.913,16.553,11.0,1.534,0.652,0.94,0
5885,169,74.083,28.024,7.678,0.387,29.155,11.353,3.65,0.274,0.638,1
5857,175,76.083,30.27,7.361,0.38,32.311,10.286,4.112,0.243,0.729,1
9293,112,39.456,15.04,9.482,0.904,15.652,10.4,1.586,0.63,0.922,0
7168,163,73.497,27.32,7.597,0.379,31.623,10.607,3.596,0.278,0.671,1
3119,154,73.154,30.518,6.425,0.362,32.45,9.871,4.75,0.211,0.684,1
1891,106,39.213,15.366,8.783,0.866,15.811,9.0,1.749,0.572,0.926,0
7601,134,42.87,15.27,11.173,0.916,16.279,11.0,1.367,0.732,0.918,0
2588,179,63.841,25.32,9.001,0.552,27.459,10.914,2.813,0.355,0.819,1
8869,212,75.255,29.279,9.219,0.47,31.623,12.333,3.176,0.315,0.749,1
9525,75,31.213,10.157,9.402,0.967,11.18,9.899,1.08,0.926,0.915,0
7821,176,77.841,25.646,8.738,0.365,28.443,12.162,2.935,0.341,0.606,1
2757,226,95.882,33.248,8.655,0.309,36.125,13.044,3.842,0.26,0.59,1
7461,195,94.326,36.732,6.759,0.275,40.522,10.436,5.434,0.184,0.587,1
3764,246,102.225,35.059,8.934,0.296,41.11,12.369,3.924,0.255,0.584,1
4815,72,36.042,14.44,6.349,0.697,15.0,7.814,2.274,0.44,0.814,-1
2166,83,33.213,12.314,8.582,0.946,13.038,9.192,1.435,0.697,0.922,0
5419,118,40.042,15.522,9.68,0.925,16.401,9.899,1.604,0.624,0.948,0
6343,119,41.213,15.342,9.876,0.88,15.652,10.0,1.554,0.644,0.926,0
7890,92,36.042,14.134,8.288,0.89,14.866,9.0,1.705,0.586,0.92,0
3635,210,98.711,37.306,7.167,0.271,42.012,11.298,5.205,0.192,0.56,1
2116,78,32.385,11.562,8.589,0.935,12.207,9.0,1.346,0.743,0.918,0
3960,290,138.853,34.058,10.842,0.189,52.612,18.449,3.141,0.318,0.434,1
10465,76,31.213,11.83,8.18,0.98,12.369,8.0,1.446,0.691,0.927,0
5289,86,33.456,11.957,9.158,0.966,12.53,9.839,1.306,0.766,0.905,0
8183,99,37.456,14.647,8.606,0.887,15.264,9.192,1.702,0.588,0.921,0
4324,154,62.527,24.895,7.876,0.495,25.962,10.0,3.161,0.316,0.778,1
8950,94,35.456,13.828,8.655,0.94,14.422,9.192,1.598,0.626,0.917,0
4391,183,75.397,28.703,8.118,0.405,31.145,10.607,3.536,0.283,0.696,1
8763,124,44.042,17.768,8.886,0.803,18.358,9.707,2.0,0.5,0.919,0
7354,79,44.77,14.813,6.79,0.495,17.804,8.372,2.181,0.458,0.728,-1
5398,118,40.87,13.609,11.04,0.888,14.56,11.642,1.233,0.811,0.897,0
1275,121,40.87,15.421,9.991,0.91,16.155,10.733,1.544,0.648,0.92,0
4030,127,40.87,14.663,11.028,0.955,15.652,11.926,1.33,0.752,0.924,0
4700,152,62.184,23.361,8.284,0.494,26.249,11.068,2.82,0.355,0.8,1
6721,177,73.598,29.433,7.657,0.411,30.083,10.733,3.844,0.26,0.66,1
1578,101,38.042,13.857,9.28,0.877,14.866,10.0,1.493,0.67,0.894,0
8801,89,34.87,12.533,9.042,0.92,13.601,9.899,1.386,0.721,0.908,0
8027,115,42.284,16.567,8.838,0.808,17.0,9.391,1.875,0.533,0.898,0
9383,268,110.024,37.483,9.103,0.278,44.944,14.725,4.117,0.243,0.538,1
1965,100,36.627,13.6,9.362,0.937,14.318,10.0,1.453,0.688,0.926,0
1803,83,32.627,11.936,8.854,0.98,12.53,9.192,1.348,0.742,0.927,0
2613,95,35.456,12.172,9.937,0.95,13.0,10.539,1.225,0.816,0.909,0
6754,173,71.983,28.439,7.745,0.42,31.401,10.607,3.672,0.272,0.721,1
1178,112,38.627,14.583,9.779,0.943,15.232,10.0,1.491,0.671,0.941,0
10292,102,47.941,19.026,6.826,0.558,20.809,9.033,2.787,0.359,0.773,1
781,97,37.213,14.163,8.72,0.88,14.56,9.0,1.624,0.616,0.919,0
2929,251,114.468,34.342,9.306,0.241,41.761,13.889,3.69,0.271,0.577,1
7702,146,53.941,21.147,8.791,0.631,22.023,10.607,2.406,0.416,0.818,1
9864,254,95.397,33.647,9.612,0.351,35.341,13.921,3.501,0.286,0.606,1
800,88,34.87,13.41,8.355,0.909,13.892,8.485,1.605,0.623,0.917,0
8716,216,57.355,20.453,13.446,0.825,22.361,14.849,1.521,0.657,0.917,0
3490,223,99.74,36.559,7.766,0.282,41.593,12.18,4.707,0.212,0.575,1
3186,247,98.125,35.386,8.887,0.322,36.62,14.849,3.982,0.251,0.574,1
9740,198,93.255,33.98,7.419,0.286,38.626,10.653,4.58,0.218,0.569,1
643,73,33.799,12.871,7.221,0.803,14.213,8.485,1.782,0.561,0.885,0
1777,104,38.042,14.888,8.894,0.903,15.264,9.803,1.674,0.597,0.92,0
3502,198,98.125,25.926,9.724,0.258,36.674,15.273,2.666,0.375,0.464,1
5548,201,80.426,27.903,9.172,0.39,30.083,12.677,3.042,0.329,0.624,1
6296,122,41.456,15.75,9.862,0.892,16.155,10.672,1.597,0.626,0.917,0
2301,83,32.627,11.936,8.854,0.98,12.53,9.192,1.348,0.742,0.927,0
5349,158,68.426,24.874,8.088,0.424,26.926,10.989,3.076,0.325,0.675,1
608,200,72.083,24.199,10.523,0.484,28.425,12.457,2.3,0.435,0.765,1
4794,178,68.083,27.42,8.265,0.483,29.155,11.036,3.318,0.301,0.745,1
9993,131,44.87,17.036,9.79,0.818,18.028,10.914,1.74,0.575,0.894,0
3183,193,80.569,31.022,7.921,0.374,31.78,11.492,3.916,0.255,0.617,1
5755,108,38.284,14.101,9.752,0.926,14.56,10.607,1.446,0.692,0.911,0
1978,91,34.385,12.442,9.312,0.967,13.0,9.0,1.336,0.748,0.943,0
5531,211,86.326,31.716,8.471,0.356,33.526,11.64,3.744,0.267,0.64,1
6479,138,61.841,23.187,7.578,0.453,23.77,9.839,3.06,0.327,0.69,1
7770,108,37.456,14.062,9.779,0.967,14.866,10.0,1.438,0.695,0.931,0
6133,170,73.74,28.606,7.566,0.393,31.906,10.7,3.781,0.265,0.702,1
6601,194,91.054,36.762,6.719,0.294,39.661,10.585,5.471,0.183,0.587,1
5733,105,36.627,13.355,10.01,0.984,13.928,10.0,1.334,0.75,0.933,0
10220,127,51.698,19.751,8.187,0.597,22.136,9.839,2.412,0.415,0.812,1
1300,165,59.598,23.156,9.073,0.584,24.207,11.314,2.552,0.392,0.789,1
331,238,100.711,32.478,9.33,0.295,37.736,12.762,3.481,0.287,0.585,1
3123,247,97.255,39.972,7.868,0.328,39.623,10.298,5.081,0.197,0.69,1
3033,246,101.054,29.012,10.796,0.303,34.132,18.04,2.687,0.372,0.56,1
7224,205,90.083,36.194,7.212,0.317,40.162,10.672,5.019,0.199,0.703,1
7716,216,76.184,30.283,9.082,0.468,30.083,12.0,3.335,0.3,0.75,1
4543,170,66.669,27.842,7.774,0.481,28.425,10.607,3.581,0.279,0.741,1
3325,205,119.882,33.032,7.902,0.179,44.598,14.851,4.18,0.239,0.389,1
3052,82,32.627,10.929,9.553,0.968,11.705,10.0,1.144,0.874,0.916,0
5230,145,65.598,24.364,7.577,0.423,26.683,11.0,3.215,0.311,0.711,1
8119,102,40.627,16.502,7.87,0.777,17.088,8.629,2.097,0.477,0.903,0
2300,147,68.669,23.036,8.125,0.392,28.636,11.948,2.835,0.353,0.659,1
5872,254,100.468,35.476,9.116,0.316,37.577,13.521,3.892,0.257,0.63,1
4984,157,63.012,19.734,10.13,0.497,24.187,12.309,1.948,0.513,0.729,1
5484,100,36.87,13.057,9.752,0.924,13.928,10.585,1.339,0.747,0.893,0
9939,163,79.497,27.387,7.578,0.324,30.364,10.925,3.614,0.277,0.554,1
196,182,72.77,29.163,7.946,0.432,30.265,10.837,3.67,0.272,0.727,1
9924,220,121.64,36.329,7.71,0.187,48.384,14.552,4.712,0.212,0.403,1
7639,140,54.87,20.816,8.563,0.584,23.195,9.0,2.431,0.411,0.886,0
10282,89,34.627,12.907,8.78,0.933,13.892,9.707,1.47,0.68,0.908,0
9234,108,43.456,14.88,9.241,0.719,17.464,10.539,1.61,0.621,0.874,0
7725,247,96.811,30.386,10.35,0.331,34.205,12.978,2.936,0.341,0.664,1
5329,193,77.154,31.749,7.74,0.407,33.838,10.607,4.102,0.244,0.732,1
6025,233,101.64,31.229,9.5,0.283,37.108,16.672,3.287,0.304,0.514,1
7948,95,36.042,13.845,8.736,0.919,14.422,9.192,1.585,0.631,0.922,0
7714,61,33.799,13.019,5.966,0.671,14.422,7.442,2.182,0.458,0.824,-1
6414,242,109.439,37.597,8.195,0.254,45.277,13.257,4.588,0.218,0.568,-1
1751,129,42.042,14.284,11.498,0.917,14.866,12.0,1.242,0.805,0.921,0
4388,219,84.083,32.056,8.698,0.389,35.735,11.554,3.685,0.271,0.697,1
887,50,28.627,11.833,5.38,0.767,12.083,6.102,2.199,0.455,0.84,0
3664,196,70.326,29.036,8.595,0.498,29.833,10.364,3.378,0.296,0.79,-1
773,106,39.698,15.597,8.653,0.845,15.811,9.192,1.802,0.555,0.895,0
9385,220,100.468,29.614,9.459,0.274,38.328,14.442,3.131,0.319,0.495,1
992,94,36.385,13.771,8.691,0.892,13.928,9.0,1.584,0.631,0.917,0
2569,161,49.113,17.328,11.83,0.839,18.439,13.0,1.465,0.683,0.91,0
2330,117,40.385,14.934,9.975,0.901,15.232,10.0,1.497,0.668,0.932,0
5480,154,64.527,24.116,8.131,0.465,25.554,11.535,2.966,0.337,0.705,1
60,194,81.497,29.576,8.352,0.367,33.242,11.993,3.541,0.282,0.63,1
6823,191,82.326,31.143,7.809,0.354,32.28,10.8,3.988,0.251,0.607,1
2803,85,32.971,11.905,9.091,0.983,13.038,9.0,1.31,0.764,0.944,0
4552,133,46.87,17.331,9.771,0.761,18.439,10.983,1.774,0.564,0.872,0
2110,88,35.213,13.411,8.354,0.892,14.318,9.0,1.605,0.623,0.917,0
8079,79,32.87,12.33,8.158,0.919,12.649,8.598,1.511,0.662,0.888,0
8394,103,40.042,16.008,8.192,0.807,16.492,9.0,1.954,0.512,0.896,0
5215,210,85.255,32.404,8.251,0.363,32.558,11.225,3.927,0.255,0.644,1
5343,187,70.669,26.609,8.948,0.471,28.601,12.494,2.974,0.336,0.698,1
6532,160,68.77,24.269,8.394,0.425,27.893,12.085,2.891,0.346,0.69,1
10336,86,33.456,11.904,9.199,0.966,12.649,9.899,1.294,0.773,0.905,0
3065,58,42.87,15.846,4.66,0.397,18.601,7.682,3.4,0.294,0.583,-1
7901,101,38.627,15.026,8.558,0.851,15.297,9.0,1.756,0.57,0.906,0
2587,242,109.882,38.887,7.924,0.252,44.204,13.2,4.908,0.204,0.507,1
10520,77,32.971,12.489,7.85,0.89,13.0,8.0,1.591,0.629,0.917,0
8757,481,264.434,39.862,15.364,0.086,81.394,26.895,2.595,0.385,0.353,-1
4581,69,36.627,13.709,6.408,0.646,14.318,8.0,2.139,0.467,0.831,-1
4004,172,73.841,27.569,7.944,0.396,29.614,11.17,3.47,0.288,0.655,1
2831,138,44.87,16.369,10.734,0.861,17.088,11.642,1.525,0.656,0.908,0
1090,94,37.456,14.741,8.119,0.842,15.811,9.192,1.816,0.551,0.9,0
3223,188,96.326,28.783,8.316,0.255,34.205,14.948,3.461,0.289,0.474,1
5883,99,36.627,13.735,9.178,0.927,14.318,9.0,1.497,0.668,0.93,0
9114,191,85.397,28.914,8.411,0.329,32.45,12.706,3.438,0.291,0.571,1
4123,212,79.74,31.152,8.665,0.419,34.0,12.442,3.595,0.278,0.716,1
2855,87,33.213,10.936,10.129,0.991,11.705,10.0,1.08,0.926,0.93,0
8402,193,92.225,36.348,6.761,0.285,39.115,11.371,5.377,0.186,0.563,1
7692,197,89.882,24.353,10.3,0.306,29.069,17.849,2.364,0.423,0.537,1
4406,168,67.598,24.618,8.689,0.462,26.907,11.303,2.833,0.353,0.716,1
508,383,152.468,29.624,16.461,0.207,46.69,27.451,1.8,0.556,0.423,-1
9443,109,38.042,13.9,9.984,0.946,14.422,10.607,1.392,0.718,0.932,0
7433,221,97.74,26.876,10.47,0.291,34.713,15.043,2.567,0.39,0.527,1
8368,95,36.87,14.156,8.544,0.878,15.232,9.192,1.657,0.604,0.913,0
2159,84,33.456,12.498,8.558,0.943,13.342,9.0,1.46,0.685,0.903,0
9186,129,43.698,16.614,9.886,0.849,17.088,10.585,1.681,0.595,0.905,0
10491,95,36.042,13.866,8.723,0.919,14.422,9.487,1.59,0.629,0.913,0
9773,67,29.213,9.844,8.666,0.987,10.77,9.0,1.136,0.88,0.912,0
6789,211,83.841,32.732,8.208,0.377,34.234,11.975,3.988,0.251,0.674,1
10022,113,39.456,14.913,9.648,0.912,15.524,10.0,1.546,0.647,0.922,0
10495,85,34.042,13.216,8.189,0.922,13.892,9.153,1.614,0.62,0.904,0
8284,84,34.627,13.069,8.184,0.88,13.416,8.875,1.597,0.626,0.894,0
2035,99,36.042,13.238,9.522,0.958,13.928,10.0,1.39,0.719,0.917,0
4737,193,78.184,30.429,8.076,0.397,33.061,11.0,3.768,0.265,0.713,1
5213,212,82.811,23.856,11.315,0.388,29.833,16.692,2.108,0.474,0.596,1
1236,116,41.213,16.189,9.123,0.858,16.492,9.0,1.775,0.564,0.932,0
1818,117,40.87,14.797,10.068,0.88,15.264,10.932,1.47,0.68,0.9,0
751,195,78.811,33.614,7.386,0.395,34.828,10.452,4.551,0.22,0.705,1
815,81,33.456,12.267,8.407,0.909,13.0,9.153,1.459,0.685,0.905,0
7664,169,76.184,29.119,7.39,0.366,32.14,10.0,3.941,0.254,0.709,1
10124,218,78.912,25.206,11.012,0.44,29.428,14.0,2.289,0.437,0.691,1
10005,122,42.284,16.164,9.61,0.857,16.643,10.539,1.682,0.595,0.904,0
7435,233,121.882,39.815,7.451,0.197,50.16,13.013,5.343,0.187,0.444,1
3979,208,85.397,27.657,9.576,0.358,33.956,13.756,2.888,0.346,0.625,1
7719,131,42.284,15.212,10.965,0.921,15.811,12.021,1.387,0.721,0.91,0
4636,219,96.225,29.476,9.46,0.297,34.366,14.4,3.116,0.321,0.55,1
6327,107,39.213,14.578,9.345,0.874,15.232,10.0,1.56,0.641,0.918,0
2982,164,73.841,24.549,8.506,0.378,28.601,12.021,2.886,0.346,0.618,1
3318,303,127.924,24.33,15.857,0.233,37.656,23.521,1.534,0.652,0.478,-1
7001,220,98.225,38.334,7.307,0.287,41.593,12.025,5.246,0.191,0.562,1
9026,106,39.213,14.22,9.491,0.866,14.56,10.0,1.498,0.667,0.898,0
1396,160,47.113,15.418,13.213,0.906,17.0,14.0,1.167,0.857,0.909,0
5401,110,38.042,13.898,10.077,0.955,14.866,10.0,1.379,0.725,0.928,0
9417,241,109.64,42.393,7.238,0.252,47.424,12.195,5.857,0.171,0.557,1
4668,230,96.468,38.46,7.614,0.311,40.804,11.881,5.051,0.198,0.604,1
5727,122,40.042,15.283,10.164,0.956,16.401,10.607,1.504,0.665,0.949,0
7110,228,85.154,33.663,8.624,0.395,34.67,11.883,3.903,0.256,0.667,1
5515,104,36.87,13.84,9.568,0.961,14.422,9.899,1.447,0.691,0.92,0
2044,82,32.627,12.153,8.591,0.968,12.649,9.0,1.415,0.707,0.911,0
8704,152,48.77,19.706,9.821,0.803,20.0,10.607,2.007,0.498,0.899,0
3399,248,101.74,40.079,7.879,0.301,42.059,12.107,5.087,0.197,0.58,1
657,100,38.042,14.715,8.653,0.868,15.232,9.285,1.701,0.588,0.909,0
8021,100,38.971,15.823,8.047,0.827,15.811,8.0,1.966,0.509,0.93,0
7268,145,60.184,24.713,7.47,0.503,26.0,10.195,3.308,0.302,0.753,1
9634,71,29.799,9.998,9.042,1.0,10.77,9.0,1.106,0.904,0.916,0
4695,186,70.669,27.693,8.552,0.468,30.529,11.385,3.238,0.309,0.728,1
5974,203,81.841,27.626,9.356,0.381,30.887,14.086,2.953,0.339,0.61,1
2678,177,80.669,26.18,8.608,0.342,30.594,12.288,3.041,0.329,0.576,1
4094,120,40.042,15.15,10.085,0.941,15.811,10.733,1.502,0.666,0.938,0
4995,155,61.012,23.562,8.376,0.523,25.554,10.956,2.813,0.355,0.743,1
7873,117,46.527,15.265,9.759,0.679,16.279,11.157,1.564,0.639,0.83,0
72,145,44.87,16.728,11.037,0.905,17.493,11.885,1.516,0.66,0.929,0
5597,114,41.456,15.699,9.246,0.834,16.643,9.985,1.698,0.589,0.905,0
264,129,50.77,20.14,8.155,0.629,21.633,9.707,2.47,0.405,0.84,1
6602,176,81.598,24.963,8.977,0.332,29.967,12.948,2.781,0.36,0.562,1
701,99,37.698,15.408,8.181,0.875,15.811,8.485,1.883,0.531,0.912,0
6367,259,120.468,31.951,10.321,0.224,45.541,16.661,3.096,0.323,0.436,1
451,80,32.627,11.946,8.527,0.944,13.0,9.0,1.401,0.714,0.909,0
531,114,54.527,21.785,6.663,0.482,22.136,9.638,3.27,0.306,0.706,1
3693,203,94.468,32.509,7.951,0.286,38.949,13.6,4.089,0.245,0.549,1
10243,87,34.042,12.661,8.749,0.943,13.342,9.0,1.447,0.691,0.916,0
1420,93,35.456,13.401,8.836,0.93,14.318,9.839,1.517,0.659,0.916,0
3091,116,51.456,18.336,8.055,0.551,21.84,9.0,2.276,0.439,0.808,1
267,61,27.213,8.987,8.642,1.0,9.849,9.0,1.04,0.962,0.91,0
1689,91,35.213,13.282,8.724,0.922,13.928,9.0,1.522,0.657,0.924,0
6769,177,65.497,27.608,8.163,0.518,28.302,11.314,3.382,0.296,0.756,1
5370,165,72.426,27.156,7.736,0.395,29.833,11.0,3.51,0.285,0.678,1
5212,216,83.74,28.214,9.748,0.387,32.757,14.0,2.894,0.345,0.7,1
8600,95,35.213,12.569,9.624,0.963,13.416,10.0,1.306,0.766,0.931,0
6843,195,76.426,28.685,8.655,0.42,30.594,11.979,3.314,0.302,0.684,1
5007,178,61.698,20.078,11.288,0.588,23.77,13.583,1.779,0.562,0.811,1
3697,164,69.355,22.466,9.295,0.428,26.249,13.275,2.417,0.414,0.663,1
9693,484,206.794,34.079,18.083,0.142,56.294,38.666,1.885,0.531,0.369,-1
1211,93,37.113,14.437,8.202,0.848,14.422,8.8,1.76,0.568,0.877,0
10488,66,29.799,11.673,7.199,0.934,12.207,7.778,1.622,0.617,0.917,0
4038,186,71.355,25.322,9.353,0.459,29.411,12.0,2.707,0.369,0.759,1
8359,113,41.113,15.991,8.997,0.84,16.401,9.707,1.777,0.563,0.89,0
1905,116,40.284,15.327,9.637,0.898,16.125,9.899,1.59,0.629,0.921,0
7463,176,76.77,29.638,7.561,0.375,32.573,10.482,3.92,0.255,0.713,1
5233,320,120.51,26.463,15.397,0.277,39.205,24.597,1.719,0.582,0.508,-1
1652,124,42.87,16.638,9.489,0.848,17.0,9.839,1.753,0.57,0.915,0
5175,187,64.527,22.774,10.455,0.564,23.77,13.0,2.178,0.459,0.801,1
576,100,37.456,14.476,8.795,0.896,15.0,9.192,1.646,0.608,0.917,0
4300,162,61.012,21.317,9.676,0.547,23.087,12.031,2.203,0.454,0.747,1
5956,150,64.77,26.872,7.107,0.449,27.785,9.839,3.781,0.264,0.694,1
5126,171,66.184,27.055,8.047,0.491,28.231,10.706,3.362,0.297,0.779,1
1678,103,37.213,12.859,10.199,0.935,13.892,11.0,1.261,0.793,0.92,0
73,115,39.456,15.122,9.683,0.928,15.811,10.539,1.562,0.64,0.924,0
8666,84,33.456,12.346,8.663,0.943,13.0,9.171,1.425,0.702,0.898,0
261,165,62.426,23.906,8.788,0.532,25.0,10.607,2.72,0.368,0.743,1
9082,92,35.456,12.231,9.577,0.92,13.038,9.899,1.277,0.783,0.902,0
8356,95,37.213,14.67,8.245,0.862,15.232,8.854,1.779,0.562,0.922,0
9890,149,76.669,25.567,7.42,0.319,30.364,10.522,3.446,0.29,0.559,1
8429,93,37.213,15.131,7.825,0.844,15.652,8.497,1.934,0.517,0.925,0
2459,273,108.125,40.409,8.602,0.293,42.059,13.019,4.698,0.213,0.597,1
499,174,83.255,31.269,7.085,0.315,35.735,11.234,4.413,0.227,0.628,1
9408,267,126.024,43.433,7.827,0.211,52.697,12.078,5.549,0.18,0.492,1
5850,166,70.426,27.551,7.672,0.421,29.155,10.752,3.591,0.278,0.692,1
969,201,78.083,32.01,7.995,0.414,32.757,10.56,4.004,0.25,0.708,1
5826,134,52.77,19.419,8.786,0.605,21.471,10.57,2.21,0.452,0.8,1
7858,125,48.527,17.947,8.868,0.667,19.416,10.028,2.024,0.494,0.842,0
3941,191,112.125,35.081,6.932,0.191,47.802,12.127,5.061,0.198,0.413,1
7048,175,68.77,25.638,8.691,0.465,27.785,12.634,2.95,0.339,0.692,1
3808,406,154.652,28.863,17.91,0.213,44.272,28.6,1.612,0.621,0.449,-1
10278,68,29.799,11.005,7.867,0.962,11.662,8.485,1.399,0.715,0.919,0
4741,111,38.627,14.148,9.99,0.935,14.56,10.0,1.416,0.706,0.933,0
7333,86,34.627,12.305,8.899,0.901,13.601,9.0,1.383,0.723,0.905,0
8401,105,38.042,14.037,9.524,0.912,14.866,10.0,1.474,0.678,0.917,0
5183,146,58.426,24.097,7.714,0.537,25.239,9.899,3.124,0.32,0.789,1
222,212,86.912,36.419,7.412,0.353,37.696,10.407,4.914,0.204,0.689,1
1185,99,37.698,14.945,8.434,0.875,15.264,9.192,1.772,0.564,0.896,0
8406,111,40.627,16.241,8.702,0.845,16.763,9.0,1.866,0.536,0.925,0
5047,125,40.627,14.37,11.076,0.952,15.652,11.0,1.297,0.771,0.936,0
4779,61,30.142,10.62,7.314,0.844,12.042,7.761,1.452,0.689,0.891,0
7790,211,96.953,30.08,8.931,0.282,35.355,14.086,3.368,0.297,0.539,1
2203,93,35.456,13.149,9.006,0.93,13.928,9.803,1.46,0.685,0.907,0
10397,80,34.627,13.057,7.801,0.838,14.142,8.0,1.674,0.597,0.904,0
1142,107,40.284,15.801,8.622,0.829,16.155,9.391,1.833,0.546,0.892,0
5511,107,38.284,13.823,9.856,0.917,14.422,10.607,1.403,0.713,0.911,0
3605,200,76.083,29.385,8.666,0.434,31.78,11.18,3.391,0.295,0.722,1
6061,200,87.74,27.101,9.396,0.326,36.878,14.244,2.884,0.347,0.584,-1
4074,115,39.213,14.485,10.108,0.94,15.232,10.0,1.433,0.698,0.943,0
2928,216,86.811,34.708,7.924,0.36,36.892,11.53,4.38,0.228,0.704,1
7446,146,63.598,23.772,7.82,0.454,27.785,10.733,3.04,0.329,0.768,1
3308,143,66.912,27.832,6.542,0.401,30.48,9.192,4.255,0.235,0.719,1
6688,250,98.912,41.204,7.725,0.321,42.107,10.0,5.334,0.187,0.693,1
4538,189,85.012,32.425,7.421,0.329,35.355,10.922,4.369,0.229,0.633,1
1381,108,38.042,13.875,9.911,0.938,14.422,10.607,1.4,0.714,0.919,0
4232,146,57.598,22.912,8.113,0.553,24.207,10.539,2.824,0.354,0.777,1
1119,118,51.113,17.882,8.402,0.568,21.401,9.899,2.128,0.47,0.787,1
4199,124,40.284,14.683,10.753,0.96,15.524,11.0,1.365,0.732,0.929,0
9384,465,84.669,28.409,20.84,0.815,30.083,22.384,1.363,0.734,0.921,0
788,108,40.627,16.008,8.59,0.822,16.553,9.216,1.863,0.537,0.908,0
10002,187,82.426,25.975,9.167,0.346,33.121,13.205,2.834,0.353,0.637,-1
9787,104,37.456,13.91,9.52,0.932,14.765,9.899,1.461,0.684,0.924,0
2386,118,40.87,15.08,9.963,0.888,15.62,10.607,1.514,0.661,0.911,0
558,112,40.627,15.886,8.977,0.853,16.155,9.803,1.77,0.565,0.918,0
7247,129,46.284,16.727,9.819,0.757,18.601,11.18,1.704,0.587,0.884,0
2822,99,38.042,11.692,10.781,0.86,13.416,11.319,1.085,0.922,0.884,0
9058,165,75.012,27.353,7.68,0.368,31.385,10.885,3.561,0.281,0.642,1
5410,110,38.042,13.533,10.349,0.955,14.318,11.0,1.308,0.765,0.928,0
3761,188,76.669,29.837,8.023,0.402,31.321,11.452,3.719,0.269,0.669,1
1183,220,69.154,31.364,8.931,0.578,30.0,9.965,3.512,0.285,0.851,-1
7912,88,34.042,12.991,8.625,0.954,13.601,9.192,1.506,0.664,0.917,0
7365,122,50.527,18.019,8.621,0.601,21.471,10.607,2.09,0.478,0.782,0
62,157,60.77,23.225,8.607,0.534,25.632,11.059,2.698,0.371,0.781,1
1409,137,44.627,17.211,10.135,0.864,17.72,10.0,1.698,0.589,0.932,0
931,92,36.042,14.396,8.137,0.89,15.0,8.875,1.769,0.565,0.906,0
1765,96,34.627,12.295,9.942,1.0,13.0,10.0,1.237,0.809,0.932,0
1590,103,37.799,14.085,9.311,0.906,14.765,10.0,1.513,0.661,0.928,0
10099,136,45.698,17.633,9.82,0.818,18.439,10.607,1.796,0.557,0.904,0
10521,81,32.627,12.878,8.008,0.956,13.601,8.485,1.608,0.622,0.926,0
8742,102,36.627,13.478,9.636,0.955,14.318,10.0,1.399,0.715,0.936,0
7899,97,37.213,14.804,8.342,0.88,15.297,8.0,1.775,0.564,0.937,0
3714,237,97.74,30.765,9.808,0.312,34.54,15.524,3.137,0.319,0.549,1
1031,72,31.213,9.954,9.21,0.929,10.817,9.806,1.081,0.925,0.889,0
10331,72,30.385,11.126,8.239,0.98,11.705,8.0,1.35,0.741,0.935,0
3056,147,50.184,19.679,9.511,0.734,21.471,9.899,2.069,0.483,0.891,0
6151,133,46.627,17.061,9.925,0.769,18.682,10.0,1.719,0.582,0.927,0
8712,128,41.456,15.41,10.576,0.936,16.125,11.314,1.457,0.686,0.934,0
2706,248,110.225,44.493,7.097,0.257,46.098,11.18,6.269,0.16,0.597,1
9644,274,112.368,32.716,10.664,0.273,43.105,17.726,3.068,0.326,0.481,1
3959,155,71.841,23.583,8.368,0.377,29.069,12.249,2.818,0.355,0.624,1
3783,396,144.51,32.195,15.661,0.238,46.872,25.616,2.056,0.486,0.508,-1
1015,103,38.87,15.482,8.47,0.857,15.811,9.153,1.828,0.547,0.907,0
9531,119,47.355,15.47,9.794,0.667,16.763,11.0,1.58,0.633,0.824,-1
3497,236,122.024,27.028,11.118,0.199,39.395,20.572,2.431,0.411,0.459,1
601,52,25.799,9.02,7.341,0.982,9.849,7.778,1.229,0.814,0.897,0
754,289,105.154,41.692,8.826,0.328,45.31,13.983,4.724,0.212,0.638,1
10035,161,73.497,26.078,7.861,0.375,28.231,11.877,3.318,0.301,0.609,1
9560,110,39.456,14.642,9.565,0.888,15.297,10.0,1.531,0.653,0.909,0
2020,102,37.213,13.463,9.646,0.926,13.928,10.0,1.396,0.717,0.923,0
9771,107,38.042,13.885,9.811,0.929,14.56,10.0,1.415,0.707,0.926,0
2018,141,45.456,17.54,10.235,0.858,18.248,10.0,1.714,0.584,0.937,0
7648,181,97.154,34.115,6.755,0.241,39.623,10.999,5.05,0.198,0.501,1
9959,154,72.912,27.502,7.13,0.364,30.232,10.4,3.857,0.259,0.623,1
1609,226,87.255,32.01,8.989,0.373,35.847,12.499,3.561,0.281,0.623,1
9254,127,42.284,15.424,10.483,0.893,16.763,11.0,1.471,0.68,0.917,0
3774,225,91.497,36.149,7.925,0.338,38.328,11.384,4.562,0.219,0.644,1
12,121,48.87,18.96,8.126,0.637,20.616,9.0,2.333,0.429,0.849,1
10364,204,97.983,38.637,6.723,0.267,42.72,9.969,5.747,0.174,0.625,-1
8529,70,32.627,11.416,7.807,0.826,12.649,8.974,1.462,0.684,0.859,0
9917,172,79.497,30.512,7.177,0.342,33.615,11.653,4.251,0.235,0.602,1
1550,114,39.456,14.966,9.699,0.92,15.652,10.522,1.543,0.648,0.916,0
3293,261,105.882,26.837,12.383,0.293,33.242,18.832,2.167,0.461,0.524,1
2795,236,115.439,36.007,8.345,0.223,47.202,14.088,4.315,0.232,0.512,1
2727,177,89.154,33.685,6.69,0.28,37.216,10.386,5.035,0.199,0.564,1
295,161,62.184,25.341,8.089,0.523,26.401,10.545,3.133,0.319,0.768,1
2445,240,101.397,31.789,9.613,0.293,34.482,17.119,3.307,0.302,0.512,1
8604,65,28.385,10.095,8.198,1.0,10.77,8.0,1.231,0.812,0.935,0
1806,99,36.385,13.511,9.33,0.94,13.928,9.0,1.448,0.691,0.947,0
6990,137,62.083,24.245,7.195,0.447,27.203,9.899,3.37,0.297,0.727,1
2805,357,135.196,42.478,10.701,0.245,51.923,20.007,3.97,0.252,0.497,-1
1006,112,40.627,15.794,9.029,0.853,16.155,9.803,1.749,0.572,0.918,0
2758,169,68.426,25.373,8.48,0.454,26.926,10.543,2.992,0.334,0.707,1
7258,212,72.184,27.699,9.745,0.511,30.265,12.0,2.842,0.352,0.827,1
9976,57,29.213,10.692,6.788,0.839,11.662,7.653,1.575,0.635,0.857,0
8607,91,34.627,13.025,8.895,0.954,13.601,9.192,1.464,0.683,0.933,0
6234,173,71.497,27.786,7.927,0.425,30.017,11.411,3.505,0.285,0.699,1
1704,117,40.042,14.166,10.516,0.917,14.866,11.0,1.347,0.742,0.918,0
370,136,49.941,17.554,9.864,0.685,19.925,11.0,1.78,0.562,0.861,0
1916,211,80.669,27.508,9.766,0.407,32.016,14.035,2.817,0.355,0.636,1
870,92,35.456,13.535,8.655,0.92,13.928,9.391,1.564,0.639,0.906,0
1787,114,41.213,16.005,9.069,0.843,16.279,9.0,1.765,0.567,0.923,0
7951,95,35.213,12.509,9.67,0.963,13.416,10.0,1.294,0.773,0.931,0
10153,139,59.355,17.379,10.183,0.496,20.616,13.974,1.707,0.586,0.688,-1
5474,203,86.912,34.254,7.546,0.338,36.401,11.26,4.54,0.22,0.631,1
252,139,59.841,23.386,7.568,0.488,24.698,10.895,3.09,0.324,0.695,1
5603,105,38.042,13.891,9.624,0.912,14.422,10.286,1.443,0.693,0.917,0
8634,144,48.87,20.521,8.935,0.758,20.881,9.89,2.297,0.435,0.911,0
4911,213,84.569,33.648,8.06,0.374,36.235,12.424,4.175,0.24,0.665,1
1115,84,36.385,13.614,7.856,0.797,14.56,8.0,1.733,0.577,0.903,0
10054,96,35.799,12.763,9.577,0.941,13.416,10.0,1.333,0.75,0.928,0
4908,177,77.497,28.442,7.924,0.37,31.78,11.258,3.59,0.279,0.631,1
8441,69,33.456,11.44,7.679,0.775,13.153,9.0,1.49,0.671,0.841,0
4311,178,72.669,27.346,8.288,0.424,29.682,11.69,3.299,0.303,0.667,1
10140,159,72.669,25.955,7.8,0.378,31.305,11.511,3.328,0.301,0.668,1
1397,112,38.284,13.831,10.31,0.96,14.422,10.607,1.342,0.745,0.918,0
1291,202,91.255,26.314,9.774,0.305,35.128,15.534,2.692,0.371,0.593,1
3801,359,117.539,36.38,12.564,0.327,43.463,18.944,2.896,0.345,0.58,1
4597,233,92.468,31.752,9.343,0.342,36.401,13.79,3.398,0.294,0.622,1
2735,202,72.77,29.847,8.617,0.479,30.676,11.068,3.464,0.289,0.795,1
3129,168,83.497,31.058,6.887,0.303,35.847,11.144,4.509,0.222,0.608,1
2938,96,37.698,15.29,7.994,0.849,16.155,8.875,1.913,0.523,0.901,0
9012,98,37.213,14.627,8.531,0.889,14.866,9.0,1.715,0.583,0.907,0
2944,93,37.213,14.927,7.933,0.844,15.232,8.538,1.882,0.531,0.912,0
6709,181,73.012,24.822,9.284,0.427,27.203,13.707,2.674,0.374,0.644,1
6046,179,81.983,32.242,7.069,0.335,36.401,10.6,4.561,0.219,0.645,1
2876,71,32.042,10.759,8.402,0.869,11.662,9.192,1.28,0.781,0.871,0
8132,93,36.042,13.623,8.692,0.9,13.928,9.391,1.567,0.638,0.912,0
4602,298,90.326,31.449,12.065,0.459,35.903,14.189,2.607,0.384,0.754,-1
9964,164,72.326,27.429,7.613,0.394,29.833,10.406,3.603,0.278,0.689,1
5545,161,66.669,26.658,7.69,0.455,29.155,10.895,3.467,0.288,0.73,1
846,100,38.284,15.61,8.156,0.857,15.811,8.902,1.914,0.522,0.893,0
1023,106,39.456,15.776,8.555,0.856,16.279,8.878,1.844,0.542,0.902,0
5052,139,43.456,15.479,11.434,0.925,16.553,12.0,1.354,0.739,0.921,0
711,61,27.556,9.416,8.249,1.0,10.296,8.0,1.141,0.876,0.938,0
452,110,41.799,17.206,8.14,0.791,17.088,8.629,2.114,0.473,0.917,0
7659,140,62.184,24.299,7.336,0.455,26.077,10.43,3.312,0.302,0.711,1
6904,191,76.326,29.035,8.376,0.412,31.401,12.157,3.467,0.288,0.652,1
1691,105,40.284,14.709,9.089,0.813,15.133,9.87,1.618,0.618,0.875,0
7146,104,61.255,17.937,7.383,0.348,21.024,11.249,2.43,0.412,0.623,-1
1315,127,45.698,16.523,9.787,0.764,18.385,10.647,1.688,0.592,0.87,0
5281,107,38.042,13.33,10.22,0.929,14.213,11.18,1.304,0.767,0.911,0
6436,298,97.983,32.642,11.624,0.39,38.471,16.469,2.808,0.356,0.677,1
1094,107,40.042,16.166,8.427,0.839,16.643,8.944,1.918,0.521,0.922,0
8991,145,50.87,18.493,9.983,0.704,20.396,11.0,1.852,0.54,0.879,0
6575,198,89.598,34.036,7.407,0.31,35.511,11.0,4.595,0.218,0.589,1
6827,269,121.882,34.517,9.923,0.228,46.872,16.952,3.479,0.287,0.434,1
7669,159,69.355,26.984,7.503,0.415,29.614,10.32,3.597,0.278,0.715,1
8756,113,39.456,14.751,9.754,0.912,15.297,10.0,1.512,0.661,0.915,0
5756,108,37.456,14.031,9.801,0.967,14.765,10.607,1.432,0.699,0.927,0
2688,217,108.51,46.255,5.973,0.232,49.578,9.899,7.744,0.129,0.59,1
8507,103,37.213,13.166,9.961,0.935,13.601,10.0,1.322,0.757,0.924,0
10398,116,52.527,20.454,7.221,0.528,22.136,9.504,2.833,0.353,0.734,0
6340,193,61.698,26.745,9.188,0.637,25.71,10.331,2.911,0.344,0.85,-1
4203,183,77.598,30.447,7.653,0.382,32.757,11.126,3.979,0.251,0.693,1
2089,107,40.627,13.273,10.265,0.815,14.866,11.0,1.293,0.773,0.884,0
4361,200,78.083,26.761,9.516,0.412,28.018,13.914,2.812,0.356,0.642,1
6245,175,78.426,29.421,7.573,0.358,32.14,9.939,3.885,0.257,0.658,1
7787,211,87.983,33.897,7.925,0.343,36.056,11.223,4.277,0.234,0.619,1
8185,89,33.799,12.499,9.066,0.979,13.0,9.0,1.379,0.725,0.932,0
2243,83,33.456,12.709,8.315,0.932,13.038,8.875,1.528,0.654,0.897,0
7261,162,74.669,24.411,8.45,0.365,29.275,12.0,2.889,0.346,0.655,1
6764,178,82.669,27.917,8.118,0.327,32.558,13.0,3.439,0.291,0.565,1
9837,210,67.497,27.519,9.716,0.579,27.019,11.965,2.832,0.353,0.778,1
1469,93,35.799,13.969,8.477,0.912,14.318,8.0,1.648,0.607,0.944,0
3135,142,46.284,17.724,10.201,0.833,18.601,11.094,1.737,0.576,0.907,0
6587,140,68.184,23.293,7.653,0.378,27.659,11.739,3.044,0.329,0.613,1
3217,165,76.426,29.63,7.09,0.355,31.064,9.788,4.179,0.239,0.642,1
5488,127,42.284,15.274,10.587,0.893,15.811,11.2,1.443,0.693,0.91,0
9632,246,96.326,37.261,8.406,0.333,38.328,12.491,4.433,0.226,0.668,1
9942,121,42.284,16.89,9.121,0.85,17.464,9.7,1.852,0.54,0.906,0
10169,195,84.184,33.191,7.48,0.346,34.785,10.167,4.437,0.225,0.643,1
2615,221,86.569,34.302,8.203,0.371,34.54,11.862,4.182,0.239,0.629,1
9753,243,101.296,37.523,8.246,0.298,42.012,13.196,4.551,0.22,0.566,1
1133,97,37.213,14.702,8.4,0.88,15.297,8.0,1.75,0.571,0.942,0
2593,196,74.669,22.906,10.895,0.442,28.302,14.551,2.102,0.476,0.657,1
9475,131,43.456,16.708,9.983,0.872,17.464,10.0,1.674,0.597,0.929,0
1757,100,36.385,13.376,9.519,0.949,13.928,9.0,1.405,0.712,0.948,0
5458,169,73.983,28.118,7.653,0.388,31.623,11.539,3.674,0.272,0.655,1
10020,103,36.87,13.937,9.41,0.952,14.866,10.0,1.481,0.675,0.924,0
4658,236,113.054,41.824,7.185,0.232,48.847,12.075,5.821,0.172,0.506,1
10202,243,110.225,32.867,9.414,0.251,41.437,14.0,3.491,0.286,0.49,1
10536,64,28.385,10.484,7.772,0.998,11.402,8.485,1.349,0.741,0.921,0
9066,104,38.627,14.542,9.106,0.876,15.264,9.803,1.597,0.626,0.912,0
3334,143,74.426,27.104,6.717,0.324,28.46,9.777,4.035,0.248,0.562,1
6799,149,64.184,27.38,6.929,0.455,28.302,9.707,3.952,0.253,0.745,1
6181,250,122.468,48.447,6.57,0.209,55.154,10.752,7.374,0.136,0.597,1
1237,77,30.971,10.393,9.434,1.0,11.18,9.0,1.102,0.908,0.951,0
4405,134,51.113,20.914,8.158,0.645,22.136,10.119,2.564,0.39,0.851,1
1740,131,42.284,16.092,10.365,0.921,16.553,11.068,1.553,0.644,0.923,0
8700,200,59.941,17.047,14.938,0.7,21.541,16.0,1.141,0.876,0.844,0
5365,125,44.284,16.295,9.767,0.801,17.72,11.0,1.668,0.599,0.887,0
615,166,66.912,28.107,7.52,0.466,29.069,9.878,3.738,0.268,0.77,1
5226,179,86.184,31.272,7.288,0.303,37.696,12.147,4.291,0.233,0.61,1
8860,248,104.326,43.661,7.232,0.286,43.105,9.454,6.037,0.166,0.673,1
521,221,111.983,38.906,7.232,0.221,47.539,11.588,5.379,0.186,0.496,1
3104,197,101.154,36.931,6.792,0.242,41.11,9.844,5.437,0.184,0.535,1
3302,248,110.125,26.753,11.803,0.257,36.401,18.703,2.267,0.441,0.516,1
9762,208,97.154,35.153,7.534,0.277,39.205,11.0,4.666,0.214,0.601,1
1091,118,45.941,16.649,9.024,0.703,17.464,10.436,1.845,0.542,0.828,0
2340,340,121.338,40.695,10.638,0.29,49.396,15.949,3.826,0.261,0.627,1
691,91,35.456,13.056,8.875,0.91,13.601,9.192,1.471,0.68,0.905,0
3266,215,85.154,34.231,7.997,0.373,36.235,11.094,4.281,0.234,0.67,1
9081,130,44.627,17.115,9.671,0.82,17.72,10.0,1.77,0.565,0.915,0
1323,209,78.083,27.559,9.656,0.431,30.887,12.868,2.854,0.35,0.693,1
9962,153,79.355,21.32,9.137,0.305,26.926,14.0,2.333,0.429,0.528,1
6000,191,76.184,27.57,8.821,0.414,30.414,12.438,3.126,0.32,0.646,1
2503,161,62.184,21.826,9.392,0.523,26.627,11.055,2.324,0.43,0.785,1
5980,217,86.811,35.681,7.743,0.362,36.401,11.314,4.608,0.217,0.625,1
339,128,44.87,16.91,9.638,0.799,17.464,11.0,1.754,0.57,0.88,0
8091,96,37.456,14.618,8.361,0.86,15.232,9.171,1.748,0.572,0.893,0
3456,241,94.811,36.964,8.301,0.337,39.0,11.853,4.453,0.225,0.637,1
184,154,52.527,19.176,10.225,0.701,20.616,11.449,1.875,0.533,0.858,1
8625,160,52.87,22.646,8.996,0.719,22.136,9.459,2.517,0.397,0.909,0
496,158,66.184,24.221,8.306,0.453,27.459,11.258,2.916,0.343,0.715,1
2101,89,34.385,12.416,9.127,0.946,13.0,9.0,1.36,0.735,0.932,0
9165,136,51.941,20.251,8.551,0.633,22.472,10.607,2.368,0.422,0.845,0
6352,248,91.983,30.998,10.187,0.368,34.928,15.652,3.043,0.329,0.633,1
9465,86,32.627,11.015,9.941,1.0,11.705,10.0,1.108,0.902,0.925,0
1128,115,42.87,16.743,8.745,0.786,17.205,9.391,1.915,0.522,0.888,0
902,91,35.799,14.633,7.918,0.892,14.866,8.0,1.848,0.541,0.933,0
5198,191,88.468,34.774,6.993,0.307,38.601,11.186,4.972,0.201,0.609,1
7795,339,116.468,36.274,11.899,0.314,40.719,19.683,3.048,0.328,0.592,-1
9916,70,29.799,11.281,7.901,0.991,12.083,8.0,1.428,0.7,0.927,0
7993,86,34.627,13.72,7.981,0.901,14.318,8.854,1.719,0.582,0.91,0
6208,413,174.551,28.143,18.685,0.17,45.222,28.556,1.506,0.664,0.459,-1
10130,217,85.598,30.01,9.207,0.372,34.015,13.636,3.26,0.307,0.635,1
5041,135,44.042,15.684,10.959,0.875,16.643,11.642,1.431,0.699,0.918,0
5146,158,67.355,25.301,7.951,0.438,26.571,11.157,3.182,0.314,0.691,1
5377,222,91.397,29.941,9.441,0.334,35.693,14.23,3.172,0.315,0.577,-1
6001,187,79.255,28.261,8.425,0.374,30.463,11.547,3.354,0.298,0.618,1
9139,191,74.669,25.716,9.457,0.43,29.275,12.0,2.719,0.368,0.691,1
5058,173,51.113,18.851,11.685,0.832,20.248,12.728,1.613,0.62,0.913,0
5921,188,80.669,29.32,8.164,0.363,32.558,12.0,3.591,0.278,0.644,1
6287,180,82.184,30.674,7.472,0.335,34.366,10.111,4.105,0.244,0.661,1
3704,194,80.083,27.481,8.988,0.38,31.78,11.926,3.058,0.327,0.653,1
2497,190,92.912,31.337,7.72,0.277,37.59,11.953,4.059,0.246,0.514,1
5948,196,86.326,30.176,8.27,0.331,32.249,13.172,3.649,0.274,0.582,1
5679,193,82.912,31.421,7.821,0.353,35.355,12.402,4.018,0.249,0.621,1
7375,70,53.355,17.91,4.976,0.309,22.361,7.717,3.599,0.278,0.545,-1
4730,118,40.627,15.204,9.882,0.898,15.524,10.0,1.539,0.65,0.929,0
1536,112,39.456,14.431,9.882,0.904,15.264,10.607,1.46,0.685,0.914,0
4080,114,38.627,14.373,10.099,0.96,15.264,11.0,1.423,0.703,0.934,0
9421,189,84.569,28.644,8.401,0.332,33.838,14.208,3.41,0.293,0.558,1
7432,306,121.539,33.977,11.467,0.26,40.447,17.393,2.963,0.338,0.57,1
5660,223,89.054,37.496,7.572,0.353,38.288,10.166,4.952,0.202,0.666,1
8653,285,76.083,31.528,11.51,0.619,31.765,13.545,2.739,0.365,0.877,-1
5093,197,81.497,29.205,8.588,0.373,33.287,11.812,3.401,0.294,0.619,1
1484,100,36.385,13.518,9.419,0.949,13.928,9.0,1.435,0.697,0.948,0
7506,103,37.456,13.082,10.025,0.923,13.892,10.607,1.305,0.766,0.912,0
7627,137,51.355,17.235,10.121,0.653,20.616,11.314,1.703,0.587,0.83,0
1873,145,44.527,16.532,11.168,0.919,17.0,11.314,1.48,0.676,0.927,0
9954,111,42.527,15.501,9.117,0.771,17.088,9.839,1.7,0.588,0.871,0
9985,221,106.811,37.467,7.51,0.243,44.283,11.963,4.989,0.2,0.512,1
7499,104,37.456,12.941,10.232,0.932,13.601,11.0,1.265,0.791,0.897,0
3577,262,117.296,38.022,8.774,0.239,43.417,14.708,4.334,0.231,0.488,1
1430,134,43.456,15.592,10.942,0.892,16.155,12.0,1.425,0.702,0.908,0
187,194,69.012,26.652,9.268,0.512,26.926,11.749,2.876,0.348,0.72,1
4924,194,77.74,29.48,8.379,0.403,31.953,12.832,3.518,0.284,0.675,1
10133,167,84.669,30.659,6.935,0.293,34.54,11.286,4.421,0.226,0.534,1
1852,130,43.698,16.698,9.913,0.856,17.205,10.607,1.684,0.594,0.906,0
8644,324,82.326,32.688,12.62,0.601,33.106,15.71,2.59,0.386,0.845,-1
10290,250,106.61,31.304,10.168,0.276,40.719,17.159,3.079,0.325,0.507,-1
6298,91,34.87,12.157,9.531,0.94,13.342,10.0,1.276,0.784,0.91,0
10302,74,30.971,11.245,8.379,0.969,12.207,9.0,1.342,0.745,0.937,0
10452,72,30.627,10.294,8.905,0.965,11.18,9.192,1.156,0.865,0.906,0
9885,100,40.284,14.821,8.591,0.774,16.125,9.501,1.725,0.58,0.873,0
8131,104,40.042,16.314,8.117,0.815,16.553,8.728,2.01,0.498,0.908,0
6337,102,36.627,13.264,9.791,0.955,13.928,10.0,1.355,0.738,0.932,0
9663,229,80.426,33.163,8.792,0.445,32.985,10.512,3.772,0.265,0.792,-1
4159,122,41.113,15.336,10.129,0.907,16.155,10.607,1.514,0.66,0.921,0
10492,74,31.799,12.251,7.691,0.92,12.649,8.0,1.593,0.628,0.908,0
233,202,77.497,25.62,10.039,0.423,27.803,13.828,2.552,0.392,0.647,1
2818,115,38.87,12.681,11.547,0.956,13.601,12.0,1.098,0.911,0.913,0
7558,114,39.456,14.927,9.724,0.92,15.652,10.6,1.535,0.651,0.927,0
6335,77,31.456,10.611,9.24,0.978,11.402,9.899,1.148,0.871,0.895,0
3005,246,119.196,34.516,9.074,0.218,38.91,16.532,3.804,0.263,0.494,1
966,127,49.113,19.688,8.213,0.662,21.19,8.944,2.397,0.417,0.873,0
7102,151,66.527,26.366,7.292,0.429,28.16,9.0,3.616,0.277,0.721,1
3902,254,120.225,44.843,7.212,0.221,51.971,11.924,6.218,0.161,0.502,1
3640,186,81.255,29.995,7.895,0.354,33.422,12.021,3.799,0.263,0.586,1
8438,96,36.385,13.587,8.996,0.911,14.422,9.803,1.51,0.662,0.932,0
8656,146,48.284,19.78,9.398,0.787,20.248,10.465,2.105,0.475,0.912,0
8754,70,43.698,12.417,7.178,0.461,15.811,10.18,1.73,0.578,0.648,-1
10226,96,45.113,16.343,7.479,0.593,18.439,9.175,2.185,0.458,0.777,0
4079,106,37.456,13.235,10.197,0.949,13.928,10.607,1.298,0.77,0.926,0
4884,410,149.338,33.942,15.38,0.231,47.011,25.222,2.207,0.453,0.447,-1
2592,233,85.497,33.925,8.745,0.401,36.401,12.522,3.879,0.258,0.728,1
3276,168,69.598,27.366,7.816,0.436,29.155,10.733,3.501,0.286,0.704,1
3188,256,114.853,46.694,6.98,0.244,50.99,11.0,6.689,0.149,0.609,1
7056,186,77.497,30.313,7.813,0.389,32.696,11.28,3.88,0.258,0.673,1
9427,200,72.426,26.931,9.456,0.479,28.601,12.272,2.848,0.351,0.73,1
856,97,36.042,14.34,8.612,0.938,15.0,9.192,1.665,0.601,0.928,0
1000,106,41.113,16.38,8.24,0.788,16.401,8.902,1.988,0.503,0.88,0
5748,108,38.87,14.959,9.193,0.898,15.652,9.899,1.627,0.615,0.923,0
10161,125,60.184,17.787,8.948,0.434,20.0,12.522,1.988,0.503,0.653,1
5009,340,94.468,33.264,13.014,0.479,33.838,18.726,2.556,0.391,0.731,-1
5019,155,49.113,15.843,12.456,0.808,16.763,13.0,1.272,0.786,0.906,0
4957,147,60.184,23.339,8.019,0.51,25.495,10.262,2.91,0.344,0.784,1
6028,268,103.983,34.942,9.765,0.311,39.446,14.479,3.578,0.279,0.596,1
4844,112,41.698,16.199,8.803,0.809,16.643,10.047,1.84,0.543,0.882,0
1223,100,39.456,15.587,8.169,0.807,15.811,8.489,1.908,0.524,0.889,0
5802,157,65.012,24.064,8.307,0.467,25.942,11.319,2.897,0.345,0.696,1
3562,178,77.497,30.779,7.363,0.372,33.838,10.698,4.18,0.239,0.665,1
3057,52,33.213,8.973,7.379,0.592,11.402,9.0,1.216,0.822,0.732,-1
7529,104,37.213,13.091,10.115,0.944,13.928,10.0,1.294,0.773,0.937,0
3138,148,60.426,24.053,7.834,0.509,25.612,10.579,3.07,0.326,0.733,1
6662,400,163.823,29.92,17.022,0.187,45.541,28.926,1.758,0.569,0.477,-1
3078,254,98.811,26.943,12.003,0.327,31.401,17.903,2.245,0.446,0.527,-1
8572,198,65.113,25.771,9.783,0.587,27.203,11.386,2.634,0.38,0.839,0
7169,195,79.74,31.243,7.947,0.385,32.757,11.011,3.931,0.254,0.635,1
1540,132,42.284,15.916,10.559,0.928,16.401,11.314,1.507,0.663,0.923,0
6781,119,41.113,15.885,9.538,0.885,16.553,10.2,1.665,0.6,0.905,0
4929,195,82.669,31.772,7.814,0.359,34.176,11.068,4.066,0.246,0.678,1
3473,448,186.51,32.124,17.757,0.162,49.649,31.861,1.809,0.553,0.405,-1
3780,224,82.083,29.287,9.738,0.418,30.61,13.149,3.007,0.333,0.657,1
3803,228,125.539,35.855,8.096,0.182,50.249,14.074,4.429,0.226,0.387,1
7397,388,142.024,47.362,10.431,0.242,58.694,15.46,4.541,0.22,0.555,-1
522,204,93.882,37.606,6.907,0.291,41.231,10.381,5.445,0.184,0.625,1
4343,211,87.154,33.322,8.062,0.349,37.121,11.885,4.133,0.242,0.655,1
4516,117,40.042,15.067,9.887,0.917,15.811,10.607,1.524,0.656,0.932,0
8392,93,35.456,13.573,8.724,0.93,13.928,9.459,1.556,0.643,0.907,0
1541,128,43.113,16.658,9.784,0.865,17.088,10.607,1.703,0.587,0.918,0
7849,80,38.385,15.647,6.51,0.682,15.524,7.0,2.403,0.416,0.86,0
9310,101,37.456,14.696,8.751,0.905,15.652,9.803,1.679,0.595,0.918,0
5966,210,91.497,36.476,7.33,0.315,38.897,11.543,4.976,0.201,0.596,1
10396,100,39.799,14.869,8.563,0.793,15.811,8.782,1.737,0.576,0.885,0
10178,391,133.338,31.131,15.991,0.276,39.217,23.46,1.947,0.514,0.587,-1
5753,119,42.284,16.283,9.305,0.836,17.205,9.899,1.75,0.571,0.908,0
4914,188,81.012,32.9,7.276,0.36,34.785,10.72,4.522,0.221,0.669,1
4496,171,72.083,28.092,7.75,0.414,30.017,10.816,3.625,0.276,0.676,1
8671,132,41.456,15.413,10.905,0.965,16.155,11.0,1.413,0.708,0.946,0
3720,196,75.012,26.299,9.489,0.438,31.048,13.282,2.772,0.361,0.71,1
8162,151,81.255,27.274,7.049,0.287,32.202,11.971,3.869,0.258,0.502,1
4222,162,63.012,23.848,8.649,0.513,25.08,11.47,2.757,0.363,0.718,1
5034,131,44.042,14.158,11.781,0.849,15.297,12.0,1.202,0.832,0.9,0
3793,151,63.012,23.708,8.109,0.478,25.06,11.281,2.924,0.342,0.701,1
4395,127,41.698,15.496,10.435,0.918,16.155,11.314,1.485,0.673,0.917,0
2235,98,37.456,14.589,8.553,0.878,15.232,9.487,1.706,0.586,0.895,0
2840,217,91.64,36.142,7.645,0.325,40.224,12.054,4.728,0.212,0.656,1
9502,197,72.326,22.383,11.206,0.473,25.318,14.142,1.997,0.501,0.741,1
7612,59,28.042,9.839,7.635,0.943,10.77,8.485,1.289,0.776,0.874,0
7497,103,36.971,13.734,9.549,0.947,13.928,9.0,1.438,0.695,0.954,0
8292,57,27.213,9.162,7.921,0.967,9.849,8.485,1.157,0.865,0.891,0
1121,89,35.799,14.122,8.024,0.873,14.318,8.0,1.76,0.568,0.922,0
2910,113,40.87,15.883,9.058,0.85,16.763,9.839,1.753,0.57,0.919,0
108,221,94.426,39.058,7.204,0.311,39.812,10.43,5.422,0.184,0.612,1
5934,177,75.497,31.153,7.234,0.39,33.242,10.286,4.306,0.232,0.705,1
1154,192,59.841,25.514,9.582,0.674,25.239,11.223,2.663,0.376,0.855,-1
8237,89,35.213,13.224,8.569,0.902,13.892,9.391,1.543,0.648,0.913,0
119,186,62.184,25.349,9.342,0.604,25.495,11.236,2.713,0.369,0.814,1
3377,241,115.539,26.473,11.591,0.227,35.511,18.385,2.284,0.438,0.439,1
5582,179,75.841,26.389,8.637,0.391,30.083,12.124,3.055,0.327,0.643,1
215,181,74.569,28.318,8.138,0.409,30.463,11.399,3.48,0.287,0.658,1
6728,168,64.527,25.549,8.372,0.507,26.683,10.914,3.052,0.328,0.769,1
7889,81,33.213,12.077,8.54,0.923,12.649,9.0,1.414,0.707,0.905,0
1200,202,91.355,39.364,6.534,0.304,37.656,9.035,6.025,0.166,0.641,1
2250,122,66.527,24.985,6.217,0.346,28.284,8.614,4.019,0.249,0.632,1
7756,85,33.556,10.743,10.074,0.949,12.042,10.0,1.066,0.938,0.934,0
6200,185,87.841,34.222,6.883,0.301,37.855,10.537,4.972,0.201,0.611,1
7939,102,37.456,14.007,9.272,0.914,14.56,9.806,1.511,0.662,0.907,0
9054,106,38.042,14.293,9.443,0.92,14.866,10.0,1.514,0.661,0.926,0
2226,90,35.213,12.897,8.885,0.912,13.601,9.0,1.452,0.689,0.918,0
9855,73,30.385,11.154,8.333,0.994,11.705,8.0,1.338,0.747,0.942,0
6106,144,62.184,20.338,9.015,0.468,25.554,10.966,2.256,0.443,0.738,1
1336,123,42.284,16.117,9.717,0.864,17.205,10.607,1.659,0.603,0.911,0
7383,129,47.113,16.818,9.766,0.73,18.248,10.955,1.722,0.581,0.857,0
1338,109,37.799,13.333,10.409,0.959,13.892,10.0,1.281,0.781,0.936,0
9577,121,42.042,16.453,9.364,0.86,17.088,9.944,1.757,0.569,0.913,0
45,148,49.698,18.284,10.306,0.753,19.313,11.513,1.774,0.564,0.876,1
8097,100,38.627,14.568,8.74,0.842,14.866,9.701,1.667,0.6,0.897,0
8314,112,42.042,17.042,8.368,0.796,17.464,9.391,2.037,0.491,0.903,0
1515,108,39.113,14.733,9.333,0.887,15.264,9.899,1.579,0.633,0.893,0
3644,139,58.669,25.148,7.038,0.507,25.0,9.35,3.573,0.28,0.718,1
604,102,38.042,12.4,10.474,0.886,13.892,11.0,1.184,0.845,0.891,0
1333,177,62.426,22.791,9.888,0.571,24.698,12.224,2.305,0.434,0.748,1
8786,144,54.083,25.131,7.296,0.619,24.207,7.778,3.445,0.29,0.87,-1
1676,111,40.627,14.661,9.64,0.845,15.652,10.0,1.521,0.658,0.917,0
2679,242,121.74,36.454,8.452,0.205,51.662,14.352,4.313,0.232,0.453,1
7069,368,132.167,24.687,18.98,0.265,33.526,24.141,1.301,0.769,0.576,-1
457,91,35.799,14.052,8.246,0.892,14.56,8.0,1.704,0.587,0.933,0
6698,111,39.213,14.884,9.496,0.907,15.232,9.806,1.567,0.638,0.925,0
874,97,38.284,14.875,8.303,0.832,15.0,8.913,1.791,0.558,0.882,0
1385,117,40.284,15.635,9.528,0.906,16.401,9.899,1.641,0.609,0.918,0
5098,393,170.024,29.321,17.066,0.171,52.0,34.0,1.718,0.582,0.378,-1
8876,267,91.74,34.898,9.741,0.399,37.483,13.322,3.582,0.279,0.685,1
4065,122,40.284,15.225,10.203,0.945,15.811,10.607,1.492,0.67,0.928,0
8279,115,41.213,16.154,9.064,0.851,16.492,9.0,1.782,0.561,0.924,0
7206,217,89.397,30.384,9.094,0.341,32.249,13.244,3.341,0.299,0.59,1
5417,104,36.627,13.188,10.04,0.974,13.892,10.607,1.314,0.761,0.937,0
3569,209,103.397,38.188,6.968,0.246,45.222,11.135,5.48,0.182,0.581,1
7362,94,34.627,12.206,9.806,0.985,12.649,10.0,1.245,0.803,0.926,0
1068,102,39.698,15.716,8.263,0.813,16.553,9.153,1.902,0.526,0.895,0
6774,180,77.983,29.778,7.696,0.372,33.015,10.957,3.869,0.258,0.672,1
3259,171,71.497,28.023,7.769,0.42,29.967,10.733,3.607,0.277,0.731,1
5489,119,40.284,14.965,10.125,0.921,15.811,10.914,1.478,0.677,0.912,0
5962,325,123.439,28.166,14.692,0.268,39.812,23.38,1.917,0.522,0.544,-1
361,218,73.012,25.454,10.905,0.514,27.731,13.873,2.334,0.428,0.711,1
1028,123,42.627,16.613,9.427,0.851,16.763,9.806,1.762,0.567,0.911,0
8153,97,36.971,14.482,8.528,0.892,14.56,8.0,1.698,0.589,0.946,0
5828,186,72.912,30.065,7.877,0.44,29.833,10.607,3.817,0.262,0.695,1
9696,117,40.627,14.959,9.959,0.891,15.297,10.0,1.502,0.666,0.918,0
6864,350,112.368,41.137,10.833,0.348,42.202,14.769,3.797,0.263,0.708,-1
9366,194,82.912,31.383,7.871,0.355,32.249,9.0,3.987,0.251,0.803,1
9244,137,42.87,15.687,11.12,0.937,16.492,11.0,1.411,0.709,0.938,0
7122,105,36.87,14.209,9.409,0.971,14.765,9.899,1.51,0.662,0.929,0
283,111,39.113,14.581,9.693,0.912,15.0,9.899,1.504,0.665,0.902,0
4998,215,82.326,27.647,9.902,0.399,32.016,13.435,2.792,0.358,0.637,1
2872,213,83.497,26.774,10.129,0.384,28.425,14.142,2.643,0.378,0.683,1
6207,175,75.841,30.306,7.352,0.382,30.871,10.436,4.122,0.243,0.639,1
6254,467,165.439,33.43,17.786,0.214,50.448,31.982,1.88,0.532,0.443,-1
7495,123,41.456,14.306,10.947,0.899,14.765,11.18,1.307,0.765,0.918,0
319,310,130.811,46.635,8.464,0.228,50.0,17.19,5.51,0.181,0.479,1
3926,204,98.468,28.837,9.007,0.264,37.736,14.864,3.202,0.312,0.485,1
5701,101,36.042,12.608,10.199,0.977,13.601,10.0,1.236,0.809,0.935,0
6179,195,90.811,34.272,7.244,0.297,39.051,10.607,4.731,0.211,0.613,1
1874,121,40.87,15.093,10.207,0.91,15.524,10.983,1.479,0.676,0.906,0
6349,107,37.799,13.754,9.905,0.941,14.422,10.0,1.389,0.72,0.943,0
4997,166,65.355,25.127,8.412,0.488,26.926,10.672,2.987,0.335,0.781,1
5911,226,90.912,35.114,8.195,0.344,37.363,11.461,4.285,0.233,0.636,1
779,99,38.284,15.917,7.919,0.849,16.401,8.485,2.01,0.498,0.904,0
6228,166,76.426,29.882,7.073,0.357,32.016,10.132,4.225,0.237,0.641,1
3012,226,97.64,32.723,8.794,0.298,37.162,13.741,3.721,0.269,0.632,1
6968,173,63.698,25.798,8.538,0.536,26.683,11.0,3.021,0.331,0.795,1
2626,128,42.527,16.376,9.952,0.889,16.643,10.6,1.645,0.608,0.908,0
617,81,32.385,11.156,9.244,0.971,11.705,9.0,1.207,0.829,0.931,0
3919,218,93.154,28.909,9.601,0.316,33.377,13.667,3.011,0.332,0.592,1
2911,124,41.456,15.579,10.134,0.907,16.155,10.786,1.537,0.65,0.912,0
7569,126,42.042,15.521,10.336,0.896,16.553,11.0,1.502,0.666,0.923,0
7345,165,71.012,25.047,8.388,0.411,27.659,11.975,2.986,0.335,0.682,1
8019,107,42.284,16.939,8.043,0.752,17.088,8.913,2.106,0.475,0.877,0
1692,121,40.042,14.263,10.802,0.948,15.232,11.0,1.32,0.757,0.938,0
10483,86,34.971,12.576,8.707,0.884,13.601,9.285,1.444,0.692,0.925,0
7585,124,42.284,16.469,9.586,0.872,17.0,10.286,1.718,0.582,0.919,0
8498,121,41.456,16.101,9.568,0.885,16.492,10.0,1.683,0.594,0.917,0
1444,146,45.698,16.397,11.337,0.879,17.205,11.628,1.446,0.691,0.924,0
3701,193,82.811,27.006,9.099,0.354,31.78,13.726,2.968,0.337,0.586,1
9491,310,107.64,40.044,9.857,0.336,41.976,14.644,4.063,0.246,0.607,1
5372,163,69.255,27.76,7.476,0.427,30.529,10.6,3.713,0.269,0.709,1
7696,199,93.012,37.464,6.763,0.289,40.311,10.0,5.539,0.181,0.687,1
9089,97,36.284,12.895,9.577,0.926,13.416,9.899,1.346,0.743,0.902,0
3304,347,132.853,29.605,14.924,0.247,40.853,23.754,1.984,0.504,0.543,-1
9233,112,39.456,14.584,9.778,0.904,15.264,10.607,1.492,0.67,0.914,0
10391,66,29.799,10.769,7.803,0.934,11.662,8.485,1.38,0.725,0.904,0
6043,131,58.87,22.079,7.555,0.475,25.179,9.0,2.923,0.342,0.771,1
6108,157,80.569,32.122,6.223,0.304,35.805,9.976,5.162,0.194,0.605,1
2337,205,107.782,41.905,6.229,0.222,47.634,10.202,6.728,0.149,0.526,1
5595,199,75.012,29.505,8.588,0.444,31.575,11.549,3.436,0.291,0.748,1
6305,125,50.184,18.112,8.787,0.624,20.809,9.811,2.061,0.485,0.831,-1
6801,180,75.598,27.982,8.19,0.396,29.833,11.0,3.416,0.293,0.652,1
7270,346,134.368,28.077,15.69,0.241,43.29,25.876,1.789,0.559,0.451,-1
4701,181,69.598,27.641,8.337,0.47,29.155,11.364,3.315,0.302,0.733,1
2480,217,92.569,19.017,14.529,0.318,27.295,19.341,1.309,0.764,0.638,1
2675,244,108.953,45.021,6.901,0.258,48.01,10.262,6.524,0.153,0.639,1
2908,115,40.284,15.026,9.745,0.891,15.811,10.286,1.542,0.649,0.906,0
5807,188,75.397,30.915,7.743,0.416,33.422,10.607,3.993,0.25,0.755,1
9320,231,102.468,32.9,8.94,0.276,39.962,14.145,3.68,0.272,0.521,1
146,117,40.042,15.611,9.543,0.917,16.155,10.0,1.636,0.611,0.932,0
6446,227,110.326,39.633,7.293,0.234,43.966,12.63,5.435,0.184,0.514,1
2953,213,99.296,43.775,6.195,0.271,44.407,9.993,7.066,0.142,0.587,1
925,100,38.87,15.426,8.254,0.832,16.155,8.974,1.869,0.535,0.885,0
4473,187,73.497,27.254,8.736,0.435,29.12,12.338,3.12,0.321,0.695,1
4977,185,87.983,30.702,7.672,0.3,37.202,11.314,4.002,0.25,0.582,1
2582,216,93.983,34.429,7.988,0.307,35.341,13.345,4.31,0.232,0.547,1
425,163,78.426,29.784,6.968,0.333,34.205,9.871,4.274,0.234,0.652,1
7666,231,105.64,38.441,7.651,0.26,44.822,13.141,5.024,0.199,0.534,1
2495,188,75.841,30.669,7.805,0.411,31.241,10.807,3.93,0.254,0.668,1
468,110,42.042,16.977,8.25,0.782,17.263,9.0,2.058,0.486,0.902,0
9739,130,42.385,15.555,10.641,0.909,16.643,11.0,1.462,0.684,0.949,0
7127,183,78.184,30.652,7.602,0.376,32.249,10.99,4.032,0.248,0.665,1
3079,227,78.225,32.526,8.886,0.466,32.802,11.044,3.66,0.273,0.766,1
2381,243,116.711,36.618,8.449,0.224,46.53,13.867,4.334,0.231,0.459,1
6332,105,37.456,14.198,9.416,0.941,14.866,10.0,1.508,0.663,0.921,0
6896,191,82.326,32.544,7.473,0.354,34.928,9.829,4.355,0.23,0.657,1
6344,100,35.456,12.659,10.058,1.0,13.601,10.0,1.259,0.795,0.935,0
7914,79,32.627,11.998,8.383,0.933,12.53,9.171,1.431,0.699,0.903,0
8892,195,66.184,25.29,9.817,0.559,25.962,12.05,2.576,0.388,0.798,1
1994,104,37.456,13.963,9.483,0.932,14.422,9.899,1.472,0.679,0.92,0
5896,171,67.941,26.331,8.269,0.466,27.295,10.985,3.184,0.314,0.717,1
2091,134,63.841,24.261,7.032,0.413,28.425,9.849,3.45,0.29,0.703,1
4811,131,61.355,22.024,7.573,0.437,24.331,10.0,2.908,0.344,0.716,1
7396,170,81.012,30.549,7.085,0.326,33.734,10.194,4.311,0.232,0.672,1
9222,80,32.627,10.927,9.322,0.944,11.705,9.839,1.172,0.853,0.899,0
9220,131,43.456,16.459,10.134,0.872,17.088,11.0,1.624,0.616,0.926,0
1710,102,36.627,12.935,10.04,0.955,13.601,10.0,1.288,0.776,0.919,0
4810,194,74.426,27.614,8.945,0.44,31.064,12.806,3.087,0.324,0.69,1
8270,103,38.627,15.053,8.712,0.867,15.297,9.0,1.728,0.579,0.912,0
6525,178,68.669,27.866,8.133,0.474,29.206,10.476,3.426,0.292,0.743,1
9558,118,41.456,15.599,9.632,0.863,16.155,10.394,1.62,0.617,0.904,0
914,79,32.385,12.715,7.911,0.947,13.0,8.0,1.607,0.622,0.929,0
6172,241,101.64,34.696,8.844,0.293,39.294,13.141,3.923,0.255,0.564,1
7257,176,74.426,27.085,8.274,0.399,31.623,10.938,3.274,0.305,0.739,1
4803,119,45.941,17.186,8.816,0.709,19.235,10.554,1.949,0.513,0.847,0
10148,221,105.882,39.727,7.083,0.248,43.267,12.197,5.609,0.178,0.506,1
9587,122,42.284,16.644,9.333,0.857,17.205,9.899,1.783,0.561,0.917,0
8018,106,40.042,15.36,8.787,0.831,15.811,9.414,1.748,0.572,0.891,0
4770,70,30.385,10.655,8.365,0.953,11.662,9.0,1.274,0.785,0.915,0
9754,243,108.125,43.7,7.08,0.261,46.53,11.159,6.172,0.162,0.554,1
8416,202,106.61,44.525,5.776,0.223,48.549,10.419,7.708,0.13,0.544,1
2700,200,87.012,36.732,6.933,0.332,38.328,10.433,5.298,0.189,0.698,1
8552,100,36.527,13.161,9.674,0.942,13.928,9.899,1.36,0.735,0.901,0
1850,132,44.042,16.576,10.139,0.855,17.088,10.85,1.635,0.612,0.91,0
5675,173,71.841,27.611,7.978,0.421,30.017,11.55,3.461,0.289,0.673,1
2353,378,158.267,62.676,7.679,0.19,67.186,14.334,8.162,0.123,0.495,1
4439,132,45.698,17.41,9.654,0.794,18.788,11.18,1.803,0.555,0.88,0
5338,219,89.74,33.635,8.29,0.342,34.928,12.145,4.057,0.246,0.59,1
10379,81,33.799,12.718,8.109,0.891,13.416,9.0,1.568,0.638,0.91,0
3159,122,40.87,15.261,10.179,0.918,15.811,11.314,1.499,0.667,0.914,0
6655,172,70.083,27.759,7.889,0.44,29.53,10.587,3.518,0.284,0.699,1
10052,53,25.556,8.437,7.998,1.0,9.434,8.0,1.055,0.948,0.93,0
546,90,35.213,13.975,8.2,0.912,14.318,8.731,1.704,0.587,0.918,0
8315,82,32.627,11.943,8.742,0.968,12.53,9.192,1.366,0.732,0.921,0
6066,196,89.154,33.593,7.429,0.31,34.986,11.25,4.522,0.221,0.563,1
7213,238,86.083,34.514,8.78,0.404,36.401,12.659,3.931,0.254,0.732,1
7267,171,77.841,29.062,7.492,0.355,33.106,11.371,3.879,0.258,0.638,1
8043,118,41.799,16.548,9.079,0.849,17.088,9.0,1.823,0.549,0.94,0
1519,100,37.456,14.535,8.76,0.896,15.0,9.43,1.659,0.603,0.909,0
353,75,31.213,10.877,8.779,0.967,11.705,9.0,1.239,0.807,0.915,0
6776,67,30.042,11.026,7.737,0.933,11.662,8.485,1.425,0.702,0.893,0
4942,303,98.811,25.754,14.98,0.39,31.953,20.107,1.719,0.582,0.62,-1
5995,210,90.912,29.358,9.107,0.319,35.114,13.048,3.224,0.31,0.571,1
5247,150,58.184,21.762,8.776,0.557,24.187,11.033,2.48,0.403,0.777,1
4205,191,81.397,32.104,7.575,0.362,34.713,11.653,4.238,0.236,0.639,1
3747,254,91.64,30.519,10.597,0.38,33.541,13.718,2.88,0.347,0.648,1
9341,77,31.213,10.756,9.115,0.993,11.705,9.0,1.18,0.847,0.928,0
5373,171,73.012,26.32,8.272,0.403,30.083,11.841,3.182,0.314,0.698,1
8410,61,27.556,9.526,8.154,1.0,10.296,8.0,1.168,0.856,0.938,0
8203,209,97.054,32.018,8.311,0.279,39.217,12.5,3.853,0.26,0.635,-1
9235,203,110.912,39.464,6.549,0.207,48.052,11.092,6.026,0.166,0.511,1
10176,176,91.255,34.208,6.551,0.266,38.897,10.851,5.222,0.191,0.537,1
9803,243,95.154,27.758,11.146,0.337,33.015,15.619,2.49,0.402,0.579,1
3874,231,99.983,34.192,8.602,0.29,38.833,13.035,3.975,0.252,0.538,1
5665,214,91.497,36.223,7.522,0.321,38.079,11.375,4.816,0.208,0.64,1
663,99,40.284,14.474,8.709,0.767,15.264,10.464,1.662,0.602,0.835,0
4083,125,40.87,15.284,10.413,0.94,16.155,11.0,1.468,0.681,0.926,0
4563,188,71.012,27.483,8.71,0.468,27.514,10.686,3.155,0.317,0.734,1
2011,102,38.042,14.654,8.862,0.886,15.264,9.839,1.653,0.605,0.915,0
1045,115,42.042,16.737,8.749,0.818,17.0,9.341,1.913,0.523,0.906,0
5565,145,63.355,23.266,7.935,0.454,26.926,11.18,2.932,0.341,0.73,1
5476,179,78.669,27.186,8.383,0.363,31.257,11.0,3.243,0.308,0.607,1
3208,298,93.054,36.357,10.436,0.432,37.577,13.864,3.484,0.287,0.7,1
9287,179,77.397,30.202,7.546,0.376,32.65,11.042,4.002,0.25,0.659,1
3703,182,75.497,27.518,8.421,0.401,30.364,12.185,3.268,0.306,0.657,1
479,103,39.213,15.891,8.253,0.842,16.155,8.731,1.925,0.519,0.92,0
7980,95,36.971,14.637,8.264,0.873,14.56,8.0,1.771,0.565,0.936,0
7563,115,40.042,14.026,10.439,0.901,14.56,11.0,1.344,0.744,0.913,0
5280,109,37.698,13.466,10.306,0.964,13.928,10.607,1.307,0.765,0.912,0
4670,196,83.64,35.1,7.11,0.352,36.797,10.607,4.937,0.203,0.675,1
7306,209,98.326,32.508,8.186,0.272,41.183,12.616,3.971,0.252,0.518,1
2912,130,42.87,16.653,9.94,0.889,17.493,11.18,1.675,0.597,0.919,0
5182,212,87.154,33.684,8.013,0.351,37.696,11.56,4.203,0.238,0.666,1
527,202,82.669,35.103,7.327,0.371,36.249,10.322,4.791,0.209,0.713,1
6954,169,56.527,21.639,9.944,0.665,23.345,11.0,2.176,0.46,0.897,0
4831,147,58.527,22.531,8.307,0.539,24.352,10.956,2.712,0.369,0.792,1
3698,211,91.841,37.226,7.217,0.314,39.294,10.814,5.158,0.194,0.667,1
9428,132,42.627,15.516,10.832,0.913,16.155,11.0,1.433,0.698,0.933,0
9804,245,105.054,38.47,8.109,0.279,43.658,12.017,4.744,0.211,0.569,1
3977,411,161.338,31.467,16.63,0.198,49.649,27.888,1.892,0.528,0.474,1
5399,125,40.87,15.085,10.551,0.94,16.125,11.314,1.43,0.699,0.926,0
8414,99,37.698,14.993,8.407,0.875,15.264,8.485,1.783,0.561,0.917,0
3800,219,66.184,22.814,12.222,0.628,24.207,15.227,1.867,0.536,0.793,-1
1908,165,57.941,20.694,10.152,0.618,22.561,11.63,2.039,0.491,0.821,1
6494,140,45.456,18.218,9.784,0.851,18.974,10.0,1.862,0.537,0.924,0
5286,106,37.213,13.31,10.14,0.962,13.928,10.0,1.313,0.762,0.938,0
2073,83,32.627,12.284,8.603,0.98,13.0,9.0,1.428,0.7,0.922,0
7302,231,97.983,35.057,8.39,0.302,39.115,11.328,4.179,0.239,0.583,1
6930,210,105.397,30.181,8.859,0.238,38.833,13.717,3.407,0.294,0.499,1
2222,82,32.971,12.733,8.2,0.948,13.416,8.0,1.553,0.644,0.943,0
10479,153,73.255,28.335,6.875,0.358,29.732,10.238,4.121,0.243,0.608,1
1151,105,38.971,14.994,8.916,0.869,15.232,9.0,1.682,0.595,0.938,0
5308,106,36.627,13.645,9.891,0.993,14.318,10.0,1.379,0.725,0.942,0
667,116,40.042,13.146,11.235,0.909,14.318,12.0,1.17,0.855,0.91,0
1512,104,38.042,14.089,9.399,0.903,14.866,10.0,1.499,0.667,0.916,0
8353,197,65.255,29.109,8.617,0.581,28.178,9.497,3.378,0.296,0.858,-1
10077,104,38.627,14.318,9.248,0.876,15.0,9.839,1.548,0.646,0.912,0
3648,239,105.397,34.415,8.842,0.27,42.953,14.204,3.892,0.257,0.592,1
5463,212,93.64,38.182,7.069,0.304,40.361,10.607,5.401,0.185,0.61,1
9078,119,40.87,14.539,10.421,0.895,15.264,11.2,1.395,0.717,0.912,0
2001,126,41.456,15.624,10.268,0.921,16.553,11.0,1.522,0.657,0.93,0
7909,101,38.042,14.634,8.788,0.877,15.264,9.6,1.665,0.601,0.91,0
9557,87,35.456,13.725,8.071,0.87,14.213,8.485,1.701,0.588,0.902,0
5433,193,91.74,34.774,7.067,0.288,38.601,11.955,4.921,0.203,0.566,1
6914,224,91.74,37.628,7.58,0.334,38.949,11.143,4.964,0.201,0.647,1
5283,117,39.698,13.97,10.664,0.933,14.765,11.314,1.31,0.763,0.903,0
8692,231,64.527,26.807,10.972,0.697,25.962,12.139,2.443,0.409,0.88,-1
7135,187,69.255,26.123,9.114,0.49,26.833,12.127,2.866,0.349,0.699,1
618,53,25.799,8.797,7.671,1.0,9.487,8.0,1.147,0.872,0.906,0
10157,127,44.77,16.955,9.537,0.796,17.493,10.262,1.778,0.562,0.876,0
5998,106,38.627,14.244,9.475,0.893,15.0,10.2,1.503,0.665,0.91,0
9506,228,86.569,27.048,10.733,0.382,31.385,15.476,2.52,0.397,0.614,1
1737,120,40.042,14.501,10.537,0.941,15.264,11.18,1.376,0.727,0.923,0
3412,174,77.255,30.767,7.201,0.366,32.894,10.186,4.273,0.234,0.659,1
9386,186,81.154,28.231,8.389,0.355,30.265,12.0,3.365,0.297,0.624,1
2962,253,128.167,50.136,6.425,0.194,56.851,10.452,7.803,0.128,0.492,1
5525,277,85.497,34.818,10.129,0.476,35.128,12.0,3.437,0.291,0.801,1
9070,93,36.042,13.775,8.596,0.9,14.318,9.0,1.603,0.624,0.899,0
2036,81,32.627,11.639,8.861,0.956,12.207,9.192,1.313,0.761,0.92,0
9048,77,33.213,12.877,7.613,0.877,13.416,8.497,1.691,0.591,0.901,0
8412,249,108.811,23.487,13.499,0.264,27.295,16.816,1.74,0.575,0.69,-1
853,76,31.799,11.441,8.457,0.944,12.083,8.944,1.353,0.739,0.921,0
1805,184,58.426,25.71,9.112,0.677,25.0,10.049,2.821,0.354,0.876,-1
6082,63,29.213,10.235,7.837,0.928,10.77,8.974,1.306,0.766,0.875,0
6647,187,79.598,31.026,7.674,0.371,32.573,10.915,4.043,0.247,0.656,1
8746,116,38.87,13.877,10.643,0.965,14.56,11.0,1.304,0.767,0.924,0
9750,72,31.556,9.871,9.287,0.909,11.314,9.0,1.063,0.941,0.911,0
2909,116,40.284,15.678,9.421,0.898,16.125,9.899,1.664,0.601,0.921,0
6870,181,86.083,34.438,6.692,0.307,37.577,10.733,5.146,0.194,0.599,1
10305,87,34.627,12.735,8.698,0.912,13.416,9.391,1.464,0.683,0.906,0
673,92,35.213,11.155,10.501,0.932,12.53,11.0,1.062,0.941,0.915,0
6724,489,195.966,40.654,15.315,0.16,64.846,30.869,2.654,0.377,0.393,-1
2282,158,66.527,25.276,7.959,0.449,28.284,10.153,3.176,0.315,0.751,1
5617,104,36.87,13.019,10.171,0.961,13.928,10.914,1.28,0.781,0.908,0
920,111,41.799,17.538,8.058,0.798,17.464,8.0,2.176,0.459,0.933,0
8940,162,72.184,24.013,8.59,0.391,30.414,11.628,2.796,0.358,0.697,1
910,77,31.213,11.196,8.757,0.993,11.705,9.0,1.279,0.782,0.917,0
1360,125,42.527,16.931,9.4,0.869,17.493,9.899,1.801,0.555,0.912,0
8767,63,28.385,10.11,7.934,0.983,10.77,8.0,1.274,0.785,0.926,0
2622,226,63.255,26.462,10.874,0.71,26.249,12.0,2.433,0.411,0.873,0
5415,121,40.87,14.839,10.382,0.91,15.524,11.0,1.429,0.7,0.917,0
4765,84,36.042,12.707,8.417,0.813,14.142,9.0,1.51,0.662,0.875,0
2077,85,34.385,13.24,8.174,0.903,13.601,8.0,1.62,0.617,0.929,0
3336,204,104.711,34.853,7.452,0.234,43.658,11.538,4.677,0.214,0.507,1
7111,191,75.983,31.674,7.678,0.416,33.601,10.487,4.125,0.242,0.726,1
3287,229,92.912,23.588,12.361,0.333,30.463,19.451,1.908,0.524,0.55,1
2024,256,74.77,31.338,10.401,0.575,30.15,11.275,3.013,0.332,0.852,-1
2868,177,87.64,36.662,6.147,0.29,38.833,10.189,5.964,0.168,0.607,1
6970,216,88.569,33.199,8.284,0.346,37.59,11.628,4.008,0.25,0.684,1
4947,186,71.355,28.248,8.384,0.459,30.364,10.774,3.369,0.297,0.777,1
1132,86,33.799,12.629,8.671,0.946,13.601,9.707,1.457,0.687,0.925,0
2806,217,102.225,39.732,6.954,0.261,44.418,10.875,5.713,0.175,0.557,1
515,200,86.326,31.679,8.038,0.337,35.228,12.206,3.941,0.254,0.597,1
3435,323,123.095,33.455,12.293,0.268,46.957,18.508,2.721,0.367,0.547,-1
6926,173,67.841,22.972,9.589,0.472,26.077,13.168,2.396,0.417,0.676,1
89,82,32.627,12.156,8.589,0.968,13.0,9.0,1.415,0.707,0.921,0
1653,121,41.456,15.602,9.875,0.885,16.155,10.733,1.58,0.633,0.92,0
7974,94,35.456,13.218,9.054,0.94,13.892,9.839,1.46,0.685,0.908,0
638,436,78.326,24.597,22.57,0.893,27.203,23.335,1.09,0.918,0.931,-1
1672,129,42.87,16.254,10.105,0.882,17.0,10.733,1.608,0.622,0.921,0
6787,147,65.012,21.303,8.786,0.437,25.962,11.0,2.425,0.412,0.75,1
6378,178,74.083,29.441,7.698,0.408,30.871,11.413,3.825,0.261,0.67,1
2339,246,127.196,40.671,7.701,0.191,52.802,13.864,5.281,0.189,0.409,1
2194,95,35.698,13.581,8.906,0.937,13.892,9.192,1.525,0.656,0.905,0
6122,108,47.456,15.249,9.018,0.603,18.439,10.934,1.691,0.591,0.755,1
6295,101,37.213,13.245,9.709,0.917,13.892,10.0,1.364,0.733,0.918,0
8374,100,37.456,14.579,8.733,0.896,15.232,9.391,1.669,0.599,0.909,0
1706,117,40.87,16.081,9.264,0.88,16.643,10.286,1.736,0.576,0.918,0
8378,99,37.456,15.006,8.4,0.887,15.62,8.485,1.786,0.56,0.93,0
7683,146,63.012,23.592,7.88,0.462,26.249,10.607,2.994,0.334,0.723,1
7657,98,37.456,14.254,8.754,0.878,15.297,9.0,1.628,0.614,0.912,0
6265,166,71.255,27.709,7.628,0.411,29.732,10.648,3.633,0.275,0.693,1
4593,157,59.598,24.646,8.111,0.555,25.495,10.733,3.039,0.329,0.797,1
4310,489,91.497,32.04,19.432,0.734,33.121,22.004,1.649,0.606,0.879,-1
4637,131,57.841,14.126,11.807,0.492,17.464,13.891,1.196,0.836,0.78,-1
6055,165,69.941,24.221,8.674,0.424,29.614,11.611,2.792,0.358,0.732,1
4716,229,92.569,34.762,8.388,0.336,39.395,11.857,4.144,0.241,0.679,1
4849,197,73.255,26.031,9.636,0.461,29.732,12.155,2.701,0.37,0.752,1
8570,132,51.113,19.814,8.482,0.635,21.024,10.262,2.336,0.428,0.828,0
7523,93,34.627,13.214,8.961,0.975,13.892,9.707,1.475,0.678,0.93,0
8455,97,37.213,14.888,8.295,0.88,15.232,8.825,1.795,0.557,0.915,0
2737,238,108.569,42.673,7.101,0.254,47.802,10.413,6.009,0.166,0.574,1
4374,181,75.74,31.02,7.429,0.396,32.757,10.799,4.175,0.24,0.7,1
6569,155,74.77,26.458,7.459,0.348,30.414,11.0,3.547,0.282,0.622,1
5845,157,71.598,26.275,7.608,0.385,29.411,11.384,3.454,0.29,0.687,1
2409,170,80.326,24.871,8.703,0.331,27.659,14.31,2.858,0.35,0.567,1
2492,160,80.326,30.798,6.615,0.312,33.971,9.899,4.656,0.215,0.593,1
802,106,40.385,16.46,8.199,0.817,16.492,8.0,2.007,0.498,0.934,0
7555,108,38.284,13.223,10.399,0.926,13.601,10.607,1.272,0.786,0.908,0
8459,103,39.213,14.83,8.843,0.842,15.524,9.0,1.677,0.596,0.916,0
7514,117,40.284,15.024,9.916,0.906,15.652,10.733,1.515,0.66,0.903,0
2165,92,34.627,12.951,9.045,0.964,13.601,9.0,1.432,0.698,0.929,0
4698,112,38.627,14.15,10.078,0.943,14.56,10.0,1.404,0.712,0.933,0
3363,250,99.054,32.966,9.656,0.32,39.661,15.442,3.414,0.293,0.611,1
2246,97,35.456,13.039,9.472,0.97,13.892,9.899,1.377,0.726,0.919,0
9445,91,34.627,11.048,10.487,0.954,12.083,11.0,1.053,0.949,0.91,0
4676,169,68.184,27.167,7.921,0.457,28.792,10.002,3.43,0.292,0.744,1
9824,270,114.468,30.673,11.208,0.259,36.359,20.69,2.737,0.365,0.48,1
4652,135,62.184,22.413,7.669,0.439,25.239,10.755,2.923,0.342,0.662,1
8689,135,44.527,17.73,9.695,0.856,18.439,9.899,1.829,0.547,0.922,0
9586,59,41.698,15.482,4.852,0.426,18.601,7.741,3.191,0.313,0.648,-1
7924,103,38.87,15.326,8.557,0.857,16.125,9.192,1.791,0.558,0.912,0
5202,178,74.77,29.956,7.566,0.4,31.145,9.399,3.959,0.253,0.749,1
1643,74,31.213,10.902,8.643,0.954,12.083,9.0,1.261,0.793,0.908,0
763,213,85.497,28.438,9.537,0.366,34.015,13.652,2.982,0.335,0.645,1
2315,98,36.627,14.289,8.732,0.918,15.0,9.192,1.636,0.611,0.933,0
9789,103,38.042,14.495,9.048,0.894,15.0,9.899,1.602,0.624,0.924,0
4325,190,73.598,28.964,8.352,0.441,29.732,10.955,3.468,0.288,0.7,1
4657,198,80.326,30.69,8.214,0.386,34.015,11.863,3.736,0.268,0.65,1
7314,416,158.309,35.669,14.85,0.209,50.636,27.39,2.402,0.416,0.449,-1
8635,102,36.284,13.333,9.741,0.974,13.892,9.899,1.369,0.731,0.919,0
1347,109,39.698,15.461,8.976,0.869,16.125,9.899,1.723,0.581,0.897,0
7822,121,40.627,15.102,10.201,0.921,15.811,10.0,1.48,0.675,0.938,0
2364,113,38.627,13.978,10.293,0.952,14.765,11.0,1.358,0.736,0.938,0
7902,82,33.799,12.3,8.488,0.902,12.649,9.0,1.449,0.69,0.901,0
1674,100,37.456,13.162,9.674,0.896,14.318,10.0,1.361,0.735,0.905,0
5261,108,38.284,12.946,10.622,0.926,13.928,11.314,1.219,0.82,0.904,0
3499,220,97.539,36.101,7.759,0.291,38.288,11.263,4.653,0.215,0.577,1
1799,112,41.213,15.891,8.974,0.829,15.811,9.0,1.771,0.565,0.929,0
3991,114,40.042,15.127,9.595,0.893,16.125,10.607,1.576,0.634,0.919,0
3661,219,103.054,25.975,10.735,0.259,36.401,17.171,2.42,0.413,0.485,1
8082,71,31.213,10.836,8.343,0.916,11.662,9.192,1.299,0.77,0.887,0
9519,227,88.326,31.223,9.257,0.366,34.234,12.748,3.373,0.296,0.641,1
5094,187,68.77,28.449,8.369,0.497,28.284,10.0,3.399,0.294,0.791,1
5728,111,38.042,12.88,10.973,0.964,13.892,11.7,1.174,0.852,0.921,0
8664,109,37.213,12.641,10.979,0.989,13.416,11.0,1.151,0.868,0.94,0
5406,182,50.527,18.087,12.812,0.896,19.313,13.864,1.412,0.708,0.919,0
4521,163,63.941,24.13,8.601,0.501,26.173,11.0,2.806,0.356,0.776,1
8066,90,35.213,12.872,8.902,0.912,13.601,9.839,1.446,0.692,0.918,0
9619,210,96.326,34.823,7.678,0.284,37.216,11.717,4.535,0.22,0.548,1
5149,159,66.184,26.062,7.768,0.456,27.893,10.522,3.355,0.298,0.724,1
9167,116,40.627,15.674,9.423,0.883,16.155,10.0,1.663,0.601,0.924,0
2276,87,33.799,12.38,8.947,0.957,13.0,9.0,1.384,0.723,0.93,0
6087,366,88.326,30.773,15.143,0.59,31.401,18.0,2.032,0.492,0.765,-1
8443,86,34.385,13.484,8.121,0.914,13.601,8.0,1.66,0.602,0.93,0
10534,83,36.87,12.684,8.332,0.767,14.422,9.153,1.522,0.657,0.869,0
3260,205,77.983,32.956,7.92,0.424,34.059,10.607,4.161,0.24,0.722,1
9510,126,48.284,19.32,8.304,0.679,19.723,10.174,2.327,0.43,0.837,0
6645,196,85.255,32.792,7.61,0.339,36.401,11.599,4.309,0.232,0.682,1
6130,227,90.083,35.354,8.175,0.352,35.44,10.983,4.324,0.231,0.684,1
2228,87,34.87,12.972,8.54,0.899,13.416,9.192,1.519,0.658,0.892,0
1946,86,34.042,12.398,8.832,0.933,13.416,9.839,1.404,0.712,0.901,0
9928,199,105.255,33.342,7.599,0.226,43.829,13.227,4.388,0.228,0.476,1
2894,185,79.74,30.453,7.735,0.366,33.971,11.714,3.937,0.254,0.612,1
6356,81,33.456,11.239,9.176,0.909,12.207,9.899,1.225,0.816,0.88,0
4536,120,40.87,14.902,10.253,0.903,15.811,10.983,1.454,0.688,0.913,0
4409,122,40.87,14.911,10.417,0.918,15.524,11.0,1.431,0.699,0.914,0
7023,200,95.64,34.181,7.45,0.275,41.146,11.275,4.588,0.218,0.552,1
74,242,72.184,30.898,9.972,0.584,30.083,10.693,3.098,0.323,0.864,-1
4211,102,36.385,13.552,9.583,0.968,13.928,9.0,1.414,0.707,0.958,0
4740,174,72.426,27.958,7.924,0.417,30.463,11.628,3.528,0.283,0.693,1
2753,228,98.711,26.972,10.763,0.294,34.713,15.186,2.506,0.399,0.534,1
3212,228,105.296,43.145,6.729,0.258,47.885,10.015,6.412,0.156,0.659,1
2777,164,66.326,26.904,7.761,0.468,29.069,9.899,3.466,0.288,0.759,1
4807,163,66.912,28.327,7.327,0.458,29.682,10.023,3.866,0.259,0.746,1
6468,243,109.497,43.127,7.174,0.255,47.096,11.0,6.012,0.166,0.615,1
8820,168,57.698,25.014,8.551,0.634,25.298,9.487,2.925,0.342,0.906,0
3935,257,104.326,36.168,9.047,0.297,43.829,14.78,3.998,0.25,0.589,1
1243,162,60.527,21.209,9.726,0.556,24.597,12.0,2.181,0.459,0.77,1
7123,205,83.154,31.799,8.208,0.373,35.228,11.926,3.874,0.258,0.681,1
6925,97,40.042,11.936,10.348,0.76,13.892,10.85,1.153,0.867,0.855,0
2209,84,33.799,13.145,8.136,0.924,13.892,9.0,1.616,0.619,0.933,0
6331,112,39.213,15.042,9.48,0.915,15.297,9.0,1.587,0.63,0.945,0
9999,199,91.497,25.318,10.008,0.299,32.45,15.057,2.53,0.395,0.489,1
3029,110,38.87,13.677,10.241,0.915,14.318,10.752,1.336,0.749,0.909,0
10381,71,30.971,11.48,7.875,0.93,12.207,8.497,1.458,0.686,0.922,0
3805,279,111.196,40.513,8.768,0.284,45.607,13.06,4.62,0.216,0.633,1
4042,124,41.698,15.137,10.43,0.896,15.524,11.094,1.451,0.689,0.899,0
7137,143,53.941,19.58,9.299,0.618,22.023,11.717,2.106,0.475,0.784,0
3364,378,134.711,32.046,15.019,0.262,37.216,18.198,2.134,0.469,0.705,-1
7173,138,59.355,19.451,9.033,0.492,22.804,12.437,2.153,0.464,0.711,1
9364,241,103.054,25.748,11.917,0.285,29.682,18.185,2.161,0.463,0.601,1
10308,83,34.042,13.512,7.821,0.9,13.928,8.854,1.728,0.579,0.907,0
5012,149,45.698,16.138,11.755,0.897,17.464,12.0,1.373,0.728,0.909,0
1070,133,44.042,17.374,9.747,0.862,17.464,10.0,1.783,0.561,0.92,0
9965,51,28.385,11.885,5.464,0.795,12.166,6.0,2.175,0.46,0.872,0
2721,122,42.87,16.799,9.247,0.834,17.088,9.839,1.817,0.55,0.91,0
7028,210,90.669,34.683,7.709,0.321,37.336,11.86,4.499,0.222,0.646,1
7197,144,68.284,25.773,7.114,0.388,29.155,10.0,3.623,0.276,0.704,1
6067,152,72.326,29.012,6.671,0.365,30.806,9.899,4.349,0.23,0.644,1
7586,119,40.627,14.776,10.254,0.906,15.524,10.0,1.441,0.694,0.926,0
495,211,104.811,41.632,6.453,0.241,45.541,11.385,6.452,0.155,0.545,1
2298,138,63.012,22.155,7.931,0.437,25.632,11.179,2.794,0.358,0.692,1
5177,205,78.912,31.381,8.318,0.414,33.422,11.314,3.773,0.265,0.696,1
9232,202,82.669,29.338,8.767,0.371,32.985,12.067,3.346,0.299,0.685,1
4965,198,82.527,32.921,7.658,0.365,35.693,10.0,4.299,0.233,0.737,1
7598,104,42.627,14.416,9.185,0.719,15.232,9.944,1.57,0.637,0.822,0
10093,124,42.87,16.535,9.548,0.848,17.205,10.6,1.732,0.577,0.908,0
770,67,30.385,10.263,8.312,0.912,11.402,9.0,1.235,0.81,0.899,0
9977,218,100.083,36.852,7.532,0.273,41.304,11.384,4.893,0.204,0.581,1
9435,108,37.456,13.335,10.312,0.967,13.892,10.607,1.293,0.773,0.931,0
7650,162,77.497,30.899,6.676,0.339,33.106,9.783,4.629,0.216,0.664,1
10210,89,34.627,13.27,8.539,0.933,13.928,9.0,1.554,0.643,0.927,0
8420,95,38.284,15.721,7.694,0.815,16.125,8.485,2.043,0.489,0.9,0
141,122,42.042,16.171,9.606,0.867,16.763,10.0,1.683,0.594,0.924,0
3889,113,38.627,14.219,10.119,0.952,15.0,10.607,1.405,0.712,0.938,0
6281,170,68.77,25.74,8.409,0.452,27.857,10.287,3.061,0.327,0.78,1
1193,117,40.87,15.796,9.431,0.88,16.643,9.899,1.675,0.597,0.925,0
8370,86,33.799,12.611,8.683,0.946,13.601,9.0,1.452,0.689,0.93,0
3327,383,175.48,52.612,9.269,0.156,62.65,19.926,5.676,0.176,0.426,-1
9936,230,87.983,28.0,10.459,0.373,34.785,14.513,2.677,0.374,0.626,1
2559,285,112.368,35.362,10.262,0.284,44.418,15.392,3.446,0.29,0.538,1
797,99,38.042,14.9,8.46,0.86,15.232,9.099,1.761,0.568,0.908,0
8848,167,54.87,22.486,9.456,0.697,22.361,10.0,2.378,0.421,0.895,0
4015,185,81.154,25.819,9.123,0.353,30.887,12.905,2.83,0.353,0.606,1
5792,225,92.912,37.486,7.642,0.328,41.231,11.384,4.905,0.204,0.709,1
6478,306,129.296,33.029,11.796,0.23,45.222,20.324,2.8,0.357,0.429,1
10277,94,36.627,13.418,8.92,0.88,14.422,9.899,1.504,0.665,0.908,0
9569,256,70.184,29.009,11.236,0.653,29.155,13.282,2.582,0.387,0.849,-1
3936,189,104.468,36.349,6.62,0.218,43.267,11.39,5.491,0.182,0.434,1
2508,106,38.87,14.267,9.46,0.882,15.232,10.286,1.508,0.663,0.902,0
10203,215,85.397,31.072,8.81,0.37,35.468,13.158,3.527,0.284,0.638,1
4421,118,39.213,13.856,10.843,0.964,14.765,11.0,1.278,0.783,0.944,0
4839,155,57.012,22.017,8.964,0.599,23.601,11.706,2.456,0.407,0.797,1
8036,185,62.426,23.569,9.994,0.597,24.187,12.425,2.358,0.424,0.817,-1
3279,193,82.569,29.142,8.432,0.356,34.409,12.655,3.456,0.289,0.629,1
7221,193,80.669,31.201,7.876,0.373,34.015,12.522,3.962,0.252,0.638,1
845,94,36.042,14.131,8.47,0.909,14.765,9.192,1.668,0.599,0.926,0
4971,203,78.326,30.355,8.515,0.416,32.45,12.728,3.565,0.281,0.65,1
3824,179,87.983,36.836,6.187,0.291,38.626,9.099,5.954,0.168,0.696,1
8859,177,67.012,26.96,8.359,0.495,28.46,10.752,3.225,0.31,0.801,1
5075,188,83.012,31.689,7.554,0.343,35.903,10.672,4.195,0.238,0.687,1
7677,168,68.326,28.214,7.582,0.452,29.833,10.607,3.721,0.269,0.753,1
4799,366,136.024,30.627,15.216,0.249,39.812,25.526,2.013,0.497,0.488,-1
8062,89,36.042,13.923,8.139,0.861,14.422,9.153,1.711,0.585,0.894,0
3425,241,103.64,33.521,9.154,0.282,38.275,16.034,3.662,0.273,0.517,1
9614,56,26.971,9.092,7.842,0.967,10.296,8.0,1.159,0.862,0.911,0
5642,245,93.882,39.24,7.95,0.349,40.817,11.748,4.936,0.203,0.648,1
5299,96,37.113,13.062,9.358,0.876,13.928,9.839,1.396,0.716,0.889,0
9870,75,31.799,11.236,8.498,0.932,11.705,9.0,1.322,0.756,0.904,0
2176,78,31.799,12.118,8.196,0.969,12.649,8.0,1.479,0.676,0.934,0
8736,139,45.113,17.496,10.115,0.858,18.028,10.607,1.73,0.578,0.917,0
8173,66,28.627,10.1,8.32,1.0,10.817,8.485,1.214,0.824,0.91,0
9791,121,41.456,13.978,11.022,0.885,14.765,11.672,1.268,0.788,0.9,0
2532,117,40.87,14.763,10.09,0.88,16.155,11.0,1.463,0.683,0.907,0
5824,167,63.598,24.47,8.69,0.519,26.401,11.175,2.816,0.355,0.771,1
6784,223,90.669,33.164,8.562,0.341,36.674,12.393,3.874,0.258,0.653,1
7501,114,40.284,14.929,9.722,0.883,15.264,10.539,1.536,0.651,0.901,0
6243,182,86.669,28.236,8.207,0.304,32.65,12.363,3.44,0.291,0.532,1
9178,128,43.456,16.024,10.17,0.852,17.117,10.0,1.576,0.635,0.918,0
6347,107,37.698,14.044,9.7,0.946,14.765,9.899,1.448,0.691,0.915,0
7763,139,45.698,17.932,9.87,0.836,18.868,11.18,1.817,0.55,0.906,0
1194,114,40.627,15.712,9.238,0.868,16.279,9.0,1.701,0.588,0.931,0
58,250,100.711,36.413,8.742,0.31,41.183,13.864,4.165,0.24,0.558,1
5061,187,69.841,25.977,9.166,0.482,28.636,11.628,2.834,0.353,0.778,1
2118,86,33.213,12.004,9.122,0.98,12.649,9.0,1.316,0.76,0.925,0
2813,145,44.627,15.27,12.09,0.915,15.811,12.0,1.263,0.792,0.929,0
1792,83,33.456,12.181,8.676,0.932,13.0,9.192,1.404,0.712,0.907,0
3786,218,87.397,30.695,9.043,0.359,34.986,13.184,3.394,0.295,0.592,1
5278,105,38.042,13.63,9.808,0.912,14.765,10.539,1.39,0.72,0.913,0
5604,109,38.627,14.2,9.773,0.918,14.56,10.0,1.453,0.688,0.916,0
9543,263,90.569,31.315,10.693,0.403,34.234,15.464,2.928,0.341,0.678,1
1140,102,37.213,14.269,9.102,0.926,14.866,9.0,1.568,0.638,0.94,0
3331,208,106.225,31.505,8.406,0.232,39.294,14.702,3.748,0.267,0.481,1
6861,194,77.255,27.256,9.062,0.408,30.083,13.655,3.008,0.332,0.641,1
1468,116,40.042,15.202,9.715,0.909,15.524,10.0,1.565,0.639,0.924,0
5559,188,83.74,33.357,7.176,0.337,35.468,10.464,4.648,0.215,0.642,1
2976,175,74.083,27.983,7.963,0.401,29.833,11.314,3.514,0.285,0.647,1
3386,170,73.598,21.092,10.262,0.394,26.571,14.906,2.055,0.487,0.627,1
8476,201,110.953,22.05,11.606,0.205,33.136,21.769,1.9,0.526,0.414,-1
9241,114,39.456,13.839,10.489,0.92,14.422,11.18,1.319,0.758,0.916,0
342,144,49.941,17.825,10.286,0.726,19.416,12.017,1.733,0.577,0.847,0
1232,123,43.941,18.079,8.663,0.801,18.028,9.192,2.087,0.479,0.898,0
3756,185,80.669,31.277,7.531,0.357,34.438,11.733,4.153,0.241,0.629,1
7708,185,88.569,23.083,10.204,0.296,29.155,16.753,2.262,0.442,0.551,1
6191,173,70.912,29.789,7.394,0.432,30.529,10.645,4.028,0.248,0.706,1
8750,126,41.456,14.947,10.733,0.921,15.811,11.0,1.393,0.718,0.92,0
5358,100,38.042,13.993,9.099,0.868,14.866,9.803,1.538,0.65,0.897,0
8800,88,34.627,13.607,8.234,0.922,14.422,9.153,1.653,0.605,0.917,0
655,94,36.385,14.976,7.991,0.892,15.232,8.0,1.874,0.534,0.94,0
5505,100,36.042,12.746,9.99,0.967,13.342,10.0,1.276,0.784,0.917,0
5594,158,68.083,25.659,7.84,0.428,28.636,11.068,3.273,0.306,0.705,1
6552,92,36.87,13.722,8.536,0.85,15.232,9.707,1.608,0.622,0.876,0
2567,252,114.024,46.472,6.904,0.244,49.092,11.31,6.731,0.149,0.553,1
7668,190,89.983,32.285,7.493,0.295,38.275,11.628,4.309,0.232,0.572,1
1143,91,35.456,14.293,8.106,0.91,14.765,8.875,1.763,0.567,0.915,0
3342,254,106.569,41.189,7.852,0.281,42.379,10.881,5.246,0.191,0.632,1
1760,143,45.698,17.6,10.345,0.86,18.385,11.18,1.701,0.588,0.92,0
4285,133,50.527,18.974,8.925,0.655,20.616,10.607,2.126,0.47,0.831,1
6089,323,148.066,25.074,16.402,0.185,39.0,30.631,1.529,0.654,0.389,-1
2294,123,55.598,20.023,7.821,0.5,22.361,10.461,2.56,0.391,0.709,1
649,230,69.941,22.043,13.285,0.591,25.632,15.0,1.659,0.603,0.824,-1
3348,200,99.497,35.006,7.274,0.254,39.812,11.0,4.812,0.208,0.557,1
6831,422,159.581,34.272,15.678,0.208,47.885,26.096,2.186,0.457,0.548,-1
1481,98,36.042,13.466,9.266,0.948,13.928,9.839,1.453,0.688,0.92,0
8514,136,44.87,16.686,10.378,0.849,17.464,11.18,1.608,0.622,0.904,0
1228,88,34.87,12.792,8.759,0.909,13.416,9.391,1.46,0.685,0.889,0
4223,203,72.083,26.485,9.759,0.491,26.683,12.359,2.714,0.368,0.717,1
10160,170,57.841,24.919,8.686,0.639,25.239,9.6,2.869,0.349,0.867,-1
10011,114,40.042,15.034,9.655,0.893,15.524,10.0,1.557,0.642,0.919,0
8063,100,38.042,14.405,8.839,0.868,15.297,9.0,1.63,0.614,0.913,0
1277,167,57.698,22.796,9.328,0.63,24.042,11.0,2.444,0.409,0.848,1
440,110,39.698,15.27,9.172,0.877,15.652,9.985,1.665,0.601,0.891,0
290,233,114.711,37.981,7.811,0.223,45.0,11.648,4.863,0.206,0.511,1
1440,107,38.042,13.568,10.041,0.929,14.318,11.0,1.351,0.74,0.915,0
6919,153,64.77,21.291,9.15,0.458,23.601,12.523,2.327,0.43,0.659,1
5817,188,67.841,22.067,10.847,0.513,25.807,13.435,2.034,0.492,0.748,1
9065,114,40.87,16.21,8.954,0.858,16.553,9.391,1.81,0.552,0.912,0
9195,248,107.397,37.769,8.36,0.27,45.122,12.225,4.518,0.221,0.56,1
2573,179,79.841,29.943,7.611,0.353,33.242,11.124,3.934,0.254,0.702,1
8968,115,40.87,15.918,9.199,0.865,16.643,9.899,1.73,0.578,0.916,0
5431,186,81.355,32.803,7.22,0.353,34.525,10.0,4.544,0.22,0.725,1
4940,148,63.598,25.495,7.391,0.46,26.571,10.672,3.449,0.29,0.712,1
7434,304,134.51,22.956,16.861,0.211,40.497,27.611,1.361,0.735,0.42,-1
9345,289,125.439,25.208,14.597,0.231,36.674,27.067,1.727,0.579,0.454,1
8645,267,69.598,23.761,14.307,0.693,25.298,16.0,1.661,0.602,0.86,-1
6871,186,78.669,28.832,8.214,0.378,31.78,11.365,3.51,0.285,0.648,1
4901,193,81.983,32.69,7.517,0.361,36.359,10.286,4.349,0.23,0.704,1
5270,108,38.87,13.914,9.883,0.898,15.232,10.607,1.408,0.71,0.911,0
7119,211,90.326,25.852,10.392,0.325,34.54,15.953,2.488,0.402,0.572,1
2025,133,43.456,16.823,10.066,0.885,17.464,10.752,1.671,0.598,0.93,0
5899,323,141.64,30.735,13.381,0.202,53.0,24.363,2.297,0.435,0.406,-1
9833,243,88.912,33.278,9.297,0.386,35.511,11.763,3.579,0.279,0.691,1
6487,191,77.497,27.866,8.727,0.4,30.414,11.891,3.193,0.313,0.662,1
4838,136,56.77,18.991,9.118,0.53,20.224,10.0,2.083,0.48,0.798,1
5892,231,110.468,38.029,7.734,0.238,43.658,11.724,4.917,0.203,0.504,1
2637,76,31.213,11.046,8.76,0.98,11.662,9.192,1.261,0.793,0.921,0
8198,124,45.598,15.377,10.267,0.749,17.464,11.49,1.498,0.668,0.844,0
10107,169,83.255,32.864,6.547,0.306,36.401,9.87,5.019,0.199,0.606,1
2999,217,89.054,35.317,7.823,0.344,36.235,10.943,4.514,0.222,0.647,1
6679,249,116.468,34.669,9.145,0.231,41.183,14.739,3.791,0.264,0.465,1
5353,195,75.983,24.948,9.952,0.424,28.46,12.921,2.507,0.399,0.696,1
3804,206,88.669,33.401,7.853,0.329,37.121,12.0,4.254,0.235,0.642,1
5481,184,72.083,26.01,9.007,0.445,29.411,12.462,2.888,0.346,0.679,1
816,110,40.042,15.996,8.756,0.862,16.492,9.0,1.827,0.547,0.917,0
7121,218,89.154,34.09,8.142,0.345,36.497,11.093,4.187,0.239,0.66,1
7711,219,98.225,33.362,8.358,0.285,38.897,14.23,3.992,0.251,0.513,1
1433,116,40.87,15.654,9.435,0.873,16.125,10.118,1.659,0.603,0.91,0
5116,198,77.74,28.951,8.708,0.412,33.015,11.767,3.325,0.301,0.717,1
1244,168,56.184,21.348,10.02,0.669,23.409,11.628,2.131,0.469,0.84,1
8106,77,32.627,12.75,7.689,0.909,13.342,8.0,1.658,0.603,0.906,0
7969,85,33.799,13.131,8.242,0.935,13.601,8.0,1.593,0.628,0.939,0
2127,101,36.627,13.493,9.531,0.946,14.422,9.899,1.416,0.706,0.935,0
7067,194,81.497,31.526,7.835,0.367,32.894,10.865,4.024,0.249,0.655,1
204,199,92.426,33.897,7.475,0.293,39.459,12.433,4.535,0.221,0.6,1
3983,142,44.87,15.352,11.777,0.886,16.553,13.0,1.304,0.767,0.91,0
9810,165,67.841,25.236,8.325,0.451,26.0,11.094,3.032,0.33,0.708,1
507,261,156.711,35.361,9.398,0.134,57.14,16.901,3.763,0.266,0.315,1
1123,88,36.385,14.958,7.491,0.835,15.232,8.0,1.997,0.501,0.921,0
704,174,60.77,21.627,10.244,0.592,24.042,12.333,2.111,0.474,0.811,1
8059,95,36.87,14.192,8.523,0.878,14.765,9.192,1.665,0.601,0.905,0
5078,50,25.556,9.254,6.879,0.962,9.849,7.0,1.345,0.743,0.909,0
9956,116,41.698,16.256,9.085,0.838,17.088,9.839,1.789,0.559,0.896,0
8595,201,61.841,25.981,9.85,0.66,25.554,10.539,2.638,0.379,0.884,0
10311,50,24.971,8.881,7.168,1.0,9.487,7.0,1.239,0.807,0.909,0
2023,137,44.87,17.246,10.115,0.855,17.72,10.59,1.705,0.586,0.91,0
1597,185,66.669,24.64,9.56,0.523,27.785,12.257,2.577,0.388,0.758,1
9530,238,108.225,29.938,10.122,0.255,35.511,18.508,2.958,0.338,0.456,1
5385,160,58.527,22.563,9.029,0.587,23.77,10.97,2.499,0.4,0.779,1
1340,212,70.669,25.526,10.574,0.533,28.844,13.087,2.414,0.414,0.764,1
7492,220,60.426,24.019,11.662,0.757,23.707,12.826,2.06,0.486,0.885,-1
776,73,33.213,11.498,8.083,0.832,12.53,9.261,1.422,0.703,0.869,0
9852,279,127.924,25.345,14.016,0.214,36.235,26.102,1.808,0.553,0.459,1
3236,203,104.468,35.582,7.264,0.234,41.976,12.567,4.898,0.204,0.475,1
5498,108,38.042,13.863,9.919,0.938,14.56,10.0,1.398,0.716,0.919,0
6164,217,89.74,36.602,7.549,0.339,37.643,10.866,4.849,0.206,0.662,1
2143,85,33.213,11.995,9.022,0.968,12.649,9.0,1.329,0.752,0.929,0
8555,119,44.87,17.007,8.909,0.743,18.601,10.419,1.909,0.524,0.859,0
9464,141,44.87,17.126,10.482,0.88,18.028,11.0,1.634,0.612,0.931,0
2666,262,100.61,42.013,7.94,0.325,44.822,10.778,5.291,0.189,0.681,1
4692,136,53.113,20.203,8.571,0.606,21.587,10.0,2.357,0.424,0.805,1
1216,74,31.799,11.267,8.363,0.92,12.53,9.0,1.347,0.742,0.919,0
10262,87,34.627,12.839,8.627,0.912,13.601,9.391,1.488,0.672,0.902,0
10338,88,34.385,12.663,8.848,0.935,13.416,9.0,1.431,0.699,0.936,0
3822,235,103.74,35.027,8.542,0.274,40.162,13.46,4.1,0.244,0.513,1
5781,100,37.213,13.208,9.64,0.907,13.928,10.0,1.37,0.73,0.913,0
8403,111,41.213,16.621,8.503,0.821,17.0,9.391,1.955,0.512,0.921,0
3532,231,111.154,40.537,7.256,0.235,47.676,12.461,5.587,0.179,0.567,1
995,115,42.284,16.509,8.87,0.808,17.029,9.6,1.861,0.537,0.898,0
1262,158,59.841,22.476,8.951,0.554,22.825,10.878,2.511,0.398,0.782,1
3131,248,112.468,25.228,12.516,0.246,32.985,18.582,2.016,0.496,0.51,1
4451,68,33.213,10.769,8.04,0.775,12.207,9.527,1.339,0.747,0.84,-1
481,183,83.983,30.903,7.54,0.326,36.359,11.662,4.099,0.244,0.582,1
768,51,25.799,9.764,6.65,0.963,10.296,7.071,1.468,0.681,0.903,0
3458,230,89.497,31.88,9.186,0.361,36.715,13.074,3.47,0.288,0.666,1
8448,104,38.042,14.664,9.03,0.903,15.232,9.944,1.624,0.616,0.92,0
1327,128,42.284,15.163,10.748,0.9,15.811,11.926,1.411,0.709,0.892,0
1723,111,40.042,14.373,9.833,0.87,15.264,10.8,1.462,0.684,0.917,0
103,200,81.497,28.694,8.875,0.378,32.062,12.0,3.233,0.309,0.642,1
6071,208,98.669,39.169,6.761,0.268,43.012,11.281,5.793,0.173,0.608,1
5405,109,38.627,14.008,9.907,0.918,14.765,10.59,1.414,0.707,0.924,0
6686,189,80.426,32.752,7.347,0.367,33.242,10.965,4.458,0.224,0.679,1
2790,199,86.569,29.082,8.712,0.334,34.409,13.71,3.338,0.3,0.578,1
7371,54,35.456,14.398,4.775,0.54,14.866,6.668,3.015,0.332,0.706,-1
7080,219,83.983,27.716,10.061,0.39,30.676,14.686,2.755,0.363,0.651,1
7096,357,134.51,26.534,17.131,0.248,39.623,27.672,1.549,0.646,0.496,-1
4221,176,62.669,24.486,9.152,0.563,26.401,11.314,2.676,0.374,0.791,1
9314,181,80.569,24.397,9.446,0.35,28.231,13.641,2.583,0.387,0.6,1
3861,218,93.983,32.185,8.624,0.31,36.222,13.296,3.732,0.268,0.555,1
7352,328,98.811,26.539,15.736,0.422,36.056,19.365,1.686,0.593,0.727,-1
8490,223,110.61,39.225,7.239,0.229,49.82,11.792,5.419,0.185,0.545,-1
9342,241,98.225,33.407,9.185,0.314,39.925,14.769,3.637,0.275,0.576,1
7747,159,67.355,26.625,7.603,0.44,28.636,10.357,3.502,0.286,0.694,1
3997,218,93.054,35.161,7.894,0.316,38.484,11.628,4.454,0.225,0.6,1
929,94,36.627,14.172,8.445,0.88,14.765,9.391,1.678,0.596,0.913,0
3730,220,93.497,27.964,10.017,0.316,34.785,15.036,2.792,0.358,0.609,1
10296,101,41.456,14.938,8.609,0.739,16.492,9.459,1.735,0.576,0.867,0
1147,132,42.87,15.859,10.598,0.903,16.763,11.0,1.496,0.668,0.923,0
9884,159,46.87,16.851,12.014,0.91,17.493,12.969,1.403,0.713,0.922,0
14,105,38.87,15.213,8.788,0.873,15.811,9.192,1.731,0.578,0.917,0
6734,174,63.355,24.671,8.98,0.545,25.298,11.926,2.747,0.364,0.765,-1
4480,113,39.698,14.414,9.981,0.901,14.866,10.607,1.444,0.692,0.908,0
8728,156,47.698,17.826,11.143,0.862,19.313,11.963,1.6,0.625,0.915,0
8665,298,81.941,33.615,11.287,0.558,33.956,14.0,2.978,0.336,0.851,-1
5946,232,100.669,31.796,9.29,0.288,39.217,14.994,3.422,0.292,0.536,1
9763,112,50.284,19.499,7.313,0.557,21.541,9.144,2.666,0.375,0.803,1
4878,228,88.912,35.09,8.273,0.362,36.401,11.216,4.241,0.236,0.64,1
2746,114,39.456,14.776,9.823,0.92,15.811,10.607,1.504,0.665,0.927,0
976,212,93.012,38.796,6.958,0.308,41.195,10.0,5.576,0.179,0.691,1
6961,217,102.711,25.743,10.733,0.258,33.601,20.04,2.398,0.417,0.483,1
5101,238,99.882,33.424,9.066,0.3,36.056,15.556,3.687,0.271,0.543,1
9343,233,99.397,30.991,9.573,0.296,35.847,15.205,3.238,0.309,0.551,1
2902,65,29.213,10.544,7.849,0.957,11.402,8.0,1.343,0.744,0.915,0
3311,239,111.054,41.157,7.394,0.244,46.615,11.593,5.566,0.18,0.569,1
8468,164,76.184,26.592,7.852,0.355,30.871,12.786,3.387,0.295,0.606,1
7180,143,65.012,23.986,7.591,0.425,27.203,10.607,3.16,0.316,0.699,1
6276,206,83.983,29.613,8.857,0.367,35.468,13.108,3.343,0.299,0.677,1
4626,163,62.669,24.906,8.333,0.522,26.926,11.094,2.989,0.335,0.782,1
2334,229,98.468,39.257,7.427,0.297,43.829,11.696,5.285,0.189,0.667,1
4693,84,33.213,11.159,9.584,0.957,12.083,10.0,1.164,0.859,0.913,0
5010,147,45.355,14.067,13.306,0.898,15.811,13.435,1.057,0.946,0.891,0
2580,218,97.882,37.931,7.318,0.286,41.677,11.18,5.184,0.193,0.594,1
4731,158,59.941,23.2,8.671,0.553,24.331,10.979,2.676,0.374,0.79,1
4403,119,39.456,14.429,10.501,0.961,15.264,11.314,1.374,0.728,0.926,0
7200,228,89.255,32.718,8.873,0.36,37.483,13.0,3.687,0.271,0.696,1
7045,194,83.74,32.618,7.573,0.348,35.355,11.873,4.307,0.232,0.602,1
3624,307,115.054,34.027,11.488,0.291,40.2,19.59,2.962,0.338,0.537,1
3588,222,91.74,25.518,11.077,0.331,29.206,16.635,2.304,0.434,0.549,1
7655,208,98.326,28.53,9.283,0.27,39.205,15.782,3.074,0.325,0.55,1
7855,104,39.456,15.426,8.584,0.839,16.155,9.391,1.797,0.556,0.912,0
6560,194,93.74,34.619,7.135,0.277,39.825,12.017,4.852,0.206,0.568,1
4204,153,66.527,25.676,7.587,0.434,28.636,10.249,3.384,0.295,0.722,1
8489,237,119.397,39.546,7.631,0.209,49.366,12.939,5.183,0.193,0.507,1
3590,127,42.527,15.592,10.371,0.882,16.553,10.607,1.503,0.665,0.914,0
4931,242,90.083,36.064,8.544,0.375,38.328,12.313,4.221,0.237,0.706,1
1421,134,43.941,16.709,10.211,0.872,17.464,11.0,1.636,0.611,0.899,0
8598,84,33.456,11.993,8.918,0.943,12.53,9.192,1.345,0.744,0.908,0
9326,256,79.983,36.06,9.039,0.503,34.67,10.243,3.989,0.251,0.821,-1
3457,244,92.569,31.898,9.739,0.358,36.401,14.743,3.275,0.305,0.61,1
426,90,36.385,15.208,7.535,0.854,15.297,7.0,2.018,0.495,0.952,0
4960,333,134.368,35.581,11.916,0.232,51.0,18.88,2.986,0.335,0.52,-1
4919,180,65.598,25.878,8.856,0.526,27.203,11.938,2.922,0.342,0.776,1
2919,186,85.397,31.061,7.625,0.321,34.0,11.509,4.074,0.245,0.569,1
9666,280,128.811,48.311,7.379,0.212,54.148,12.155,6.547,0.153,0.537,1
1819,94,35.799,13.079,9.151,0.922,13.928,9.0,1.429,0.7,0.926,0
1294,152,61.355,23.073,8.388,0.507,25.962,10.407,2.751,0.364,0.779,1
7342,183,82.083,24.74,9.418,0.341,29.206,13.536,2.627,0.381,0.637,1
6900,191,83.841,33.137,7.339,0.341,34.525,10.351,4.515,0.221,0.625,1
5874,192,85.497,28.074,8.708,0.33,33.615,12.33,3.224,0.31,0.584,1
145,57,29.213,10.245,7.084,0.839,10.77,8.0,1.446,0.691,0.857,-1
2507,212,99.296,26.129,10.33,0.27,33.106,18.163,2.529,0.395,0.492,1
3076,126,42.284,15.176,10.571,0.886,15.811,11.18,1.436,0.697,0.906,0
2759,239,102.569,34.961,8.704,0.285,37.121,15.684,4.017,0.249,0.548,1
3552,354,130.61,23.519,19.164,0.261,33.541,26.099,1.227,0.815,0.553,-1
2877,237,118.711,29.334,10.287,0.211,39.217,17.59,2.852,0.351,0.48,1
5348,155,67.255,26.066,7.571,0.431,28.425,10.6,3.443,0.29,0.698,1
243,197,96.912,35.046,7.157,0.264,41.437,10.867,4.897,0.204,0.543,1
4895,180,76.669,27.571,8.312,0.385,31.575,12.285,3.317,0.301,0.658,1
9076,98,36.87,13.563,9.2,0.906,14.213,9.899,1.474,0.678,0.895,0
8272,107,39.213,15.594,8.737,0.874,16.155,9.0,1.785,0.56,0.922,0
4508,111,38.627,14.248,9.919,0.935,14.866,10.0,1.436,0.696,0.941,0
349,117,51.941,17.798,8.37,0.545,20.591,10.62,2.126,0.47,0.743,1
4782,186,68.426,27.515,8.607,0.499,27.166,10.51,3.197,0.313,0.769,1
5518,118,39.456,14.067,10.68,0.953,14.866,11.0,1.317,0.759,0.922,0
10435,341,80.669,23.776,18.261,0.658,27.295,21.0,1.302,0.768,0.839,-1
9806,253,109.497,35.536,9.065,0.265,40.522,14.0,3.92,0.255,0.538,1
753,218,113.782,42.787,6.487,0.212,49.578,9.924,6.596,0.152,0.53,1
7580,101,36.627,12.996,9.895,0.946,13.892,10.607,1.313,0.761,0.931,0
2879,189,89.74,35.744,6.732,0.295,37.643,9.944,5.309,0.188,0.617,1
3025,131,43.698,16.114,10.351,0.862,16.763,11.963,1.557,0.642,0.885,0
7574,167,49.113,18.675,11.386,0.87,19.235,12.322,1.64,0.61,0.923,0
2302,120,40.284,14.295,10.688,0.929,15.232,11.314,1.338,0.748,0.92,0
4008,117,41.698,14.3,10.418,0.846,15.524,11.0,1.373,0.729,0.893,0
4699,120,39.799,14.787,10.333,0.952,15.652,10.0,1.431,0.699,0.949,0
7745,160,67.598,23.759,8.574,0.44,25.554,10.895,2.771,0.361,0.688,1
4966,181,78.184,30.269,7.614,0.372,33.136,11.0,3.976,0.252,0.653,1
997,96,37.456,14.284,8.557,0.86,15.133,9.0,1.669,0.599,0.901,0
9986,258,116.953,40.503,8.111,0.237,45.607,13.017,4.994,0.2,0.498,1
703,82,34.042,12.835,8.135,0.889,13.601,8.854,1.578,0.634,0.901,0
3949,54,26.971,10.364,6.634,0.933,10.77,7.0,1.562,0.64,0.908,0
6642,419,152.853,41.888,12.736,0.225,48.836,21.116,3.289,0.304,0.538,-1
396,56,26.142,8.465,8.423,1.0,9.434,8.0,1.005,0.995,0.949,0
7073,214,92.569,31.032,8.78,0.314,36.056,12.442,3.534,0.283,0.555,1
6273,406,189.581,31.576,16.371,0.142,65.521,31.474,1.929,0.518,0.32,-1
4032,105,37.799,13.728,9.739,0.924,14.318,10.0,1.41,0.709,0.925,0
850,186,62.77,26.296,9.006,0.593,25.962,10.672,2.92,0.342,0.844,-1
4317,265,107.296,25.201,13.389,0.289,34.928,20.826,1.882,0.531,0.558,1
3387,219,97.296,40.22,6.933,0.291,41.4,10.873,5.801,0.172,0.587,1
2530,109,38.627,14.569,9.526,0.918,15.232,10.0,1.529,0.654,0.928,0
98,58,27.799,10.125,7.294,0.943,11.314,7.778,1.388,0.72,0.899,-1
4897,176,62.77,25.544,8.773,0.561,26.249,11.142,2.912,0.343,0.805,1
5606,109,38.87,14.864,9.337,0.907,15.264,9.899,1.592,0.628,0.92,0
8467,196,104.083,29.983,8.323,0.227,39.812,17.271,3.602,0.278,0.477,-1
9678,90,34.87,13.261,8.641,0.93,13.892,9.192,1.535,0.652,0.905,0
1893,244,68.083,26.451,11.745,0.661,27.785,13.787,2.252,0.444,0.84,1
2414,196,73.497,29.652,8.416,0.456,30.017,11.558,3.523,0.284,0.725,1
597,155,66.326,27.935,7.065,0.443,29.069,9.581,3.954,0.253,0.743,1
6694,149,64.184,20.967,9.048,0.455,25.08,12.257,2.317,0.432,0.725,1
1227,142,64.426,28.599,6.322,0.43,28.178,8.497,4.524,0.221,0.732,1
8461,212,95.397,33.153,8.142,0.293,36.359,13.527,4.072,0.246,0.529,1
8790,140,51.456,21.767,8.189,0.664,22.204,8.835,2.658,0.376,0.886,0
3625,128,42.284,16.25,10.029,0.9,16.643,10.607,1.62,0.617,0.924,0
722,126,42.042,16.056,9.992,0.896,16.492,10.0,1.607,0.622,0.926,0
3945,189,110.225,38.856,6.193,0.195,47.802,10.824,6.274,0.159,0.483,1
1534,121,40.87,15.905,9.686,0.91,16.492,10.0,1.642,0.609,0.924,0
2576,280,113.782,46.808,7.616,0.272,48.166,11.285,6.146,0.163,0.6,1
9361,208,82.225,22.074,11.998,0.387,24.698,16.149,1.84,0.544,0.619,1
742,213,93.74,39.291,6.902,0.305,41.146,11.107,5.692,0.176,0.623,1
2257,83,33.213,12.405,8.519,0.946,13.038,9.192,1.456,0.687,0.927,0
3607,224,97.64,28.481,10.014,0.295,37.483,15.836,2.844,0.352,0.558,1
8302,115,41.456,16.898,8.665,0.841,17.263,9.0,1.95,0.513,0.909,0
7748,316,112.368,33.815,11.898,0.314,42.202,18.755,2.842,0.352,0.579,-1
9140,132,42.042,16.077,10.454,0.938,17.205,11.314,1.538,0.65,0.946,0
3948,228,112.711,30.328,9.572,0.226,43.186,17.706,3.168,0.316,0.475,1
6739,191,78.912,26.087,9.322,0.385,30.414,13.577,2.798,0.357,0.636,1
4635,234,87.397,27.978,10.649,0.385,30.414,17.129,2.627,0.381,0.641,1
2148,85,33.799,11.44,9.46,0.935,12.207,9.0,1.209,0.827,0.919,0
6318,88,34.042,10.716,10.456,0.954,11.705,10.607,1.025,0.976,0.912,0
3857,240,129.296,33.552,9.107,0.18,51.788,15.412,3.684,0.271,0.359,1
10482,109,46.87,17.161,8.087,0.624,18.439,9.0,2.122,0.471,0.826,1
7150,195,87.255,33.553,7.4,0.322,36.674,11.136,4.534,0.221,0.616,1
1229,97,37.799,15.221,8.114,0.853,15.297,8.0,1.876,0.533,0.928,0
2031,128,43.213,15.722,10.366,0.861,16.279,10.0,1.517,0.659,0.928,0
2109,85,34.042,11.724,9.231,0.922,12.53,9.839,1.27,0.787,0.899,0
5842,171,67.841,23.573,9.236,0.467,26.42,13.13,2.552,0.392,0.668,1
9011,80,32.385,12.632,8.063,0.959,13.0,8.0,1.567,0.638,0.936,0
2068,71,30.385,11.22,8.057,0.966,11.705,8.0,1.393,0.718,0.928,0
9877,110,38.627,14.503,9.657,0.926,15.62,10.607,1.502,0.666,0.928,0
9135,87,34.042,11.951,9.269,0.943,12.53,9.839,1.289,0.776,0.911,0
6123,87,36.87,13.872,7.986,0.804,15.297,8.825,1.737,0.576,0.879,0
5814,149,60.77,21.669,8.755,0.507,23.77,11.487,2.475,0.404,0.723,1
7196,181,72.083,28.809,7.999,0.438,31.241,11.314,3.601,0.278,0.692,1
2740,80,33.799,11.324,8.995,0.88,12.728,9.61,1.259,0.794,0.889,0
2392,369,146.995,45.07,10.424,0.215,55.543,18.792,4.324,0.231,0.464,1
1076,109,39.456,15.869,8.745,0.88,16.401,9.192,1.815,0.551,0.928,0
10503,81,34.042,13.395,7.699,0.878,13.892,8.485,1.74,0.575,0.905,0
4197,133,44.284,17.116,9.894,0.852,17.804,10.607,1.73,0.578,0.92,0
6976,123,43.456,14.342,10.92,0.818,16.279,12.203,1.313,0.761,0.898,0
5457,56,43.113,19.966,3.571,0.379,20.248,5.148,5.591,0.179,0.696,-1
6180,204,92.125,38.077,6.821,0.302,40.804,10.14,5.582,0.179,0.629,1
112,173,82.912,25.586,8.609,0.316,29.967,14.569,2.972,0.336,0.555,1
6646,136,50.527,20.119,8.607,0.669,21.633,10.436,2.338,0.428,0.853,1
8804,101,36.042,12.93,9.945,0.977,13.892,10.607,1.3,0.769,0.927,0
9706,199,75.598,26.334,9.622,0.438,29.732,12.017,2.737,0.365,0.717,1
8287,63,29.799,11.117,7.215,0.892,11.662,7.906,1.541,0.649,0.894,0
3838,237,109.983,30.01,10.055,0.246,40.497,18.923,2.985,0.335,0.438,1
5174,175,71.012,27.864,7.996,0.436,30.463,11.349,3.485,0.287,0.734,1
9305,107,38.042,13.308,10.237,0.929,14.318,11.0,1.3,0.769,0.915,0
9129,131,42.527,16.126,10.343,0.91,16.401,10.607,1.559,0.641,0.913,0
10238,78,32.385,12.598,7.883,0.935,13.416,8.0,1.598,0.626,0.945,0
1221,101,39.113,15.606,8.24,0.83,15.811,9.192,1.894,0.528,0.871,0
6057,170,70.912,30.065,7.2,0.425,29.833,9.192,4.176,0.239,0.71,1
4120,152,62.284,22.283,8.685,0.492,24.515,11.0,2.566,0.39,0.764,1
2635,107,37.456,14.069,9.684,0.958,14.765,10.262,1.453,0.688,0.922,0
4426,246,98.184,40.945,7.65,0.321,43.105,11.0,5.352,0.187,0.698,1
3483,197,109.782,35.67,7.032,0.205,43.278,11.364,5.073,0.197,0.455,1
4345,223,87.74,33.963,8.36,0.364,37.59,11.649,4.063,0.246,0.649,1
7986,74,32.042,12.649,7.449,0.906,13.038,7.778,1.698,0.589,0.908,0
9831,94,35.213,13.157,9.097,0.953,13.892,9.839,1.446,0.691,0.935,0
306,236,104.953,40.231,7.469,0.269,45.0,10.952,5.386,0.186,0.587,1
7947,102,38.627,14.604,8.893,0.859,15.297,9.0,1.642,0.609,0.915,0
4433,191,77.012,31.574,7.702,0.405,32.985,10.791,4.099,0.244,0.737,1
8140,106,39.456,15.434,8.745,0.856,16.155,9.391,1.765,0.567,0.918,0
6424,237,98.811,31.916,9.455,0.305,38.013,14.113,3.376,0.296,0.565,1
4569,152,61.598,22.593,8.566,0.503,25.298,10.429,2.638,0.379,0.758,1
6960,219,89.296,38.328,7.275,0.345,38.013,10.554,5.268,0.19,0.642,1
8956,95,35.213,13.114,9.224,0.963,13.892,9.839,1.422,0.703,0.931,0
10079,90,34.385,11.862,9.66,0.957,13.038,10.0,1.228,0.814,0.933,0
5346,157,55.355,19.547,10.227,0.644,21.932,12.324,1.911,0.523,0.811,1
5203,200,84.184,33.678,7.561,0.355,36.674,10.638,4.454,0.225,0.73,1
10129,63,29.799,10.903,7.357,0.892,11.402,7.906,1.482,0.675,0.887,0
9282,63,29.799,11.018,7.28,0.892,11.662,8.356,1.513,0.661,0.881,0
4642,261,105.054,24.69,13.459,0.297,33.377,22.523,1.834,0.545,0.535,1
6955,223,97.539,31.513,9.01,0.295,35.355,12.595,3.498,0.286,0.563,1
5282,97,35.213,12.961,9.529,0.983,13.892,10.0,1.36,0.735,0.937,0
4758,156,49.698,17.766,11.18,0.794,18.788,12.0,1.589,0.629,0.897,0
5333,225,84.083,31.283,9.158,0.4,33.734,13.0,3.416,0.293,0.669,1
6431,244,103.74,36.591,8.49,0.285,42.202,13.099,4.31,0.232,0.587,1
560,111,40.87,15.669,9.02,0.835,16.155,9.839,1.737,0.576,0.895,0
6003,140,57.456,21.017,8.482,0.533,23.77,10.0,2.478,0.404,0.833,1
598,106,39.698,15.772,8.557,0.845,15.811,9.153,1.843,0.543,0.902,0
3147,216,93.255,31.533,8.722,0.312,37.336,13.924,3.615,0.277,0.571,1
2703,89,33.213,11.579,9.786,1.0,12.207,10.0,1.183,0.845,0.932,0
7277,92,35.456,12.904,9.077,0.92,13.416,9.899,1.422,0.703,0.902,0
6793,205,88.669,34.126,7.649,0.328,36.346,11.0,4.462,0.224,0.661,1
6304,111,38.042,13.711,10.307,0.964,14.422,11.0,1.33,0.752,0.929,0
65,108,38.87,14.624,9.403,0.898,15.232,10.286,1.555,0.643,0.915,0
4394,178,73.497,26.46,8.565,0.414,29.967,11.468,3.089,0.324,0.682,1
8305,124,44.627,18.228,8.661,0.782,18.385,9.459,2.105,0.475,0.908,0
7891,87,34.627,12.631,8.77,0.912,13.342,9.0,1.44,0.694,0.906,0
614,76,32.728,12.976,7.457,0.892,13.0,7.0,1.74,0.575,0.956,0
6102,195,83.983,32.245,7.7,0.347,35.805,11.307,4.188,0.239,0.67,1
3313,147,64.426,23.816,7.859,0.445,27.203,11.814,3.031,0.33,0.659,1
2344,178,90.569,30.957,7.321,0.273,39.051,11.314,4.228,0.236,0.61,1
1446,118,40.042,15.284,9.83,0.925,15.811,10.0,1.555,0.643,0.929,0
7152,238,98.569,29.337,10.329,0.308,37.59,16.364,2.84,0.352,0.585,-1
3162,98,35.456,12.405,10.059,0.98,13.416,10.607,1.233,0.811,0.92,0
1860,139,44.527,17.035,10.389,0.881,17.493,11.314,1.64,0.61,0.906,0
6447,67,33.213,13.0,6.562,0.763,13.416,7.562,1.981,0.505,0.865,0
9518,262,95.983,33.475,9.965,0.357,37.216,13.272,3.359,0.298,0.628,1
5605,113,40.87,14.576,9.871,0.85,15.297,10.0,1.477,0.677,0.911,0
7176,178,87.74,34.191,6.628,0.291,38.484,10.885,5.158,0.194,0.62,1
10185,254,122.024,44.436,7.278,0.214,50.606,12.335,6.106,0.164,0.478,1
3258,293,125.439,31.608,11.803,0.234,45.277,19.105,2.678,0.373,0.464,1
8226,107,38.627,15.514,8.781,0.901,15.811,9.0,1.767,0.566,0.926,0
10538,161,71.74,24.997,8.201,0.393,26.249,11.649,3.048,0.328,0.601,1
3488,237,104.225,34.896,8.647,0.274,41.773,14.143,4.036,0.248,0.585,1
7332,175,73.012,27.569,8.082,0.413,29.428,10.381,3.411,0.293,0.696,1
9860,340,143.439,31.647,13.679,0.208,44.553,25.607,2.314,0.432,0.444,1
4429,131,42.284,14.838,11.241,0.921,16.125,11.0,1.32,0.758,0.926,0
4915,220,82.083,31.771,8.817,0.41,33.242,11.994,3.603,0.278,0.686,1
9848,151,59.355,22.291,8.625,0.539,26.0,10.733,2.585,0.387,0.821,0
10553,78,31.213,11.149,8.908,1.0,12.083,9.0,1.252,0.799,0.923,0
6833,250,94.468,40.379,7.883,0.352,40.608,11.37,5.122,0.195,0.67,1
6701,182,77.841,28.817,8.041,0.377,31.78,10.826,3.584,0.279,0.663,1
7022,275,98.326,33.148,10.563,0.357,38.21,16.445,3.138,0.319,0.609,1
6771,293,112.225,32.142,11.607,0.292,38.91,18.873,2.769,0.361,0.547,1
1851,84,32.971,11.028,9.699,0.971,12.207,10.0,1.137,0.879,0.939,0
8713,166,53.598,23.14,9.134,0.726,22.825,9.985,2.533,0.395,0.895,0
547,105,39.456,15.379,8.693,0.848,16.155,9.391,1.769,0.565,0.913,0
9255,108,38.042,14.543,9.455,0.938,14.866,10.0,1.538,0.65,0.927,0
1021,107,39.698,14.975,9.098,0.853,15.524,10.0,1.646,0.608,0.892,0
1670,115,40.042,15.348,9.54,0.901,16.155,10.0,1.609,0.622,0.931,0
9555,109,37.456,13.947,9.951,0.976,14.765,10.607,1.402,0.713,0.932,0
2145,88,34.627,13.478,8.313,0.922,14.318,9.0,1.621,0.617,0.921,0
3763,202,86.083,30.915,8.319,0.343,34.986,12.635,3.716,0.269,0.583,1
2658,171,71.113,26.658,8.167,0.425,30.594,10.0,3.264,0.306,0.763,1
3144,124,44.527,17.33,9.11,0.786,18.028,9.858,1.902,0.526,0.889,0
3035,95,35.213,13.089,9.241,0.963,13.892,9.899,1.416,0.706,0.941,0
7482,118,40.284,15.133,9.928,0.914,15.811,10.607,1.524,0.656,0.918,0
466,111,40.042,15.346,9.21,0.87,15.811,9.803,1.666,0.6,0.914,0
3923,196,83.012,33.538,7.441,0.357,34.366,10.0,4.507,0.222,0.715,1
5125,130,46.284,16.856,9.82,0.763,18.111,10.0,1.717,0.583,0.897,0
4571,150,57.355,21.765,8.775,0.573,23.431,11.2,2.48,0.403,0.761,1
4129,279,65.355,23.791,14.932,0.821,24.352,16.0,1.593,0.628,0.928,-1
6069,218,97.397,28.913,9.6,0.289,36.249,16.791,3.012,0.332,0.525,1
1750,116,40.627,15.208,9.712,0.883,15.811,10.286,1.566,0.639,0.924,0
3478,199,86.225,32.531,7.789,0.336,36.878,10.883,4.177,0.239,0.644,1
2863,109,39.213,15.042,9.226,0.891,15.524,9.0,1.63,0.613,0.932,0
1404,128,42.627,16.355,9.965,0.885,16.763,10.0,1.641,0.609,0.931,0
7577,125,42.87,15.669,10.158,0.855,16.125,11.0,1.543,0.648,0.89,0
9918,168,80.669,29.181,7.33,0.324,33.121,11.988,3.981,0.251,0.589,1
872,111,39.456,15.13,9.341,0.896,15.811,10.0,1.62,0.617,0.925,0
2187,100,36.042,12.675,10.045,0.967,13.416,10.733,1.262,0.793,0.917,0
10484,83,32.971,11.317,9.338,0.959,12.083,9.0,1.212,0.825,0.933,0
9322,238,105.054,25.703,11.79,0.271,35.735,19.498,2.18,0.459,0.524,1
3487,382,156.51,26.113,18.626,0.196,42.72,32.47,1.402,0.713,0.423,-1
4257,213,78.569,29.515,9.189,0.434,31.401,12.377,3.212,0.311,0.708,1
4247,232,111.296,30.446,9.702,0.235,41.437,18.0,3.138,0.319,0.484,1
5441,214,94.225,35.845,7.601,0.303,39.661,12.135,4.716,0.212,0.599,1
6594,156,73.841,24.224,8.2,0.36,27.785,12.034,2.954,0.338,0.588,1
792,496,83.74,25.603,24.666,0.889,27.785,24.749,1.038,0.963,0.944,-1
658,100,39.698,14.911,8.539,0.797,16.125,9.192,1.746,0.573,0.87,0
8293,93,36.627,13.663,8.667,0.871,14.318,9.391,1.577,0.634,0.903,0
8522,113,40.042,13.564,10.607,0.886,14.422,12.0,1.279,0.782,0.886,0
7364,118,42.284,16.152,9.302,0.829,17.0,10.196,1.736,0.576,0.894,0
2954,117,42.527,14.328,10.397,0.813,15.811,11.779,1.378,0.726,0.863,0
833,104,38.042,15.02,8.816,0.903,15.652,9.391,1.704,0.587,0.924,0
7699,229,107.296,33.751,8.639,0.25,44.407,13.634,3.907,0.256,0.505,1
5783,103,36.87,12.843,10.211,0.952,13.601,11.0,1.258,0.795,0.907,0
4567,175,67.012,25.699,8.67,0.49,26.173,10.0,2.964,0.337,0.78,1
2336,212,107.196,41.237,6.546,0.232,47.634,11.568,6.3,0.159,0.534,1
3943,131,65.841,24.698,6.753,0.38,27.459,10.089,3.657,0.273,0.628,1
578,116,40.627,15.599,9.468,0.883,15.811,10.0,1.648,0.607,0.921,0
4630,335,133.095,26.991,15.803,0.238,41.485,26.574,1.708,0.585,0.442,-1
7487,119,44.627,15.139,10.008,0.751,17.804,11.513,1.513,0.661,0.872,0
3251,241,127.681,32.66,9.395,0.186,48.052,17.748,3.476,0.288,0.369,1
7422,217,104.024,28.494,9.696,0.252,37.162,14.79,2.939,0.34,0.529,1
5446,160,72.184,26.708,7.628,0.386,30.083,11.611,3.501,0.286,0.63,1
7244,205,87.882,34.13,7.648,0.334,38.079,10.733,4.463,0.224,0.68,1
8951,110,40.527,15.146,9.247,0.842,15.652,9.899,1.638,0.611,0.88,0
2179,92,35.456,12.92,9.066,0.92,13.892,9.839,1.425,0.702,0.898,0
4220,230,95.397,32.152,9.108,0.318,37.216,12.741,3.53,0.283,0.564,1
7713,54,34.627,12.229,5.622,0.566,14.56,6.626,2.175,0.46,0.761,-1
8947,104,36.87,12.892,10.271,0.961,13.601,11.0,1.255,0.797,0.912,0
10013,438,127.983,34.255,16.28,0.336,40.249,21.0,2.104,0.475,0.762,-1
4091,56,27.213,10.126,7.041,0.95,10.817,7.778,1.438,0.695,0.889,0
8048,101,40.042,15.137,8.495,0.792,15.652,9.391,1.782,0.561,0.878,0
488,120,42.87,16.933,9.023,0.821,17.493,9.947,1.877,0.533,0.902,0
4298,316,109.539,29.735,13.531,0.331,36.249,21.055,2.197,0.455,0.604,-1
1955,125,42.042,16.489,9.652,0.889,16.492,10.0,1.708,0.585,0.916,0
10063,52,29.213,8.875,7.46,0.766,10.44,8.0,1.19,0.841,0.825,0
1783,118,40.87,15.777,9.523,0.888,16.553,10.286,1.657,0.604,0.915,0
5622,157,67.941,26.39,7.575,0.427,29.069,10.0,3.484,0.287,0.73,1
1012,208,66.669,26.368,10.044,0.588,27.313,11.686,2.625,0.381,0.837,-1
4650,66,31.456,10.932,7.687,0.838,11.705,8.485,1.422,0.703,0.874,-1
2388,226,101.983,28.83,9.981,0.273,35.903,14.622,2.889,0.346,0.53,1
682,76,34.385,12.794,7.564,0.808,13.601,8.0,1.692,0.591,0.884,0
5763,103,37.213,13.583,9.655,0.935,14.318,10.0,1.407,0.711,0.936,0
3014,226,104.225,30.084,9.565,0.261,37.014,16.263,3.145,0.318,0.52,1
8118,106,40.284,16.336,8.262,0.821,16.553,8.944,1.977,0.506,0.887,0
2076,95,36.627,13.873,8.719,0.89,14.56,9.0,1.591,0.628,0.913,0
651,55,26.385,9.885,7.085,0.993,10.817,7.778,1.395,0.717,0.917,0
577,114,40.042,15.599,9.305,0.893,16.155,10.0,1.676,0.597,0.919,0
8957,122,41.456,15.517,10.01,0.892,16.155,10.672,1.55,0.645,0.91,0
1074,82,33.799,13.047,8.002,0.902,13.601,8.0,1.63,0.613,0.921,0
9973,124,48.284,17.856,8.842,0.668,19.723,10.339,2.02,0.495,0.824,0
5494,103,37.698,13.745,9.541,0.911,14.318,10.119,1.441,0.694,0.896,0
7167,53,25.799,9.615,7.019,1.0,10.296,7.778,1.37,0.73,0.906,0
3429,193,82.326,33.734,7.284,0.358,36.235,10.524,4.631,0.216,0.702,1
174,186,82.569,19.428,12.19,0.343,22.847,15.026,1.594,0.627,0.662,1
4249,212,90.569,31.979,8.441,0.325,37.014,12.646,3.789,0.264,0.619,1
6137,180,78.669,25.107,9.128,0.365,32.016,13.326,2.751,0.364,0.633,1
3102,210,101.497,29.371,9.103,0.256,37.696,15.201,3.226,0.31,0.483,1
7978,93,36.385,14.502,8.165,0.883,14.866,8.0,1.776,0.563,0.944,0
5002,212,85.983,29.626,9.111,0.36,34.67,13.69,3.252,0.308,0.635,1
5073,202,81.154,32.2,7.987,0.385,34.205,11.267,4.031,0.248,0.66,1
4967,204,82.569,25.715,10.101,0.376,30.806,14.375,2.546,0.393,0.647,1
1351,216,54.77,17.772,15.475,0.905,19.235,16.0,1.148,0.871,0.921,-1
8184,100,36.385,13.544,9.401,0.949,13.928,9.0,1.441,0.694,0.948,0
7507,112,39.799,14.602,9.766,0.889,14.866,10.0,1.495,0.669,0.926,0
4261,162,63.113,25.899,7.964,0.511,26.306,10.0,3.252,0.308,0.802,1
1724,100,36.627,13.273,9.593,0.937,13.601,10.0,1.384,0.723,0.917,0
10104,166,79.012,28.034,7.539,0.334,31.385,11.421,3.718,0.269,0.586,1
57,95,36.042,12.72,9.509,0.919,13.601,10.0,1.338,0.748,0.909,0
6964,151,66.77,25.909,7.421,0.426,27.459,9.0,3.491,0.286,0.697,1
2851,113,39.456,14.908,9.651,0.912,15.652,10.607,1.545,0.647,0.93,0
6555,139,47.698,17.824,9.929,0.768,19.105,10.914,1.795,0.557,0.883,0
1520,115,39.456,14.805,9.89,0.928,15.264,10.733,1.497,0.668,0.92,0
2206,94,34.971,11.995,9.978,0.966,13.038,10.0,1.202,0.832,0.945,0
5979,284,116.125,28.163,12.839,0.265,37.162,20.692,2.194,0.456,0.521,-1
9170,156,65.255,25.436,7.809,0.46,27.659,10.607,3.257,0.307,0.707,1
10070,160,82.426,26.294,7.748,0.296,32.757,12.553,3.394,0.295,0.535,1
4379,230,89.983,36.789,7.96,0.357,36.892,12.084,4.622,0.216,0.633,1
1010,96,37.698,15.178,8.053,0.849,15.652,8.746,1.885,0.531,0.889,0
3351,266,107.296,33.3,10.171,0.29,41.195,14.896,3.274,0.305,0.552,1
4367,52,33.799,11.593,5.711,0.572,12.806,7.155,2.03,0.493,0.748,-1
5798,205,84.569,32.662,7.991,0.36,36.125,12.021,4.087,0.245,0.654,1
8445,94,39.456,16.057,7.454,0.759,16.125,8.05,2.154,0.464,0.874,0
4295,211,87.255,34.447,7.799,0.348,36.346,11.0,4.417,0.226,0.662,1
6500,247,103.983,30.309,10.376,0.287,39.408,15.761,2.921,0.342,0.538,1
9817,142,58.184,20.945,8.632,0.527,24.042,11.0,2.426,0.412,0.768,1
3046,192,93.397,31.099,7.861,0.277,38.626,13.463,3.956,0.253,0.544,1
3806,296,129.882,38.654,9.75,0.22,51.352,15.529,3.964,0.252,0.46,1
5444,185,87.255,31.464,7.486,0.305,36.401,11.465,4.203,0.238,0.573,1
5784,180,53.698,17.341,13.216,0.784,18.682,14.0,1.312,0.762,0.902,0
9875,110,38.627,13.945,10.043,0.926,14.765,10.733,1.389,0.72,0.924,0
8046,123,42.627,16.433,9.53,0.851,16.763,10.0,1.724,0.58,0.911,0
8004,83,34.042,12.891,8.198,0.9,13.601,9.153,1.573,0.636,0.892,0
5413,101,36.627,12.892,9.975,0.946,13.601,10.607,1.292,0.774,0.927,0
5821,51,27.213,9.241,7.027,0.865,10.44,7.766,1.315,0.76,0.864,0
394,93,36.627,14.029,8.44,0.871,14.765,9.285,1.662,0.602,0.907,0
1693,99,36.042,13.153,9.584,0.958,13.601,10.0,1.372,0.729,0.921,0
6186,173,67.012,24.093,9.142,0.484,24.331,11.816,2.635,0.379,0.721,-1
1862,156,48.527,17.896,11.099,0.832,19.105,11.557,1.612,0.62,0.894,0
5785,187,77.255,29.881,7.968,0.394,31.016,11.7,3.75,0.267,0.66,1
3873,170,75.255,25.657,8.436,0.377,29.275,12.216,3.041,0.329,0.612,1
4853,165,57.113,22.834,9.2,0.636,24.166,11.628,2.482,0.403,0.846,1
8215,82,33.456,12.971,8.049,0.921,13.416,8.485,1.611,0.621,0.911,0
4732,115,38.627,14.121,10.369,0.969,14.56,10.0,1.362,0.734,0.947,0
9180,179,81.64,29.335,7.769,0.337,32.016,12.605,3.776,0.265,0.561,1
9270,107,38.627,14.953,9.111,0.901,15.652,9.944,1.641,0.609,0.93,0
7098,195,74.669,28.63,8.672,0.44,31.401,11.992,3.301,0.303,0.717,1
9027,87,34.042,12.113,9.145,0.943,13.0,9.803,1.324,0.755,0.897,0
1353,82,32.627,11.087,9.417,0.968,11.705,9.899,1.177,0.849,0.916,0
219,109,40.284,16.298,8.515,0.844,16.643,9.192,1.914,0.522,0.912,0
8238,123,44.284,18.129,8.639,0.788,18.601,9.391,2.099,0.477,0.898,0
9133,127,42.042,16.262,9.943,0.903,17.0,10.817,1.636,0.611,0.937,0
8085,91,35.456,13.803,8.394,0.91,14.56,9.0,1.644,0.608,0.905,0
4859,164,61.941,24.128,8.654,0.537,26.0,11.175,2.788,0.359,0.785,1
9883,84,33.456,11.208,9.543,0.943,12.369,9.899,1.175,0.851,0.908,0
2585,199,78.083,33.394,7.587,0.41,33.615,11.305,4.401,0.227,0.702,1
8310,91,34.971,13.583,8.53,0.935,13.601,8.0,1.592,0.628,0.953,0
9881,207,61.841,26.583,9.915,0.68,26.077,11.06,2.681,0.373,0.866,-1
4972,198,89.598,35.255,7.151,0.31,39.051,10.863,4.93,0.203,0.676,1
280,299,124.711,47.296,8.049,0.242,54.129,12.171,5.876,0.17,0.568,1
6906,307,118.711,25.188,15.519,0.274,36.688,21.187,1.623,0.616,0.608,-1
801,103,38.627,15.141,8.662,0.867,15.524,9.0,1.748,0.572,0.924,0
2279,129,49.113,19.175,8.566,0.672,21.095,10.509,2.239,0.447,0.854,1
4259,171,70.083,28.592,7.615,0.437,30.083,10.733,3.755,0.266,0.737,1
1208,91,37.698,14.708,7.877,0.805,15.652,8.497,1.867,0.536,0.875,0
567,108,39.698,14.958,9.193,0.861,15.264,9.839,1.627,0.615,0.885,0
3373,221,93.296,37.355,7.533,0.319,38.013,11.412,4.959,0.202,0.581,1
10198,114,48.527,15.904,9.126,0.608,18.028,11.093,1.743,0.574,0.77,0
3375,374,163.723,32.246,14.768,0.175,57.723,25.984,2.184,0.458,0.385,-1
8160,100,37.698,14.643,8.695,0.884,15.232,9.37,1.684,0.594,0.893,0
7852,106,42.87,15.801,8.542,0.725,17.205,9.762,1.85,0.541,0.855,0
10205,220,101.397,33.259,8.422,0.269,41.4,14.142,3.949,0.253,0.539,1
9923,188,112.368,31.556,7.585,0.187,45.541,14.23,4.16,0.24,0.427,1
2200,83,33.213,11.265,9.381,0.946,12.083,10.0,1.201,0.833,0.907,0
10147,156,54.77,21.62,9.187,0.654,23.022,10.375,2.353,0.425,0.846,0
7958,97,36.042,13.619,9.068,0.938,13.928,9.803,1.502,0.666,0.915,0
1371,93,34.385,12.499,9.473,0.988,13.0,9.0,1.319,0.758,0.944,0
3060,183,80.669,28.493,8.178,0.353,30.463,12.789,3.484,0.287,0.587,1
1570,141,44.527,17.295,10.381,0.894,17.804,10.607,1.666,0.6,0.922,0
158,113,40.627,15.584,9.232,0.86,16.155,9.944,1.688,0.592,0.911,0
2992,251,109.882,29.697,10.762,0.261,36.346,19.471,2.76,0.362,0.486,1
1699,86,34.042,12.251,8.938,0.933,13.0,9.701,1.371,0.73,0.905,0
644,86,34.385,13.303,8.231,0.914,13.601,8.0,1.616,0.619,0.935,0
9153,57,27.799,9.741,7.45,0.927,10.44,8.0,1.307,0.765,0.891,0
10182,87,34.87,14.096,7.858,0.899,14.422,8.485,1.794,0.557,0.906,0
10395,73,31.213,12.097,7.684,0.942,12.649,8.0,1.574,0.635,0.907,0
7275,166,57.456,21.655,9.76,0.632,24.352,10.507,2.219,0.451,0.865,0
4778,90,36.042,12.802,8.951,0.871,13.601,9.775,1.43,0.699,0.87,0
5757,110,37.213,13.598,10.3,0.998,14.318,10.0,1.32,0.757,0.948,0
2325,114,40.284,15.15,9.581,0.883,15.652,10.262,1.581,0.632,0.912,0
8377,98,37.698,14.651,8.516,0.867,15.264,9.192,1.72,0.581,0.891,0
2528,97,35.799,12.473,9.902,0.951,13.0,10.0,1.26,0.794,0.933,0
10180,172,82.326,31.293,6.998,0.319,35.341,10.858,4.471,0.224,0.611,1
8168,75,31.799,12.421,7.688,0.932,12.649,8.0,1.616,0.619,0.909,0
6838,163,64.426,24.812,8.364,0.493,25.942,10.956,2.966,0.337,0.769,1
8385,104,38.87,14.82,8.935,0.865,15.264,9.899,1.659,0.603,0.897,0
1141,85,36.042,14.213,7.615,0.822,14.866,8.489,1.867,0.536,0.895,0
10385,67,29.799,11.393,7.488,0.948,12.083,8.0,1.521,0.657,0.924,0
10164,54,39.113,16.072,4.278,0.444,17.029,5.657,3.757,0.266,0.659,-1
5345,170,62.527,23.99,9.023,0.546,25.179,11.0,2.659,0.376,0.808,1
3906,155,67.598,26.708,7.389,0.426,28.636,10.733,3.615,0.277,0.726,1
8122,96,36.627,13.92,8.781,0.899,14.318,9.0,1.585,0.631,0.914,0
1615,150,50.77,17.719,10.779,0.731,19.925,12.249,1.644,0.608,0.85,0
2470,156,63.355,22.551,8.808,0.488,26.077,11.907,2.56,0.391,0.739,1
2425,264,105.397,36.086,9.315,0.299,43.29,13.81,3.874,0.258,0.607,1
10261,91,34.971,12.726,9.104,0.935,13.038,9.0,1.398,0.715,0.929,0
8953,84,33.213,12.276,8.712,0.957,13.038,9.192,1.409,0.71,0.928,0
2417,75,31.799,10.82,8.826,0.932,11.662,9.391,1.226,0.816,0.904,0
2050,74,31.213,11.712,8.045,0.954,12.207,8.485,1.456,0.687,0.919,0
9134,114,39.456,13.581,10.687,0.92,14.765,11.314,1.271,0.787,0.919,0
4155,161,64.669,26.218,7.819,0.484,28.018,10.607,3.353,0.298,0.754,1
3641,240,114.326,45.481,6.719,0.231,50.22,11.443,6.769,0.148,0.574,1
3181,209,87.64,34.617,7.687,0.342,35.805,10.972,4.503,0.222,0.66,1
3338,185,90.083,33.948,6.939,0.286,34.713,9.323,4.893,0.204,0.61,1
2217,86,34.042,12.651,8.655,0.933,13.038,9.192,1.462,0.684,0.915,0
1948,129,44.042,16.878,9.732,0.836,17.464,10.186,1.734,0.577,0.908,0
9968,144,49.698,19.449,9.427,0.733,19.723,10.213,2.063,0.485,0.878,0
3184,251,104.953,39.384,8.115,0.286,42.012,11.595,4.853,0.206,0.576,1
5342,206,77.255,31.634,8.291,0.434,32.573,11.264,3.815,0.262,0.734,1
4930,202,83.012,32.433,7.93,0.368,36.139,11.211,4.09,0.245,0.709,1
1246,153,57.012,18.355,10.613,0.592,22.204,13.0,1.729,0.578,0.767,1
613,99,38.042,14.942,8.436,0.86,15.232,8.944,1.771,0.565,0.912,0
2094,133,59.841,23.371,7.246,0.467,25.942,9.682,3.225,0.31,0.731,1
10377,88,35.213,13.149,8.521,0.892,13.601,9.0,1.543,0.648,0.907,0
2824,96,38.042,13.157,9.29,0.834,14.866,10.0,1.416,0.706,0.881,0
1034,70,29.799,10.216,8.724,0.991,11.18,9.0,1.171,0.854,0.921,0
7186,174,76.326,25.124,8.818,0.375,29.833,12.63,2.849,0.351,0.659,1
7417,164,75.012,29.983,6.964,0.366,30.806,10.084,4.305,0.232,0.639,1
1238,282,104.569,37.173,9.659,0.324,43.186,14.0,3.849,0.26,0.623,1
3629,323,124.61,37.224,11.048,0.261,45.277,17.99,3.369,0.297,0.511,1
7170,211,80.326,28.428,9.45,0.411,32.65,12.075,3.008,0.332,0.708,-1
1671,270,74.083,25.035,13.732,0.618,27.514,17.0,1.823,0.548,0.81,-1
4472,124,41.456,15.243,10.358,0.907,16.125,11.094,1.472,0.68,0.922,0
4728,167,68.083,25.276,8.412,0.453,28.653,11.885,3.005,0.333,0.706,1
3106,329,112.853,42.267,9.911,0.325,44.598,13.435,4.265,0.234,0.685,1
4958,173,71.012,23.759,9.271,0.431,28.425,13.507,2.563,0.39,0.644,1
2520,91,34.87,13.152,8.81,0.94,13.928,9.487,1.493,0.67,0.905,0
8142,104,38.284,15.279,8.666,0.892,15.62,9.192,1.763,0.567,0.908,0
2765,155,61.598,22.825,8.646,0.513,25.942,10.733,2.64,0.379,0.803,1
10221,52,42.77,19.577,3.382,0.357,19.849,4.669,5.789,0.173,0.675,-1
344,170,59.012,23.142,9.353,0.613,24.352,11.028,2.474,0.404,0.835,1
1415,105,39.456,13.987,9.558,0.848,15.264,10.539,1.463,0.683,0.897,0
9654,266,93.397,29.555,11.459,0.383,34.366,14.618,2.579,0.388,0.685,1
8008,91,36.385,13.627,8.502,0.864,14.765,9.0,1.603,0.624,0.924,0
8861,200,68.527,28.348,8.983,0.535,29.12,11.287,3.156,0.317,0.835,1
5652,198,82.912,30.493,8.267,0.362,33.615,11.066,3.688,0.271,0.649,1
3947,172,83.255,31.315,6.993,0.312,35.057,9.432,4.478,0.223,0.631,1
5570,173,65.255,24.95,8.829,0.511,28.018,12.021,2.826,0.354,0.759,1
3559,222,111.539,33.456,8.449,0.224,46.098,14.585,3.96,0.253,0.435,1
1812,104,39.213,15.27,8.671,0.85,15.524,9.0,1.761,0.568,0.912,0
6177,161,72.669,29.248,7.009,0.383,31.305,10.636,4.173,0.24,0.664,1
3044,188,86.669,32.876,7.281,0.315,35.228,10.465,4.515,0.221,0.585,1
7460,144,65.598,22.136,8.283,0.421,27.203,11.175,2.672,0.374,0.718,1
771,123,44.042,16.803,9.32,0.797,17.464,10.119,1.803,0.555,0.891,0
11,184,60.77,24.066,9.735,0.626,25.632,11.628,2.472,0.404,0.86,1
4775,144,45.598,14.195,12.916,0.87,16.279,13.435,1.099,0.91,0.889,0
1830,64,27.799,9.177,8.879,1.0,10.0,9.0,1.034,0.968,0.921,0
2544,155,72.77,27.681,7.129,0.368,30.414,9.975,3.883,0.258,0.657,1
6506,114,40.042,15.242,9.523,0.893,15.652,10.119,1.6,0.625,0.912,0
8224,96,36.87,14.629,8.355,0.887,15.0,8.485,1.751,0.571,0.923,0
1499,94,36.627,13.944,8.583,0.88,14.318,9.0,1.625,0.616,0.908,0
6785,182,79.255,28.465,8.141,0.364,32.388,10.943,3.496,0.286,0.651,1
4494,119,40.627,15.414,9.83,0.906,16.125,10.733,1.568,0.638,0.933,0
6053,227,94.569,28.044,10.306,0.319,32.388,16.52,2.721,0.367,0.535,1
1356,105,38.627,15.304,8.735,0.884,15.811,9.0,1.752,0.571,0.925,0
4179,145,65.255,23.393,7.892,0.428,26.926,10.983,2.964,0.337,0.697,1
6985,306,102.368,34.943,11.15,0.367,36.878,15.708,3.134,0.319,0.619,1
2802,90,58.527,23.864,4.802,0.33,25.632,7.155,4.97,0.201,0.621,-1
6168,221,102.669,35.031,8.033,0.263,43.29,12.125,4.361,0.229,0.562,1
3394,252,113.296,31.845,10.075,0.247,40.361,15.354,3.161,0.316,0.486,1
3092,177,94.912,30.676,7.347,0.247,36.125,12.604,4.176,0.239,0.478,1
7407,348,135.338,59.369,7.463,0.239,60.208,12.991,7.955,0.126,0.616,1
6338,101,37.213,13.701,9.386,0.917,14.866,9.0,1.46,0.685,0.922,0
2698,206,94.426,36.901,7.108,0.29,40.025,10.803,5.192,0.193,0.599,1
4651,234,98.711,32.26,9.235,0.302,37.014,14.044,3.493,0.286,0.529,1
4545,117,40.042,14.886,10.007,0.917,15.62,10.607,1.488,0.672,0.929,0
5775,119,40.284,13.403,11.304,0.921,14.213,12.021,1.186,0.843,0.898,0
2238,109,38.284,14.583,9.517,0.935,15.0,9.899,1.532,0.653,0.916,0
1035,90,35.799,13.787,8.312,0.882,14.318,9.0,1.659,0.603,0.918,0
3406,206,97.497,36.049,7.276,0.272,41.11,10.957,4.955,0.202,0.619,1
8836,115,38.87,14.158,10.342,0.956,14.866,11.0,1.369,0.73,0.924,0
5661,174,75.154,30.765,7.201,0.387,33.302,9.899,4.272,0.234,0.703,1
3416,50,24.971,8.557,7.44,1.0,9.434,7.778,1.15,0.869,0.917,0
7472,218,109.539,36.952,7.512,0.228,45.486,12.735,4.919,0.203,0.478,1
8714,144,47.213,19.198,9.55,0.812,19.416,9.0,2.01,0.497,0.944,0
6742,224,83.841,35.325,8.074,0.4,36.056,11.308,4.375,0.229,0.685,1
3095,276,127.338,31.343,11.212,0.214,46.325,20.316,2.796,0.358,0.43,1
7554,219,65.598,24.484,11.388,0.64,25.08,13.77,2.15,0.465,0.844,-1
2939,98,40.87,15.917,7.839,0.737,17.804,8.485,2.03,0.493,0.879,0
6284,242,111.882,42.499,7.25,0.243,44.598,12.254,5.862,0.171,0.519,1
1929,126,46.284,17.585,9.123,0.739,18.358,10.63,1.928,0.519,0.869,1
8055,91,35.213,13.217,8.767,0.922,13.928,9.0,1.508,0.663,0.929,0
55,234,108.468,43.628,6.829,0.25,47.424,10.764,6.389,0.157,0.584,1
10083,125,42.87,16.421,9.692,0.855,17.493,10.607,1.694,0.59,0.916,0
986,104,39.456,15.08,8.781,0.839,15.811,9.701,1.717,0.582,0.893,0
2311,101,36.627,13.255,9.702,0.946,13.928,10.0,1.366,0.732,0.918,0
1110,64,28.385,10.039,8.117,0.998,10.77,8.0,1.237,0.809,0.928,0
1284,244,86.326,31.397,9.895,0.411,33.242,12.728,3.173,0.315,0.676,1
2391,174,73.497,24.384,9.086,0.405,26.926,12.675,2.684,0.373,0.612,1
1457,98,36.627,12.928,9.652,0.918,13.601,10.286,1.339,0.747,0.912,0
1755,114,40.87,14.37,10.101,0.858,15.232,10.733,1.423,0.703,0.891,0
1127,76,33.799,13.247,7.305,0.836,13.601,7.727,1.813,0.551,0.884,0
6495,184,75.497,31.614,7.411,0.406,31.906,10.118,4.266,0.234,0.709,1
9164,136,44.284,16.351,10.59,0.871,17.263,11.0,1.544,0.648,0.919,0
8171,99,36.971,14.688,8.582,0.91,14.56,8.0,1.711,0.584,0.957,0
3553,158,75.941,29.754,6.761,0.344,32.14,9.888,4.401,0.227,0.678,1
4111,114,40.042,15.247,9.52,0.893,16.401,9.899,1.602,0.624,0.931,0
7623,55,43.113,19.308,3.627,0.372,19.416,5.028,5.324,0.188,0.679,-1
4772,264,94.125,30.911,10.874,0.374,33.377,14.349,2.843,0.352,0.707,-1
5168,200,77.497,31.952,7.97,0.418,33.106,11.068,4.009,0.249,0.735,1
10050,428,171.095,29.792,18.292,0.184,42.521,26.666,1.629,0.614,0.479,-1
9285,243,90.811,34.584,8.946,0.37,35.511,14.597,3.866,0.259,0.658,1
288,178,62.184,21.168,10.706,0.578,23.707,13.131,1.977,0.506,0.791,1
10059,446,127.983,55.943,10.151,0.342,55.543,12.997,5.511,0.181,0.74,-1
9390,129,43.113,17.048,9.634,0.872,17.493,10.461,1.77,0.565,0.905,0
8549,150,55.598,19.404,9.843,0.61,22.136,12.327,1.971,0.507,0.777,0
7923,100,38.042,14.513,8.773,0.868,15.264,9.707,1.654,0.605,0.909,0
3431,213,87.841,31.868,8.51,0.347,37.363,12.848,3.745,0.267,0.64,1
4163,179,74.184,28.611,7.966,0.409,30.806,10.914,3.592,0.278,0.687,1
3930,244,111.539,37.959,8.184,0.246,46.957,12.485,4.638,0.216,0.512,1
982,117,42.627,16.715,8.912,0.809,16.763,9.459,1.876,0.533,0.907,0
4555,159,63.012,22.482,9.005,0.503,24.698,11.531,2.497,0.401,0.741,1
4151,139,44.627,17.069,10.369,0.877,17.493,11.0,1.646,0.607,0.936,0
2421,206,79.154,31.298,8.38,0.413,31.401,11.371,3.735,0.268,0.675,1
5893,226,88.912,28.744,10.011,0.359,32.388,13.379,2.871,0.348,0.672,1
3987,121,40.87,15.322,10.055,0.91,16.125,10.607,1.524,0.656,0.924,0
1249,90,42.042,14.094,8.13,0.64,17.0,10.027,1.734,0.577,0.783,1
585,99,38.284,16.03,7.864,0.849,16.401,8.485,2.038,0.491,0.904,0
9509,145,48.284,17.053,10.826,0.782,18.028,11.767,1.575,0.635,0.876,0
5107,151,61.598,24.337,7.9,0.5,26.249,10.08,3.081,0.325,0.782,1
1647,99,36.87,13.983,9.015,0.915,14.765,9.839,1.551,0.645,0.904,0
3895,212,103.983,42.606,6.335,0.246,46.519,9.801,6.725,0.149,0.627,1
5454,183,77.74,28.421,8.198,0.381,32.249,12.69,3.467,0.288,0.64,1
4828,203,70.669,25.273,10.227,0.511,25.807,12.519,2.471,0.405,0.748,1
10514,58,27.799,9.761,7.566,0.943,10.77,8.0,1.29,0.775,0.879,0
5165,129,50.527,15.954,10.295,0.635,18.868,12.191,1.55,0.645,0.806,0
4290,220,78.669,31.673,8.844,0.447,32.696,10.752,3.581,0.279,0.771,1
6266,159,70.77,28.86,7.015,0.399,30.15,9.0,4.114,0.243,0.764,1
5079,184,77.841,29.766,7.871,0.382,32.28,10.85,3.782,0.264,0.737,1
6117,152,65.598,22.329,8.667,0.444,28.178,10.959,2.576,0.388,0.724,1
7571,125,41.456,15.584,10.212,0.914,16.155,10.752,1.526,0.655,0.919,0
2773,251,97.397,33.473,9.548,0.333,37.855,13.185,3.506,0.285,0.595,1
6816,235,94.225,33.027,9.06,0.333,37.736,13.78,3.645,0.274,0.588,1
6124,153,68.426,27.104,7.187,0.411,29.155,10.088,3.771,0.265,0.691,1
6316,109,39.213,14.964,9.275,0.891,15.297,9.0,1.613,0.62,0.932,0
7406,361,144.61,22.305,20.607,0.217,40.311,30.774,1.082,0.924,0.455,-1
8376,107,40.042,16.253,8.382,0.839,16.492,9.0,1.939,0.516,0.915,0
8944,102,38.042,13.868,9.365,0.886,14.765,10.262,1.481,0.675,0.903,0
4489,129,42.042,15.44,10.638,0.917,16.401,11.314,1.451,0.689,0.938,0
533,185,74.912,29.682,7.936,0.414,32.202,11.443,3.74,0.267,0.67,1
4773,50,31.456,8.959,7.106,0.635,10.63,9.0,1.261,0.793,0.719,-1
2817,126,42.284,15.253,10.518,0.886,16.401,11.314,1.45,0.69,0.913,0
1290,136,64.77,21.568,8.029,0.407,26.306,10.878,2.686,0.372,0.665,1
3954,399,150.167,27.725,18.323,0.222,42.19,26.0,1.513,0.661,0.552,-1
2292,110,40.284,15.642,8.954,0.852,16.401,9.8,1.747,0.572,0.902,0
5295,96,35.456,13.345,9.16,0.96,13.892,9.899,1.457,0.686,0.914,0
8255,87,34.627,13.206,8.388,0.912,13.892,9.153,1.574,0.635,0.916,0
8221,100,41.355,18.316,6.951,0.735,17.804,7.071,2.635,0.38,0.897,0
761,455,181.723,42.409,13.66,0.173,70.093,27.657,3.105,0.322,0.372,-1
6744,329,116.61,24.056,17.413,0.304,32.985,21.708,1.382,0.724,0.598,-1
10351,102,36.87,14.563,8.918,0.943,15.0,9.192,1.633,0.612,0.927,0
8074,100,38.627,15.353,8.293,0.842,15.811,8.974,1.851,0.54,0.909,0
936,98,37.799,14.819,8.42,0.862,15.652,9.0,1.76,0.568,0.92,0
9404,300,128.61,44.184,8.645,0.228,49.406,16.292,5.111,0.196,0.513,1
3275,305,111.539,28.881,13.446,0.308,39.395,22.97,2.148,0.466,0.549,-1
625,88,36.385,14.748,7.597,0.835,14.866,8.0,1.941,0.515,0.917,0
2404,135,49.698,20.145,8.533,0.687,21.541,10.119,2.361,0.424,0.874,0
3620,253,110.125,32.485,9.916,0.262,42.379,16.362,3.276,0.305,0.509,1
6477,204,80.569,29.319,8.859,0.395,32.65,12.481,3.309,0.302,0.667,1
9085,115,38.87,14.547,10.065,0.956,15.264,10.607,1.445,0.692,0.924,0
93,227,87.74,30.822,9.377,0.371,32.249,12.0,3.287,0.304,0.66,1
5309,119,40.87,14.973,10.119,0.895,15.62,10.607,1.48,0.676,0.912,0
7350,158,77.154,28.402,7.083,0.334,32.802,11.314,4.01,0.249,0.615,1
6912,162,68.669,29.265,7.048,0.432,30.017,10.214,4.152,0.241,0.726,1
1491,132,44.042,16.478,10.199,0.855,17.464,10.914,1.616,0.619,0.92,0
7976,88,35.456,13.284,8.435,0.88,14.318,9.192,1.575,0.635,0.907,0
3600,108,38.87,14.679,9.368,0.898,15.232,10.119,1.567,0.638,0.911,0
2157,87,34.627,12.946,8.557,0.912,13.342,9.0,1.513,0.661,0.897,0
6319,101,36.385,13.523,9.509,0.959,13.928,9.0,1.422,0.703,0.953,0
5766,124,41.698,15.301,10.319,0.896,15.811,11.0,1.483,0.674,0.899,0
736,163,64.669,24.564,8.449,0.49,26.627,11.392,2.907,0.344,0.729,1
464,317,85.054,35.125,11.491,0.551,35.0,14.849,3.057,0.327,0.81,-1
1656,120,42.87,15.839,9.646,0.821,16.492,10.0,1.642,0.609,0.916,0
9036,87,34.87,13.347,8.299,0.899,13.892,8.485,1.608,0.622,0.906,0
1427,112,38.627,14.411,9.895,0.943,14.866,10.0,1.456,0.687,0.929,0
56,190,72.426,29.119,8.308,0.455,30.414,10.566,3.505,0.285,0.755,1
4055,233,66.77,27.475,10.798,0.657,26.926,11.699,2.545,0.393,0.868,0
6386,400,166.309,52.268,9.744,0.182,59.363,17.382,5.364,0.186,0.499,-1
8007,129,44.042,17.712,9.273,0.836,18.028,10.0,1.91,0.524,0.925,0
7027,203,80.569,28.664,9.017,0.393,33.615,13.257,3.179,0.315,0.662,1
10197,139,51.941,18.752,9.438,0.647,20.248,11.371,1.987,0.503,0.788,0
137,112,42.284,14.878,9.585,0.787,16.643,10.286,1.552,0.644,0.882,0
7226,220,92.225,24.019,11.662,0.325,28.302,18.341,2.06,0.486,0.552,1
157,211,91.054,30.138,8.914,0.32,37.643,12.258,3.381,0.296,0.677,-1
1095,52,25.799,9.122,7.258,0.982,9.849,7.778,1.257,0.796,0.904,0
323,52,26.971,10.015,6.611,0.898,10.44,7.0,1.515,0.66,0.889,0
10259,93,35.799,13.669,8.663,0.912,13.928,9.0,1.578,0.634,0.921,0
6581,57,40.042,16.633,4.363,0.447,17.889,6.637,3.812,0.262,0.695,-1
10525,129,56.77,22.775,7.212,0.503,24.597,9.219,3.158,0.317,0.772,-1
2359,203,98.468,39.445,6.553,0.263,43.829,9.987,6.02,0.166,0.611,1
5736,97,35.213,12.868,9.598,0.983,13.601,10.0,1.341,0.746,0.937,0
6851,265,105.296,32.322,10.439,0.3,38.833,15.931,3.096,0.323,0.517,1
8725,262,74.77,32.115,10.387,0.589,32.016,12.127,3.092,0.323,0.882,-1
9737,75,32.385,12.414,7.692,0.899,13.0,8.0,1.614,0.62,0.915,0
794,60,27.556,9.895,7.72,0.993,10.817,8.0,1.282,0.78,0.938,0
8661,139,48.184,19.379,9.133,0.752,19.416,9.899,2.122,0.471,0.883,0
3013,61,28.385,9.309,8.343,0.951,10.296,9.0,1.116,0.896,0.897,0
5057,110,37.456,12.607,11.109,0.985,13.416,11.642,1.135,0.881,0.921,0
10242,76,32.627,12.081,8.01,0.897,13.0,8.875,1.508,0.663,0.899,0
8493,104,38.042,13.768,9.618,0.903,14.765,10.436,1.432,0.699,0.908,0
5064,149,44.284,14.988,12.658,0.955,15.811,13.435,1.184,0.845,0.923,0
6321,125,41.698,16.005,9.944,0.903,16.643,10.607,1.609,0.621,0.916,0
6499,229,100.811,35.347,8.249,0.283,39.115,12.522,4.285,0.233,0.528,1
8796,146,50.77,21.617,8.6,0.712,21.932,9.43,2.514,0.398,0.898,0
9628,282,130.853,48.494,7.404,0.207,56.303,12.691,6.55,0.153,0.504,1
1005,104,39.456,15.928,8.313,0.839,16.401,9.153,1.916,0.522,0.908,0
6300,99,35.799,13.388,9.416,0.971,13.928,9.0,1.422,0.703,0.952,0
4103,126,40.87,15.332,10.464,0.948,15.811,10.607,1.465,0.682,0.94,0
7386,194,99.64,32.857,7.518,0.246,39.115,11.741,4.371,0.229,0.53,1
5249,240,109.397,32.742,9.333,0.252,45.0,14.317,3.508,0.285,0.55,1
9742,233,110.326,41.069,7.224,0.241,47.074,12.003,5.685,0.176,0.568,1
9035,99,36.385,13.529,9.317,0.94,13.928,9.0,1.452,0.689,0.943,0
8794,134,44.527,17.648,9.668,0.849,18.385,10.733,1.825,0.548,0.905,0
152,103,38.284,13.496,9.717,0.883,14.56,10.672,1.389,0.72,0.892,0
3356,231,100.811,34.478,8.531,0.286,38.079,13.279,4.042,0.247,0.532,1
7715,224,84.912,29.16,9.781,0.39,32.558,13.0,2.981,0.335,0.639,1
9816,211,80.912,29.742,9.033,0.405,31.575,12.0,3.293,0.304,0.703,1
10101,239,116.811,36.816,8.266,0.22,47.074,15.234,4.454,0.225,0.463,1
7509,105,38.284,13.311,10.043,0.9,14.318,11.0,1.325,0.754,0.897,0
1588,149,47.698,17.675,10.733,0.823,19.313,11.7,1.647,0.607,0.909,0
1744,143,44.284,16.522,11.02,0.916,17.464,11.0,1.499,0.667,0.929,0
8709,154,50.284,21.309,9.202,0.765,21.541,10.119,2.316,0.432,0.925,0
10313,89,35.213,13.108,8.645,0.902,13.892,9.391,1.516,0.66,0.918,0
9760,191,81.255,32.169,7.56,0.364,33.242,9.0,4.255,0.235,0.753,1
336,148,55.355,20.491,9.196,0.607,22.472,10.733,2.228,0.449,0.809,1
10085,119,39.698,14.605,10.375,0.949,15.524,11.0,1.408,0.71,0.922,0
10237,77,31.799,11.538,8.497,0.957,12.207,9.192,1.358,0.736,0.922,0
6397,262,107.782,40.424,8.252,0.283,44.822,12.503,4.899,0.204,0.577,-1
2297,145,67.255,23.369,7.9,0.403,27.203,11.015,2.958,0.338,0.652,1
1259,150,55.113,21.065,9.066,0.621,22.136,10.277,2.323,0.43,0.813,-1
10516,273,68.426,26.326,13.203,0.733,28.844,14.422,1.994,0.502,0.915,-1
4528,179,74.669,28.055,8.124,0.403,30.887,11.142,3.453,0.29,0.667,1
8116,98,37.456,13.686,9.117,0.878,14.318,9.944,1.501,0.666,0.895,0
4618,172,69.012,26.837,8.16,0.454,29.069,10.805,3.289,0.304,0.743,1
9055,114,40.042,14.999,9.677,0.893,15.524,10.0,1.55,0.645,0.919,0
5256,183,73.255,28.057,8.305,0.429,31.241,11.666,3.378,0.296,0.668,1
8482,237,108.669,44.44,6.79,0.252,46.098,10.097,6.545,0.153,0.6,1
8289,86,34.627,13.645,8.025,0.901,14.213,8.485,1.7,0.588,0.92,0
2756,192,87.255,29.748,8.218,0.317,34.366,12.824,3.62,0.276,0.618,1
6680,192,67.74,27.156,9.002,0.526,28.844,11.8,3.017,0.332,0.774,1
5965,229,97.154,29.529,9.874,0.305,35.847,15.207,2.991,0.334,0.545,1
1532,257,68.77,27.427,11.931,0.683,28.178,13.697,2.299,0.435,0.879,-1
8715,127,41.456,14.684,11.012,0.929,15.264,11.628,1.333,0.75,0.927,0
1036,114,40.87,16.19,8.965,0.858,16.553,9.391,1.806,0.554,0.919,0
8885,123,45.456,17.165,9.124,0.748,18.248,10.0,1.881,0.532,0.875,0
10496,74,31.213,11.882,7.93,0.954,12.53,8.485,1.498,0.667,0.925,0
7645,127,59.598,23.304,6.939,0.449,23.854,9.399,3.359,0.298,0.677,1
5632,120,41.213,14.974,10.203,0.888,15.524,10.0,1.468,0.681,0.93,0
5497,125,43.456,16.538,9.623,0.832,17.464,10.286,1.719,0.582,0.916,0
3379,409,170.368,61.697,8.441,0.177,73.348,12.997,7.31,0.137,0.553,-1
4457,67,33.799,10.697,7.975,0.737,12.083,9.0,1.341,0.746,0.838,-1
2494,173,89.296,29.402,7.492,0.273,37.014,11.8,3.925,0.255,0.536,1
8695,91,34.87,12.762,9.079,0.94,13.416,9.899,1.406,0.711,0.901,0
10325,83,33.456,12.645,8.357,0.932,13.038,8.485,1.513,0.661,0.917,0
5214,217,87.64,33.65,8.211,0.355,36.878,12.728,4.098,0.244,0.639,1
189,216,90.811,35.285,7.794,0.329,36.892,11.448,4.527,0.221,0.627,1
4283,230,88.326,32.949,8.888,0.37,36.62,12.724,3.707,0.27,0.646,1
4399,184,69.841,26.552,8.823,0.474,28.46,10.733,3.009,0.332,0.735,1
3242,216,89.154,30.993,8.874,0.341,34.059,13.231,3.493,0.286,0.591,1
9513,212,94.912,25.864,10.436,0.296,35.355,15.556,2.478,0.404,0.559,1
8124,91,35.456,12.984,8.924,0.91,13.601,9.701,1.455,0.687,0.892,0
7300,162,63.012,20.317,10.152,0.513,22.804,13.0,2.001,0.5,0.707,1
9452,128,40.87,13.383,12.177,0.963,14.318,13.0,1.099,0.91,0.918,0
7686,353,136.409,24.483,18.358,0.238,35.609,25.518,1.334,0.75,0.585,-1
7255,172,78.426,27.308,8.019,0.351,32.14,11.0,3.405,0.294,0.634,1
2489,154,52.77,20.452,9.587,0.695,22.825,10.607,2.133,0.469,0.89,0
6215,183,73.497,28.973,8.042,0.426,30.0,10.847,3.603,0.278,0.711,1
2255,86,34.627,12.985,8.433,0.901,13.601,8.974,1.54,0.649,0.905,0
5320,217,74.912,30.578,9.036,0.486,29.53,10.85,3.384,0.296,0.763,-1
712,104,39.113,15.58,8.499,0.854,15.811,9.192,1.833,0.546,0.893,0
1560,135,44.042,16.518,10.406,0.875,17.088,10.915,1.587,0.63,0.915,0
5950,191,86.326,31.642,7.686,0.322,35.341,12.76,4.117,0.243,0.575,1
4776,85,37.698,12.041,8.988,0.752,13.342,10.286,1.34,0.746,0.802,-1
2490,180,96.569,36.723,6.241,0.243,42.059,10.445,5.884,0.17,0.529,1
9658,187,70.426,28.014,8.499,0.474,27.659,10.786,3.296,0.303,0.729,1
2424,248,98.711,35.181,8.975,0.32,37.802,13.369,3.92,0.255,0.601,1
3528,117,46.527,17.05,8.737,0.679,18.868,10.286,1.951,0.512,0.851,0
2290,153,70.912,27.578,7.064,0.382,31.385,10.138,3.904,0.256,0.705,1
1665,125,42.284,16.156,9.851,0.879,16.643,10.286,1.64,0.61,0.912,0
5330,227,106.569,32.039,9.021,0.251,39.205,14.865,3.552,0.282,0.457,1
4954,213,92.711,32.762,8.278,0.311,36.878,11.845,3.958,0.253,0.577,1
918,168,80.326,32.699,6.542,0.327,35.341,10.176,4.999,0.2,0.627,1
8961,110,38.87,14.398,9.727,0.915,15.232,10.429,1.48,0.676,0.905,0
179,140,63.841,24.785,7.192,0.432,26.627,10.262,3.446,0.29,0.685,1
3597,221,96.083,30.182,9.323,0.301,37.59,15.476,3.237,0.309,0.531,1
2140,94,35.213,13.087,9.145,0.953,13.601,9.0,1.431,0.699,0.935,0
2837,138,62.77,24.735,7.104,0.44,25.962,9.206,3.482,0.287,0.711,1
7979,105,38.87,15.137,8.832,0.873,15.652,9.707,1.714,0.583,0.894,0
8888,137,52.77,19.565,8.916,0.618,21.19,10.345,2.194,0.456,0.783,1
9236,187,71.355,25.422,9.366,0.462,29.275,12.254,2.714,0.368,0.722,1
2057,72,30.971,11.036,8.307,0.943,11.402,8.0,1.329,0.753,0.923,0
8202,237,123.782,26.886,11.224,0.194,46.519,20.721,2.395,0.417,0.367,-1
4990,154,61.355,24.27,8.079,0.514,26.249,10.206,3.004,0.333,0.79,1
7323,193,87.64,29.747,8.261,0.316,34.67,13.136,3.601,0.278,0.559,1
7473,149,64.184,23.883,7.943,0.455,26.833,9.839,3.007,0.333,0.749,1
3117,169,86.669,25.943,8.294,0.283,32.388,13.091,3.128,0.32,0.501,1
2233,85,33.456,12.2,8.871,0.954,13.0,9.391,1.375,0.727,0.904,0
7248,51,39.113,16.794,3.867,0.419,17.804,5.6,4.343,0.23,0.699,-1
5647,188,83.154,35.294,6.782,0.342,36.892,10.378,5.204,0.192,0.682,1
7090,195,83.154,33.529,7.405,0.354,36.249,11.149,4.528,0.221,0.657,1
2446,186,88.711,32.606,7.263,0.297,34.828,12.007,4.489,0.223,0.549,1
3851,170,78.326,29.168,7.421,0.348,32.802,11.314,3.931,0.254,0.654,1
5555,202,89.012,30.999,8.297,0.32,36.346,11.963,3.736,0.268,0.588,1
9299,257,96.811,26.696,12.257,0.345,29.206,15.142,2.178,0.459,0.732,1
8003,53,30.627,9.588,7.038,0.71,11.18,8.272,1.362,0.734,0.785,-1
5803,152,65.113,21.893,8.84,0.451,26.0,12.0,2.476,0.404,0.685,1
1696,102,38.042,13.886,9.353,0.886,14.765,10.118,1.485,0.674,0.907,0
3753,215,87.054,36.103,7.582,0.357,37.537,9.823,4.761,0.21,0.69,1
1106,112,47.698,18.094,7.881,0.619,20.248,9.178,2.296,0.436,0.815,1
5337,203,74.326,27.516,9.394,0.462,28.844,12.429,2.929,0.341,0.707,1
7351,175,68.912,23.086,9.652,0.463,26.476,13.0,2.392,0.418,0.722,1
6884,173,78.569,29.381,7.497,0.352,32.802,10.607,3.919,0.255,0.622,1
8764,156,57.113,25.115,7.909,0.601,24.597,8.895,3.176,0.315,0.876,0
7264,79,46.627,14.333,7.018,0.457,17.088,9.944,2.042,0.49,0.702,-1
9882,72,30.627,10.026,9.144,0.965,10.77,9.803,1.096,0.912,0.9,0
10316,75,31.456,12.148,7.861,0.953,13.0,8.485,1.545,0.647,0.909,0
2657,163,88.184,31.287,6.633,0.263,37.216,10.0,4.717,0.212,0.597,1
6178,153,65.941,24.408,7.981,0.442,27.731,11.073,3.058,0.327,0.72,1
8136,101,38.042,14.491,8.875,0.877,15.133,9.0,1.633,0.612,0.914,0
3782,199,86.225,29.297,8.649,0.336,33.838,13.524,3.387,0.295,0.59,1
8677,83,34.042,12.106,8.729,0.9,12.649,9.0,1.387,0.721,0.912,0
1778,177,50.284,17.107,13.173,0.88,18.868,14.0,1.299,0.77,0.912,0
4894,201,82.912,32.566,7.859,0.367,34.438,11.424,4.144,0.241,0.662,1
347,169,67.255,24.469,8.794,0.47,25.0,11.314,2.782,0.359,0.709,1
6411,160,67.497,27.58,7.386,0.441,28.653,9.948,3.734,0.268,0.739,1
4121,158,67.74,27.802,7.236,0.433,30.0,9.899,3.842,0.26,0.735,1
8688,120,40.627,15.318,9.975,0.914,15.524,10.0,1.536,0.651,0.93,0
1531,135,43.799,16.679,10.305,0.884,16.763,10.0,1.619,0.618,0.941,0
3427,165,67.255,24.333,8.634,0.458,27.203,11.644,2.818,0.355,0.701,1
2106,90,34.627,13.185,8.691,0.943,13.892,9.192,1.517,0.659,0.933,0
2506,174,91.983,23.882,9.277,0.258,30.083,16.971,2.574,0.388,0.465,1
2742,127,42.87,16.284,9.93,0.868,17.263,10.0,1.64,0.61,0.914,0
9556,77,32.042,11.761,8.336,0.942,12.53,8.944,1.411,0.709,0.901,0
9908,66,54.77,12.115,6.937,0.276,18.788,12.09,1.747,0.573,0.48,-1
9004,91,35.213,13.643,8.493,0.922,14.318,9.0,1.606,0.623,0.933,0
3865,283,119.64,47.313,7.616,0.248,52.202,10.858,6.213,0.161,0.587,1
5102,183,76.912,30.78,7.57,0.389,32.757,10.817,4.066,0.246,0.679,1
1317,106,38.87,15.019,8.986,0.882,16.125,9.899,1.671,0.598,0.906,0
1949,74,30.385,10.305,9.143,1.0,11.18,9.0,1.127,0.887,0.937,0
5907,120,40.627,14.748,10.36,0.914,15.811,10.0,1.423,0.702,0.941,0
3536,198,98.225,34.608,7.284,0.258,42.059,11.513,4.751,0.21,0.544,1
9563,119,39.456,13.073,11.59,0.961,13.928,12.0,1.128,0.887,0.926,0
7456,180,88.225,34.21,6.699,0.291,39.115,10.785,5.106,0.196,0.585,1
7941,96,36.627,13.745,8.893,0.899,14.318,9.0,1.546,0.647,0.914,0
8379,120,43.456,16.594,9.208,0.799,17.263,10.0,1.802,0.555,0.896,0
4999,234,79.255,28.011,10.636,0.468,32.249,13.547,2.634,0.38,0.76,1
1935,196,67.255,24.098,10.356,0.545,26.926,12.159,2.327,0.43,0.792,1
3139,165,80.083,31.072,6.761,0.323,33.541,10.839,4.596,0.218,0.564,1
827,111,39.213,15.235,9.276,0.907,15.524,9.0,1.642,0.609,0.933,0
123,156,53.698,19.942,9.96,0.68,21.954,11.543,2.002,0.499,0.867,1
8276,91,34.971,12.802,9.051,0.935,13.416,9.0,1.414,0.707,0.938,0
2368,137,49.698,18.185,9.592,0.697,20.125,11.015,1.896,0.527,0.843,1
7656,52,32.627,13.507,4.902,0.614,13.892,6.261,2.755,0.363,0.788,-1
10547,71,30.385,10.921,8.277,0.966,11.402,8.0,1.319,0.758,0.928,0
7760,106,37.799,14.159,9.532,0.932,14.56,9.0,1.485,0.673,0.938,0
10098,118,40.042,13.674,10.987,0.925,14.318,11.0,1.244,0.804,0.908,0
8049,82,33.213,12.738,8.196,0.934,13.601,8.875,1.554,0.643,0.916,0
9442,74,30.385,10.484,8.987,1.0,11.402,9.0,1.166,0.857,0.931,0
5707,86,32.627,12.005,9.121,1.0,12.649,9.0,1.316,0.76,0.935,0
3245,447,209.037,41.789,13.619,0.129,82.855,25.917,3.068,0.326,0.323,-1
8366,99,37.456,14.54,8.669,0.887,15.0,9.192,1.677,0.596,0.912,0
5176,191,65.841,21.106,11.522,0.554,22.472,14.18,1.832,0.546,0.775,1
2423,246,93.74,35.428,8.841,0.352,37.054,12.502,4.007,0.25,0.618,1
7437,85,57.598,19.441,5.567,0.322,25.612,8.433,3.492,0.286,0.62,-1
9360,231,91.296,24.512,11.999,0.348,28.862,16.762,2.043,0.49,0.575,1
732,145,65.598,24.814,7.44,0.423,27.295,10.285,3.335,0.3,0.721,1
6170,195,92.669,33.549,7.401,0.285,37.802,11.995,4.533,0.221,0.512,1
6395,316,96.083,38.291,10.508,0.43,38.328,13.599,3.644,0.274,0.717,-1
156,110,38.87,14.776,9.479,0.915,15.524,10.0,1.559,0.641,0.921,0
289,184,77.74,31.012,7.554,0.383,34.132,10.788,4.105,0.244,0.675,1
7454,126,55.113,19.652,8.163,0.521,23.77,10.219,2.407,0.415,0.803,0
1513,133,43.456,16.905,10.017,0.885,17.804,10.607,1.688,0.593,0.937,0
4819,156,69.113,27.74,7.16,0.41,30.15,9.0,3.874,0.258,0.763,1
5687,236,83.841,29.976,10.024,0.422,32.016,12.279,2.99,0.334,0.684,1
3001,187,83.74,31.361,7.592,0.335,34.234,10.864,4.131,0.242,0.65,1
6666,220,90.083,29.663,9.443,0.341,35.44,13.719,3.141,0.318,0.626,1
1168,130,46.184,18.877,8.768,0.766,19.235,9.707,2.153,0.465,0.881,0
7145,351,129.882,35.847,12.467,0.261,41.304,18.881,2.875,0.348,0.603,-1
1160,87,38.627,15.611,7.096,0.733,16.553,8.31,2.2,0.455,0.874,0
5143,196,82.669,28.562,8.737,0.36,35.777,12.535,3.269,0.306,0.657,1
6980,150,56.184,22.342,8.548,0.597,23.707,10.733,2.614,0.383,0.813,1
8434,94,36.042,13.683,8.747,0.909,14.318,9.707,1.564,0.639,0.913,0
6425,159,64.77,20.256,9.994,0.476,24.187,13.353,2.027,0.493,0.687,1
2167,81,32.87,11.685,8.826,0.942,12.207,9.192,1.324,0.755,0.89,0
5396,128,42.284,15.348,10.619,0.9,16.155,11.371,1.445,0.692,0.914,0
7910,104,38.87,14.974,8.843,0.865,15.652,9.803,1.693,0.591,0.904,0
6404,116,40.627,15.486,9.537,0.883,16.155,10.0,1.624,0.616,0.928,0
2972,261,64.184,22.998,14.45,0.796,23.409,15.293,1.592,0.628,0.905,-1
557,115,42.385,17.623,8.308,0.804,17.464,8.0,2.121,0.471,0.939,0
7448,172,81.983,31.637,6.922,0.322,33.422,10.607,4.57,0.219,0.584,1
2680,238,117.439,33.378,9.079,0.217,42.521,16.864,3.677,0.272,0.445,1
8360,103,38.87,14.993,8.747,0.857,15.264,9.391,1.714,0.583,0.892,0
3108,147,68.77,26.622,7.031,0.391,29.411,10.0,3.787,0.264,0.737,1
10419,226,65.355,25.202,11.418,0.665,25.942,14.142,2.207,0.453,0.853,-1
2537,90,34.042,12.673,9.042,0.976,13.342,9.0,1.402,0.713,0.928,0
2323,128,42.627,16.783,9.711,0.885,17.088,10.0,1.728,0.579,0.934,0
1565,114,40.627,13.236,10.966,0.868,14.318,12.0,1.207,0.829,0.884,0
6461,198,83.497,30.938,8.149,0.357,34.655,12.021,3.797,0.263,0.634,1
718,112,41.698,16.058,8.881,0.809,16.401,9.839,1.808,0.553,0.882,0
826,68,28.971,10.301,8.405,1.0,10.77,8.0,1.226,0.816,0.944,0
8010,104,38.284,14.275,9.276,0.892,14.866,9.985,1.539,0.65,0.893,0
8257,98,37.456,14.224,8.772,0.878,14.765,9.391,1.621,0.617,0.907,0
6361,206,54.184,19.267,13.613,0.882,20.616,14.596,1.415,0.707,0.902,-1
5449,182,91.255,36.434,6.36,0.275,39.294,10.752,5.728,0.175,0.615,1
3832,214,115.196,44.424,6.133,0.203,48.26,10.554,7.243,0.138,0.457,1
7734,185,77.012,30.794,7.649,0.392,33.242,10.621,4.026,0.248,0.71,1
8355,187,87.012,29.312,8.123,0.31,34.438,13.189,3.609,0.277,0.562,1
2095,86,33.799,12.217,8.963,0.946,13.038,9.839,1.363,0.734,0.93,0
6148,93,36.385,12.847,9.217,0.883,14.213,10.262,1.394,0.717,0.912,0
9457,52,24.971,8.137,8.137,1.0,8.944,8.0,1.0,1.0,0.929,0
1292,176,58.184,23.623,9.486,0.653,24.597,11.18,2.49,0.402,0.844,1
8362,106,38.284,13.71,9.844,0.909,14.318,10.436,1.393,0.718,0.898,0
5853,175,73.598,28.9,7.71,0.406,31.321,10.866,3.748,0.267,0.703,1
783,105,38.87,15.085,8.862,0.873,15.652,9.707,1.702,0.587,0.913,0
413,58,37.799,15.509,4.762,0.51,16.763,5.942,3.257,0.307,0.835,-1
4255,214,82.912,32.614,8.354,0.391,34.986,11.872,3.904,0.256,0.666,1
9382,252,106.711,26.737,12.0,0.278,32.558,18.0,2.228,0.449,0.612,1
9149,130,43.113,16.445,10.065,0.879,16.643,10.607,1.634,0.612,0.912,0
382,228,99.054,37.631,7.714,0.292,40.311,11.18,4.878,0.205,0.61,1
5221,216,95.841,36.055,7.628,0.296,41.437,11.7,4.727,0.212,0.617,1
6142,193,78.912,26.588,9.242,0.389,30.364,13.35,2.877,0.348,0.647,1
9967,209,107.154,34.221,7.776,0.229,44.294,13.564,4.401,0.227,0.507,1
7279,165,80.912,31.552,6.658,0.317,34.886,10.516,4.739,0.211,0.623,1
9409,256,140.995,37.373,8.722,0.162,52.326,20.018,4.285,0.233,0.365,1
5438,119,40.87,15.456,9.803,0.895,16.155,10.672,1.577,0.634,0.919,0
592,109,40.284,16.376,8.475,0.844,16.643,9.089,1.932,0.518,0.901,0
6762,220,81.497,30.431,9.205,0.416,34.015,13.289,3.306,0.302,0.674,1
9301,53,26.627,9.896,6.819,0.939,10.77,7.071,1.451,0.689,0.891,0
6509,137,46.042,17.502,9.966,0.812,19.235,11.0,1.756,0.569,0.91,0
10370,74,32.042,11.755,8.015,0.906,12.207,8.485,1.467,0.682,0.892,0
10142,171,48.527,16.402,13.274,0.913,17.72,14.0,1.236,0.809,0.919,0
3797,232,88.912,33.24,8.886,0.369,35.228,13.514,3.741,0.267,0.624,1
6767,198,78.326,28.391,8.88,0.406,31.89,12.294,3.197,0.313,0.672,1
9809,209,89.012,26.582,10.011,0.331,32.311,15.966,2.655,0.377,0.566,1
7418,185,104.912,34.147,6.898,0.211,42.755,11.344,4.95,0.202,0.446,1
4208,203,84.184,34.241,7.549,0.36,34.366,11.0,4.536,0.22,0.667,1
8241,94,35.456,13.898,8.612,0.94,14.422,9.192,1.614,0.62,0.917,0
4578,177,68.083,22.574,9.983,0.48,24.515,12.962,2.261,0.442,0.693,1
2947,93,38.627,15.064,7.861,0.783,16.279,8.0,1.916,0.522,0.894,0
2461,220,109.054,41.043,6.825,0.232,45.222,10.215,6.014,0.166,0.55,1
4616,223,80.912,27.685,10.256,0.428,32.016,13.304,2.699,0.37,0.706,1
10472,112,45.799,18.12,7.87,0.671,19.647,8.0,2.302,0.434,0.907,0
10376,93,36.042,13.767,8.601,0.9,14.318,9.414,1.601,0.625,0.907,0
6693,168,64.426,21.122,10.127,0.509,23.324,12.999,2.086,0.479,0.743,1
4922,174,72.912,28.197,7.857,0.411,31.241,10.778,3.589,0.279,0.693,1
5512,284,102.468,38.329,9.434,0.34,43.829,13.026,4.063,0.246,0.69,-1
442,54,25.556,8.594,8.0,1.0,9.434,8.0,1.074,0.931,0.939,0
656,53,26.385,9.677,6.973,0.957,10.296,7.603,1.388,0.721,0.898,0
4326,200,82.912,32.877,7.746,0.366,35.511,11.147,4.245,0.236,0.694,1
8778,97,37.213,14.308,8.632,0.88,15.264,9.803,1.658,0.603,0.924,0
5519,119,40.042,15.079,10.048,0.933,15.811,10.0,1.501,0.666,0.93,0
7810,222,96.912,36.326,7.781,0.297,40.447,12.0,4.668,0.214,0.632,1
6146,185,81.154,31.533,7.47,0.353,34.409,11.685,4.221,0.237,0.622,1
8542,164,52.042,20.478,10.197,0.761,21.095,10.0,2.008,0.498,0.919,0
8399,96,36.284,13.831,8.838,0.916,14.422,9.192,1.565,0.639,0.901,0
1071,94,38.042,15.54,7.702,0.816,16.125,8.875,2.018,0.496,0.908,0
5844,203,76.326,29.569,8.741,0.438,30.414,11.596,3.383,0.296,0.74,1
3486,237,104.225,36.63,8.238,0.274,41.231,14.311,4.446,0.225,0.554,1
7066,421,170.309,25.003,21.438,0.182,46.53,38.794,1.166,0.857,0.375,-1
6530,131,58.77,20.921,7.973,0.477,24.759,10.278,2.624,0.381,0.722,1
9701,198,72.426,27.097,9.304,0.474,28.443,12.0,2.913,0.343,0.712,1
509,190,84.225,35.206,6.871,0.337,38.013,9.748,5.123,0.195,0.692,1
1987,112,39.456,14.83,9.616,0.904,15.62,9.899,1.542,0.648,0.926,0
2660,288,117.296,28.253,12.979,0.263,35.0,19.918,2.177,0.459,0.484,1
7112,204,82.569,32.475,7.998,0.376,35.468,11.059,4.06,0.246,0.673,1
5593,198,77.497,28.564,8.826,0.414,31.953,12.369,3.236,0.309,0.676,1
1102,74,32.971,12.815,7.352,0.855,13.601,7.0,1.743,0.574,0.937,0
10546,109,38.87,14.564,9.529,0.907,15.264,9.899,1.528,0.654,0.92,0
7882,109,40.627,15.603,8.894,0.83,16.401,9.707,1.754,0.57,0.908,0
1826,118,40.87,14.813,10.143,0.888,15.524,11.0,1.46,0.685,0.908,0
3053,106,40.527,14.637,9.221,0.811,15.652,9.783,1.587,0.63,0.872,0
879,94,36.042,14.622,8.185,0.909,15.264,9.153,1.786,0.56,0.926,0
3273,158,69.941,26.615,7.559,0.406,29.833,9.432,3.521,0.284,0.72,1
6080,117,41.456,15.154,9.83,0.856,16.401,10.976,1.542,0.649,0.907,0
8924,183,84.426,27.831,8.372,0.323,34.67,12.258,3.324,0.301,0.57,1
919,97,38.87,15.886,7.775,0.807,16.125,8.497,2.043,0.489,0.894,0
4308,202,76.326,29.006,8.867,0.436,32.202,12.066,3.271,0.306,0.698,1
7064,205,87.012,35.06,7.445,0.34,36.125,9.896,4.709,0.212,0.669,1
10464,86,35.213,13.819,7.924,0.872,14.422,8.875,1.744,0.573,0.91,0
8454,97,37.799,14.738,8.38,0.853,15.232,8.974,1.759,0.569,0.915,0
373,99,38.385,13.966,9.025,0.844,14.866,9.0,1.547,0.646,0.908,0
2517,145,45.456,17.139,10.772,0.882,18.028,11.0,1.591,0.628,0.929,0
4836,142,63.255,19.289,9.373,0.446,24.166,12.769,2.058,0.486,0.659,1
2984,190,80.326,28.549,8.474,0.37,31.385,12.649,3.369,0.297,0.598,1
9688,143,59.698,21.044,8.652,0.504,24.352,12.0,2.432,0.411,0.733,1
6290,102,36.87,12.035,10.791,0.943,13.416,11.314,1.115,0.897,0.899,0
5528,170,76.083,28.067,7.712,0.369,30.594,10.851,3.64,0.275,0.639,1
831,88,34.627,13.297,8.426,0.922,13.928,9.0,1.578,0.634,0.926,0
9759,58,26.971,9.047,8.163,1.0,9.849,8.0,1.108,0.902,0.921,0
7161,400,150.752,26.215,19.428,0.221,45.486,32.128,1.349,0.741,0.44,-1
9640,114,39.698,15.368,9.445,0.909,16.125,9.899,1.627,0.615,0.912,0
4681,188,77.012,29.941,7.995,0.398,32.249,11.0,3.745,0.267,0.72,1
9200,183,81.598,25.645,9.086,0.345,31.385,14.067,2.823,0.354,0.624,1
4917,215,91.397,36.247,7.552,0.323,38.91,11.129,4.8,0.208,0.68,1
9641,215,93.983,31.668,8.644,0.306,35.735,14.458,3.663,0.273,0.521,1
4935,136,53.113,20.282,8.538,0.606,21.84,10.0,2.376,0.421,0.832,1
3150,120,41.213,15.483,9.868,0.888,15.811,10.0,1.569,0.637,0.934,0
7125,245,97.983,32.371,9.637,0.321,37.537,15.202,3.359,0.298,0.56,1
3219,217,89.841,31.109,8.882,0.338,37.736,13.821,3.503,0.286,0.661,1
4492,140,45.698,16.988,10.493,0.842,17.889,11.628,1.619,0.618,0.903,0
9540,169,62.426,21.454,10.03,0.545,22.825,13.042,2.139,0.467,0.748,1
8365,125,43.698,17.626,9.029,0.823,18.028,9.707,1.952,0.512,0.912,0
10037,193,88.326,29.812,8.243,0.311,36.878,12.679,3.617,0.276,0.573,1
1190,97,36.385,13.829,8.931,0.921,14.318,9.0,1.548,0.646,0.942,0
2121,85,33.456,12.347,8.765,0.954,13.0,9.391,1.409,0.71,0.904,0
9592,206,99.983,33.507,7.828,0.259,38.471,12.588,4.281,0.234,0.518,1
808,101,37.213,14.499,8.869,0.917,14.866,9.0,1.635,0.612,0.922,0
7063,194,75.74,31.794,7.769,0.425,33.287,11.094,4.092,0.244,0.723,1
3673,160,69.841,24.718,8.242,0.412,27.203,12.72,2.999,0.333,0.671,1
6422,221,90.326,34.003,8.275,0.34,36.497,12.442,4.109,0.243,0.633,1
7594,146,45.698,16.776,11.081,0.879,17.263,11.767,1.514,0.66,0.907,0
7184,182,71.012,26.164,8.857,0.454,29.12,12.258,2.954,0.339,0.722,1
3622,178,73.841,27.389,8.275,0.41,30.0,11.815,3.31,0.302,0.656,1
4393,182,74.426,28.962,8.001,0.413,31.623,11.534,3.62,0.276,0.688,1
6042,188,79.255,27.32,8.762,0.376,32.249,12.847,3.118,0.321,0.621,1
7548,97,36.627,12.943,9.542,0.909,13.601,10.0,1.356,0.737,0.898,0
1040,106,39.456,15.11,8.932,0.856,15.264,9.701,1.692,0.591,0.898,0
6271,213,86.912,31.588,8.586,0.354,36.401,11.702,3.679,0.272,0.716,1
7743,406,162.409,42.371,12.2,0.193,67.119,21.213,3.473,0.288,0.438,-1
7062,73,30.385,11.154,8.333,0.994,11.705,8.0,1.338,0.747,0.942,0
851,57,26.971,9.375,7.741,0.985,10.296,8.0,1.211,0.826,0.919,0
8730,130,41.698,15.684,10.554,0.94,16.553,11.314,1.486,0.673,0.925,0
9420,202,87.296,36.209,7.103,0.333,37.014,10.403,5.098,0.196,0.629,1
3017,180,86.569,35.664,6.426,0.302,35.847,10.343,5.55,0.18,0.558,1
6342,104,38.042,13.854,9.558,0.903,14.765,10.461,1.449,0.69,0.916,0
5981,183,73.941,29.4,7.925,0.421,30.676,11.142,3.71,0.27,0.719,1
8103,102,39.113,15.958,8.139,0.838,16.553,9.153,1.961,0.51,0.895,0
627,96,38.284,15.515,7.878,0.823,15.652,8.497,1.969,0.508,0.897,0
8891,364,104.368,33.195,13.962,0.42,37.643,20.4,2.378,0.421,0.692,-1
6780,264,103.64,30.994,10.845,0.309,37.216,16.565,2.858,0.35,0.601,1
8102,74,32.627,12.494,7.541,0.874,13.038,8.485,1.657,0.604,0.902,0
6821,227,98.326,31.234,9.254,0.295,35.128,13.074,3.375,0.296,0.551,1
4035,150,44.87,16.0,11.936,0.936,16.492,12.0,1.34,0.746,0.926,0
10333,77,31.799,11.534,8.5,0.957,12.207,9.192,1.357,0.737,0.922,0
2328,118,40.627,14.71,10.213,0.898,15.264,11.0,1.44,0.694,0.918,0
175,148,72.669,25.766,7.313,0.352,30.232,10.899,3.523,0.284,0.615,1
5542,178,77.012,28.669,7.905,0.377,31.321,11.952,3.627,0.276,0.635,1
10499,89,35.799,13.739,8.248,0.873,13.928,8.629,1.666,0.6,0.904,0
2158,104,37.456,14.152,9.357,0.932,15.0,9.899,1.513,0.661,0.92,0
1166,112,41.213,16.036,8.893,0.829,16.155,9.615,1.803,0.555,0.918,0
2416,216,68.184,26.325,10.447,0.584,27.295,12.0,2.52,0.397,0.823,1
1146,151,46.284,17.304,11.11,0.886,18.358,12.333,1.557,0.642,0.918,0
3917,179,74.184,28.599,7.969,0.409,30.594,10.0,3.589,0.279,0.722,1
3741,166,63.941,25.103,8.42,0.51,26.476,10.0,2.981,0.335,0.822,1
4903,220,89.154,34.441,8.133,0.348,36.249,12.001,4.235,0.236,0.62,1
9216,134,53.698,19.673,8.673,0.584,22.847,10.554,2.268,0.441,0.798,1
6408,189,80.326,26.816,8.974,0.368,31.575,13.0,2.988,0.335,0.627,1
6257,361,160.752,51.647,8.9,0.176,71.113,14.461,5.803,0.172,0.538,-1
1954,92,34.042,12.524,9.353,0.998,13.038,9.899,1.339,0.747,0.929,0
393,189,81.841,28.785,8.36,0.355,31.321,10.119,3.443,0.29,0.738,1
9097,98,36.627,13.458,9.271,0.918,14.318,9.0,1.452,0.689,0.925,0
2624,123,40.87,15.617,10.028,0.925,16.155,10.914,1.557,0.642,0.925,0
5933,191,84.326,32.662,7.446,0.338,36.674,11.093,4.387,0.228,0.676,1
1177,102,38.627,15.532,8.362,0.859,16.125,9.391,1.858,0.538,0.923,0
5554,230,111.74,43.387,6.75,0.231,49.729,10.813,6.428,0.156,0.613,1
8959,113,38.284,12.794,11.246,0.969,13.601,12.0,1.138,0.879,0.911,0
7156,150,66.77,25.89,7.377,0.423,28.16,10.137,3.51,0.285,0.726,1
623,111,52.284,19.524,7.239,0.51,21.378,9.61,2.697,0.371,0.738,1
32,142,49.698,19.636,9.208,0.722,20.616,10.686,2.133,0.469,0.84,1
857,97,36.627,13.835,8.927,0.909,14.318,9.707,1.55,0.645,0.915,0
4530,117,40.042,14.536,10.248,0.917,15.232,10.914,1.418,0.705,0.921,0
7887,133,48.627,20.699,8.181,0.707,21.378,8.0,2.53,0.395,0.93,0
4714,250,95.74,26.765,11.893,0.343,29.833,16.937,2.251,0.444,0.613,-1
8553,117,39.456,14.375,10.363,0.944,15.232,11.0,1.387,0.721,0.921,0
1240,211,67.012,25.747,10.434,0.59,28.653,12.757,2.468,0.405,0.842,-1
4301,186,73.255,27.467,8.622,0.436,30.887,11.858,3.186,0.314,0.702,1
1569,140,46.527,17.611,10.122,0.813,19.235,11.18,1.74,0.575,0.895,0
7282,365,141.924,34.853,13.334,0.228,55.902,21.104,2.614,0.383,0.462,-1
4763,104,39.456,14.253,9.29,0.839,15.264,10.607,1.534,0.652,0.878,0
4260,230,91.154,34.085,8.592,0.348,37.336,12.805,3.967,0.252,0.658,1
8610,105,38.042,14.042,9.521,0.912,14.765,10.262,1.475,0.678,0.905,0
8473,186,108.669,37.675,6.286,0.198,45.541,12.637,5.993,0.167,0.438,1
7913,81,32.385,11.794,8.745,0.971,12.53,9.0,1.349,0.741,0.936,0
5999,172,75.255,29.816,7.345,0.382,31.623,10.714,4.059,0.246,0.668,1
6435,195,82.912,28.088,8.839,0.356,31.623,12.157,3.178,0.315,0.607,1
3547,196,110.569,33.657,7.415,0.201,45.222,12.791,4.539,0.22,0.427,1
5062,151,46.527,16.007,12.011,0.877,17.029,12.728,1.333,0.75,0.907,0
6126,58,35.799,14.385,5.134,0.569,14.866,6.008,2.802,0.357,0.817,0
3836,200,111.296,30.821,8.262,0.203,43.658,13.656,3.73,0.268,0.485,1
7084,208,72.669,25.45,10.406,0.495,27.785,13.873,2.446,0.409,0.694,1
932,114,41.698,16.108,9.011,0.824,16.553,10.047,1.788,0.559,0.88,0
1840,112,38.627,13.608,10.479,0.943,14.422,11.314,1.299,0.77,0.933,0
7104,205,82.669,30.263,8.625,0.377,32.65,12.343,3.509,0.285,0.607,1
8039,113,42.042,17.085,8.421,0.803,17.493,9.153,2.029,0.493,0.911,0
5633,120,40.627,14.646,10.432,0.914,15.232,11.0,1.404,0.712,0.916,0
8537,188,64.284,29.027,8.246,0.572,27.857,8.928,3.52,0.284,0.879,-1
4554,223,84.912,32.548,8.723,0.389,35.0,12.762,3.731,0.268,0.654,1
10299,100,44.042,16.917,7.526,0.648,18.682,9.0,2.248,0.445,0.855,0
3819,197,97.497,36.929,6.792,0.26,42.379,10.32,5.437,0.184,0.619,1
4647,95,36.87,13.168,9.186,0.878,14.318,10.0,1.433,0.698,0.896,0
3863,223,117.196,42.927,6.614,0.204,52.479,11.094,6.49,0.154,0.549,1
5957,180,75.497,26.979,8.495,0.397,31.016,12.379,3.176,0.315,0.662,1
3297,217,86.669,31.213,8.852,0.363,34.132,12.566,3.526,0.284,0.617,1
2744,227,81.74,30.949,9.339,0.427,32.985,11.961,3.314,0.302,0.704,1
10058,123,42.042,16.795,9.325,0.874,17.088,9.806,1.801,0.555,0.921,0
7804,239,67.598,29.075,10.466,0.657,28.231,11.384,2.778,0.36,0.872,-1
4662,252,123.924,51.689,6.207,0.206,55.471,10.684,8.327,0.12,0.567,1
9618,199,98.024,39.243,6.457,0.26,44.045,10.607,6.078,0.165,0.617,1
2850,109,38.042,14.283,9.716,0.946,15.0,10.607,1.47,0.68,0.924,0
3626,234,89.397,33.694,8.842,0.368,35.609,12.671,3.811,0.262,0.638,1
7271,314,131.296,47.904,8.346,0.229,55.66,11.7,5.74,0.174,0.61,-1
7817,106,37.456,14.004,9.638,0.949,14.422,9.899,1.453,0.688,0.93,0
9137,131,42.87,15.483,10.773,0.896,16.279,11.0,1.437,0.696,0.919,0
9007,96,35.213,13.032,9.38,0.973,13.601,9.0,1.389,0.72,0.946,0
9328,259,127.095,24.727,13.336,0.201,35.44,19.137,1.854,0.539,0.544,1
7611,80,33.213,11.843,8.601,0.911,12.649,9.0,1.377,0.726,0.93,0
3554,209,104.669,34.745,7.659,0.24,44.721,13.361,4.537,0.22,0.536,1
2225,81,33.799,13.066,7.893,0.891,13.342,8.0,1.655,0.604,0.915,0
469,114,40.87,16.231,8.943,0.858,16.643,9.6,1.815,0.551,0.912,0
5536,202,80.912,27.065,9.503,0.388,31.78,13.187,2.848,0.351,0.626,1
8996,114,42.042,15.776,9.201,0.811,17.117,9.0,1.715,0.583,0.923,0
8789,109,40.042,15.572,8.912,0.854,16.643,9.899,1.747,0.572,0.92,0
5634,114,39.698,15.027,9.659,0.909,15.524,10.213,1.556,0.643,0.908,0
3178,258,105.64,32.28,10.176,0.291,40.262,15.765,3.172,0.315,0.608,1
78,111,39.456,15.003,9.42,0.896,15.652,10.186,1.593,0.628,0.914,0
5629,121,40.042,13.677,11.265,0.948,14.765,12.0,1.214,0.824,0.924,0
5855,181,67.841,26.432,8.719,0.494,29.069,11.248,3.032,0.33,0.784,1
1377,59,31.213,11.49,6.538,0.761,12.207,7.906,1.757,0.569,0.825,-1
1847,104,38.042,12.774,10.366,0.903,14.213,11.0,1.232,0.811,0.916,0
8669,127,43.456,17.409,9.289,0.845,18.385,10.0,1.874,0.534,0.941,0
3627,252,104.468,33.582,9.554,0.29,41.037,15.65,3.515,0.285,0.551,1
5356,379,148.995,41.037,11.759,0.215,59.908,18.748,3.49,0.287,0.502,-1
8691,141,44.87,16.985,10.57,0.88,17.464,11.0,1.607,0.622,0.913,0
1815,107,38.042,13.95,9.766,0.929,14.765,10.607,1.428,0.7,0.922,0
6565,201,71.598,23.972,10.676,0.493,29.12,12.226,2.245,0.445,0.784,1
2883,163,68.326,27.581,7.525,0.439,30.48,10.607,3.666,0.273,0.701,1
2351,235,115.154,41.503,7.209,0.223,47.854,11.743,5.757,0.174,0.493,1
24,108,38.042,14.303,9.614,0.938,15.0,10.286,1.488,0.672,0.927,0
5971,86,32.971,12.093,9.055,0.994,13.038,9.0,1.336,0.749,0.95,0
7966,66,34.284,12.253,6.858,0.706,13.601,8.352,1.787,0.56,0.81,-1
602,103,39.698,15.777,8.312,0.821,16.125,9.153,1.898,0.527,0.888,0
7728,229,103.296,38.069,7.659,0.27,41.437,12.229,4.971,0.201,0.532,1
10228,195,109.74,30.255,8.206,0.203,38.639,13.939,3.687,0.271,0.426,1
3567,200,92.912,33.701,7.556,0.291,37.855,12.2,4.46,0.224,0.563,1
739,182,80.811,34.665,6.685,0.35,35.228,9.687,5.186,0.193,0.682,1
10334,92,36.627,14.647,7.998,0.862,15.264,8.875,1.831,0.546,0.92,0
8384,108,39.213,14.926,9.213,0.883,15.297,9.0,1.62,0.617,0.931,0
8932,108,38.527,14.326,9.598,0.914,14.765,9.899,1.493,0.67,0.9,0
6865,166,65.255,24.859,8.502,0.49,27.019,11.314,2.924,0.342,0.741,1
6153,104,38.627,14.349,9.228,0.876,15.62,9.899,1.555,0.643,0.916,0
5532,230,99.054,32.293,9.068,0.295,38.484,12.522,3.561,0.281,0.557,1
7593,99,36.042,13.066,9.647,0.958,13.601,10.0,1.354,0.738,0.917,0
3058,125,82.225,27.545,5.778,0.232,33.838,11.326,4.767,0.21,0.511,-1
3646,198,83.74,36.588,6.89,0.355,37.121,9.799,5.31,0.188,0.716,1
381,130,42.87,16.645,9.944,0.889,17.72,10.0,1.674,0.597,0.922,0
25,165,56.284,21.367,9.832,0.655,22.361,10.872,2.173,0.46,0.866,1
8427,107,40.284,16.145,8.439,0.829,16.643,9.192,1.913,0.523,0.903,0
8854,213,82.811,26.366,10.286,0.39,30.414,14.577,2.563,0.39,0.638,1
780,106,39.698,14.817,9.109,0.845,15.264,9.899,1.627,0.615,0.891,0
9279,115,42.284,17.504,8.365,0.808,17.889,9.303,2.092,0.478,0.902,0
1969,51,25.556,9.293,6.988,0.981,9.849,7.0,1.33,0.752,0.927,0
9349,221,89.497,30.466,9.236,0.347,32.016,12.979,3.299,0.303,0.605,1
3638,217,98.225,39.4,7.012,0.283,43.909,10.56,5.619,0.178,0.605,1
362,214,77.983,27.966,9.743,0.442,29.833,13.969,2.87,0.348,0.672,1
6636,111,44.042,15.528,9.101,0.719,17.464,10.0,1.706,0.586,0.854,0
8780,50,24.728,8.586,7.415,1.0,9.434,7.0,1.158,0.864,0.952,0
6073,166,73.841,28.545,7.404,0.383,31.385,10.638,3.855,0.259,0.703,1
928,91,36.042,14.341,8.079,0.88,14.866,8.731,1.775,0.563,0.905,0
8938,236,104.669,42.358,7.094,0.271,44.643,10.837,5.971,0.167,0.592,1
3384,236,93.154,34.727,8.653,0.342,36.222,11.535,4.013,0.249,0.641,1
7895,90,35.799,13.821,8.291,0.882,14.56,8.0,1.667,0.6,0.928,0
6608,147,68.426,25.539,7.329,0.395,27.731,10.895,3.485,0.287,0.615,1
5761,112,38.385,13.291,10.729,0.955,14.422,11.0,1.239,0.807,0.949,0
7815,195,79.497,30.807,8.059,0.388,33.541,11.384,3.822,0.262,0.682,1
3328,199,90.912,34.443,7.356,0.303,39.217,10.672,4.682,0.214,0.607,1
1303,208,78.326,20.857,12.697,0.426,27.295,17.563,1.643,0.609,0.663,1
3982,139,43.941,15.607,11.34,0.905,16.279,11.314,1.376,0.727,0.906,0
3235,212,107.054,37.453,7.207,0.232,42.379,11.557,5.197,0.192,0.517,1
1587,140,45.456,16.209,10.997,0.851,16.643,11.555,1.474,0.678,0.909,0
6669,221,91.397,28.14,10.0,0.332,34.176,16.275,2.814,0.355,0.576,1
2869,243,116.711,22.269,13.894,0.224,34.785,24.233,1.603,0.624,0.402,-1
5797,180,80.77,28.979,7.909,0.347,34.54,12.522,3.664,0.273,0.634,1
8863,106,38.627,14.872,9.075,0.893,15.232,9.803,1.639,0.61,0.914,0
6825,230,97.882,36.165,8.098,0.302,41.049,13.035,4.466,0.224,0.594,1
10045,235,102.225,32.475,9.213,0.283,42.012,13.699,3.525,0.284,0.572,1
968,210,85.598,35.934,7.441,0.36,37.696,11.334,4.829,0.207,0.677,1
10509,73,30.627,10.798,8.608,0.978,11.705,9.0,1.254,0.797,0.907,0
5211,185,76.669,30.644,7.687,0.395,33.015,11.094,3.987,0.251,0.706,1
3986,156,62.527,23.22,8.554,0.501,26.476,11.0,2.714,0.368,0.78,1
9807,60,28.627,9.49,8.05,0.92,10.296,8.485,1.179,0.848,0.87,0
3791,163,69.941,26.237,7.91,0.419,27.857,11.744,3.317,0.301,0.676,1
2460,126,42.284,14.549,11.027,0.886,15.524,12.0,1.319,0.758,0.887,0
6508,399,99.882,30.974,16.402,0.503,38.949,19.672,1.888,0.53,0.777,-1
7527,115,40.042,15.541,9.421,0.901,16.401,9.899,1.65,0.606,0.935,0
4077,130,42.627,15.51,10.672,0.899,15.811,11.0,1.453,0.688,0.929,0
9615,206,109.054,40.463,6.482,0.218,47.76,10.505,6.242,0.16,0.534,1
731,195,82.426,30.769,8.069,0.361,34.986,11.541,3.813,0.262,0.631,1
484,107,39.456,15.097,9.024,0.864,15.811,9.8,1.673,0.598,0.907,0
6913,204,78.77,32.068,8.1,0.413,32.558,10.0,3.959,0.253,0.735,1
8952,108,38.284,14.564,9.442,0.926,15.232,10.119,1.543,0.648,0.911,0
1428,128,42.87,16.626,9.803,0.875,17.088,10.733,1.696,0.59,0.914,0
4724,196,77.497,29.733,8.393,0.41,32.65,11.88,3.542,0.282,0.698,1
9878,123,42.87,16.576,9.448,0.841,17.088,10.436,1.754,0.57,0.911,0
2444,104,37.456,14.142,9.364,0.932,14.765,9.899,1.51,0.662,0.924,0
6480,225,92.569,28.537,10.039,0.33,33.734,14.337,2.843,0.352,0.554,1
869,99,38.627,14.831,8.499,0.834,15.232,9.099,1.745,0.573,0.9,0
1758,225,78.083,28.677,9.99,0.464,28.844,12.544,2.871,0.348,0.768,-1
6834,179,76.912,28.816,7.909,0.38,29.411,10.886,3.643,0.274,0.629,1
9397,238,108.953,31.151,9.728,0.252,38.275,16.566,3.202,0.312,0.447,1
4830,119,42.042,14.44,10.493,0.846,15.652,11.0,1.376,0.727,0.919,0
10285,94,37.456,13.972,8.566,0.842,15.0,9.192,1.631,0.613,0.891,0
5666,177,82.225,32.5,6.934,0.329,34.015,10.644,4.687,0.213,0.567,1
9768,180,74.083,24.916,9.198,0.412,28.018,12.747,2.709,0.369,0.664,1
8165,75,31.213,11.018,8.667,0.967,11.662,9.192,1.271,0.787,0.915,0
8597,124,40.87,14.666,10.765,0.933,15.264,11.314,1.362,0.734,0.922,0
8603,121,41.456,14.933,10.317,0.885,15.811,10.889,1.448,0.691,0.896,0
8450,87,34.627,13.237,8.368,0.912,13.601,9.0,1.582,0.632,0.897,0
6564,133,48.042,18.531,9.138,0.724,20.1,9.0,2.028,0.493,0.914,0
3807,233,98.326,39.386,7.532,0.303,41.437,10.607,5.229,0.191,0.72,1
2041,89,35.698,13.749,8.242,0.878,13.892,8.485,1.668,0.599,0.899,0
9046,124,42.042,15.821,9.979,0.882,16.492,10.0,1.585,0.631,0.919,0
5777,119,40.284,13.798,10.981,0.921,14.56,11.0,1.256,0.796,0.915,0
10501,85,33.799,13.269,8.156,0.935,13.892,8.944,1.627,0.615,0.929,0
611,87,35.213,13.143,8.428,0.882,13.601,8.825,1.56,0.641,0.902,0
4372,217,89.154,34.355,8.042,0.343,37.537,11.999,4.272,0.234,0.613,1
7020,176,67.355,27.719,8.084,0.488,28.636,10.791,3.429,0.292,0.744,1
7632,176,84.083,30.401,7.371,0.313,33.956,10.95,4.124,0.242,0.595,1
7752,86,33.456,11.266,9.719,0.966,12.083,9.899,1.159,0.863,0.91,0
5204,402,155.681,54.583,9.377,0.208,66.287,13.237,5.821,0.172,0.647,-1
3692,209,87.012,33.099,8.04,0.347,36.222,10.674,4.117,0.243,0.66,1
6412,197,80.569,32.454,7.729,0.381,33.601,10.607,4.199,0.238,0.66,1
4447,133,43.941,15.678,10.801,0.866,16.553,11.314,1.451,0.689,0.911,0
10136,278,99.64,23.462,15.086,0.352,29.967,20.545,1.555,0.643,0.642,-1
1268,175,59.113,22.266,10.007,0.629,24.187,11.0,2.225,0.449,0.858,1
7274,177,75.598,27.98,8.054,0.389,30.083,10.655,3.474,0.288,0.654,1
10102,214,101.054,34.237,7.958,0.263,42.19,11.397,4.302,0.232,0.539,1
9897,156,89.154,24.097,8.243,0.247,35.355,12.0,2.924,0.342,0.488,1
5685,138,49.113,17.968,9.779,0.719,20.248,10.733,1.838,0.544,0.865,0
1915,128,44.042,16.469,9.896,0.829,17.493,10.733,1.664,0.601,0.898,0
5208,248,114.468,42.559,7.419,0.238,48.466,11.421,5.736,0.174,0.536,1
8655,203,57.941,21.848,11.83,0.76,22.847,13.0,1.847,0.541,0.892,0
1065,119,44.042,16.121,9.399,0.771,18.028,10.896,1.715,0.583,0.878,0
1583,135,43.456,16.459,10.443,0.898,17.088,11.0,1.576,0.635,0.915,0
7860,87,34.627,13.229,8.374,0.912,13.928,9.0,1.58,0.633,0.916,0
9119,110,38.284,14.224,9.847,0.943,14.765,10.6,1.445,0.692,0.913,0
519,184,90.184,31.72,7.386,0.284,38.21,10.945,4.295,0.233,0.595,1
4329,225,91.296,37.292,7.682,0.339,40.46,12.021,4.854,0.206,0.656,1
8547,150,48.284,19.209,9.943,0.809,19.647,10.522,1.932,0.518,0.912,0
7189,174,75.941,31.526,7.027,0.379,32.249,9.0,4.486,0.223,0.733,1
356,120,41.456,16.396,9.319,0.877,17.088,10.0,1.76,0.568,0.923,0
1780,126,42.042,16.288,9.85,0.896,17.0,10.786,1.654,0.605,0.923,0
2141,99,36.87,13.504,9.334,0.915,14.318,9.899,1.447,0.691,0.912,0
3790,169,70.083,23.122,9.306,0.432,27.514,12.824,2.485,0.402,0.687,1
4854,216,83.74,32.252,8.527,0.387,33.526,11.676,3.782,0.264,0.691,1
2491,162,75.113,30.336,6.799,0.361,32.388,9.0,4.462,0.224,0.709,1
5313,97,35.799,12.704,9.722,0.951,13.416,10.0,1.307,0.765,0.928,0
4696,82,52.527,13.56,7.7,0.373,18.868,12.481,1.761,0.568,0.599,-1
1773,68,29.799,11.597,7.466,0.962,12.083,8.0,1.553,0.644,0.913,0
7520,95,36.042,12.927,9.357,0.919,13.601,10.0,1.382,0.724,0.913,0
6923,192,78.912,32.126,7.61,0.387,32.894,10.733,4.222,0.237,0.646,1
10480,117,51.113,19.102,7.799,0.563,21.954,9.585,2.449,0.408,0.78,1
2664,206,87.154,34.871,7.522,0.341,38.013,11.435,4.636,0.216,0.642,1
7784,206,91.983,30.049,8.729,0.306,36.401,13.307,3.442,0.29,0.549,1
291,227,96.569,31.604,9.145,0.306,36.249,13.681,3.456,0.289,0.572,1
8428,74,31.213,11.67,8.074,0.954,12.53,8.825,1.445,0.692,0.908,0
9002,92,34.627,12.892,9.086,0.964,13.601,9.0,1.419,0.705,0.925,0
8838,166,52.627,22.18,9.529,0.753,21.84,9.864,2.328,0.43,0.93,0
4890,303,122.024,36.057,10.699,0.256,52.839,15.933,3.37,0.297,0.595,-1
4880,206,76.326,30.585,8.576,0.444,31.906,12.203,3.566,0.28,0.699,1
7235,224,92.569,29.665,9.614,0.328,35.847,13.475,3.085,0.324,0.612,1
1586,134,43.698,17.02,10.024,0.882,17.493,10.607,1.698,0.589,0.924,0
7932,112,40.385,15.96,8.935,0.863,16.155,9.0,1.786,0.56,0.941,0
10252,81,32.627,12.728,8.103,0.956,13.342,8.0,1.571,0.637,0.926,0
6292,107,38.627,14.203,9.592,0.901,14.765,10.119,1.481,0.675,0.922,0
7404,107,58.426,18.145,7.508,0.394,21.587,10.966,2.417,0.414,0.61,-1
799,109,44.87,15.076,9.205,0.68,17.088,10.522,1.638,0.611,0.807,1
4132,144,44.284,14.992,12.23,0.923,15.811,13.0,1.226,0.816,0.92,0
5217,161,67.012,27.159,7.548,0.451,27.731,10.286,3.598,0.278,0.714,1
221,142,49.113,17.836,10.137,0.74,18.788,11.461,1.759,0.568,0.858,0
9069,108,39.698,15.108,9.102,0.861,15.652,9.839,1.66,0.602,0.904,0
4191,124,42.042,14.743,10.709,0.882,15.264,11.18,1.377,0.726,0.912,0
10433,89,35.456,14.066,8.056,0.89,14.422,8.8,1.746,0.573,0.894,0
4190,130,47.456,19.148,8.644,0.725,19.647,9.0,2.215,0.451,0.887,1
7599,102,36.627,12.545,10.352,0.955,13.416,11.0,1.212,0.825,0.923,0
1827,202,53.113,18.731,13.731,0.9,20.248,14.849,1.364,0.733,0.924,-1
4449,64,33.213,11.868,6.866,0.729,13.0,7.484,1.728,0.579,0.831,-1
2793,77,48.284,11.346,8.641,0.415,14.213,10.85,1.313,0.762,0.748,-1
7441,377,178.468,67.809,7.079,0.149,79.158,11.538,9.579,0.104,0.516,-1
10404,116,46.87,17.263,8.556,0.664,19.105,9.0,2.018,0.496,0.869,0
6586,118,43.113,16.223,9.261,0.798,17.088,10.213,1.752,0.571,0.881,0
4745,123,50.527,20.41,7.673,0.605,21.471,9.944,2.66,0.376,0.815,1
6469,185,74.669,30.359,7.759,0.417,32.249,10.674,3.913,0.256,0.724,1
901,99,38.284,15.715,8.021,0.849,16.125,8.875,1.959,0.51,0.904,0
5357,169,66.184,25.622,8.398,0.485,27.203,11.155,3.051,0.328,0.753,1
6782,185,79.497,30.418,7.744,0.368,33.242,11.421,3.928,0.255,0.647,1
3231,189,80.77,23.701,10.153,0.364,29.155,14.706,2.334,0.428,0.576,1
1820,134,45.698,16.877,10.109,0.806,17.493,10.733,1.669,0.599,0.905,0
185,67,58.77,16.605,5.137,0.244,21.84,9.747,3.232,0.309,0.45,-1
5517,108,38.87,14.237,9.659,0.898,14.866,10.607,1.474,0.678,0.911,0
9185,62,29.556,12.244,6.447,0.892,12.369,6.0,1.899,0.527,0.947,0
1158,100,37.799,14.54,8.757,0.88,14.866,9.0,1.66,0.602,0.926,0
8729,127,40.284,14.692,11.006,0.983,15.524,11.0,1.335,0.749,0.937,0
4891,225,101.296,40.853,7.012,0.276,44.721,11.524,5.826,0.172,0.609,1
559,115,40.284,16.499,8.875,0.891,17.029,9.192,1.859,0.538,0.927,0
1933,137,51.355,19.971,8.734,0.653,21.633,10.607,2.287,0.437,0.838,1
10500,89,36.042,14.084,8.046,0.861,14.765,8.944,1.75,0.571,0.904,0
3169,271,108.225,38.528,8.956,0.291,42.202,13.072,4.302,0.232,0.603,1
1373,110,40.042,15.485,9.045,0.862,15.811,9.944,1.712,0.584,0.913,0
10192,215,97.983,40.023,6.84,0.281,43.463,10.195,5.851,0.171,0.648,1
5050,142,44.87,15.279,11.833,0.886,16.553,12.522,1.291,0.774,0.916,0
5960,343,122.225,49.867,8.758,0.289,50.249,13.0,5.694,0.176,0.634,1
855,100,38.042,14.844,8.578,0.868,15.524,9.0,1.73,0.578,0.917,0
8219,99,37.213,14.476,8.708,0.898,14.866,9.0,1.662,0.602,0.912,0
2595,159,70.326,27.735,7.299,0.404,29.682,10.733,3.8,0.263,0.658,1
7298,141,70.77,26.918,6.669,0.354,29.428,9.337,4.036,0.248,0.648,1
2120,84,32.87,12.11,8.831,0.977,12.53,9.192,1.371,0.729,0.908,0
2780,80,34.385,11.843,8.601,0.85,13.416,9.0,1.377,0.726,0.889,-1
9861,94,36.627,13.696,8.739,0.88,14.318,9.391,1.567,0.638,0.908,0
1159,195,63.698,28.408,8.74,0.604,27.203,9.734,3.25,0.308,0.867,-1
3083,261,118.468,39.395,8.435,0.234,49.98,12.834,4.67,0.214,0.499,1
5973,114,41.213,14.861,9.767,0.843,15.811,10.651,1.522,0.657,0.912,0
609,348,99.355,45.016,9.843,0.443,42.297,11.0,4.573,0.219,0.871,-1
71,115,39.456,14.375,10.186,0.928,15.0,10.607,1.411,0.709,0.924,0
407,168,56.77,20.708,10.329,0.655,22.136,12.075,2.005,0.499,0.814,1
8483,248,114.468,39.758,7.942,0.238,49.649,12.033,5.006,0.2,0.573,-1
4633,176,81.497,32.237,6.951,0.333,34.886,10.733,4.637,0.216,0.647,1
2917,208,109.397,38.61,6.859,0.218,45.222,13.422,5.629,0.178,0.478,1
7108,165,64.184,21.867,9.607,0.503,24.597,12.69,2.276,0.439,0.728,1
7673,227,110.61,28.136,10.273,0.233,42.059,20.384,2.739,0.365,0.454,1
3787,236,107.296,37.808,7.948,0.258,42.544,12.12,4.757,0.21,0.572,1
3265,253,93.882,26.574,12.122,0.361,33.956,17.641,2.192,0.456,0.59,1
8286,104,38.87,14.853,8.915,0.865,15.264,9.707,1.666,0.6,0.904,0
9975,214,115.497,38.003,7.17,0.202,49.366,11.04,5.3,0.189,0.493,1
5609,71,29.556,9.785,9.239,1.0,10.817,9.0,1.059,0.944,0.953,0
836,105,38.627,14.479,9.233,0.884,15.264,10.286,1.568,0.638,0.917,0
456,111,40.284,15.765,8.965,0.86,16.553,9.775,1.758,0.569,0.899,0
2581,301,132.61,52.676,7.275,0.215,56.365,11.18,7.24,0.138,0.524,1
5209,107,38.627,14.044,9.701,0.901,14.56,10.0,1.448,0.691,0.915,0
7578,121,55.941,18.349,8.396,0.486,21.401,10.587,2.185,0.458,0.699,1
6440,238,98.083,35.897,8.442,0.311,41.629,13.952,4.252,0.235,0.599,1
4251,184,74.569,23.22,10.089,0.416,28.231,13.852,2.301,0.435,0.659,1
3866,215,89.397,32.822,8.34,0.338,36.359,11.488,3.935,0.254,0.627,1
1833,99,35.799,13.545,9.306,0.971,13.928,9.0,1.456,0.687,0.943,0
10067,186,75.983,27.986,8.462,0.405,31.89,11.314,3.307,0.302,0.703,1
8277,97,37.799,15.04,8.212,0.853,15.297,8.0,1.832,0.546,0.928,0
100,182,62.77,20.215,11.464,0.58,23.707,13.864,1.763,0.567,0.788,1
10007,320,93.64,43.275,9.415,0.459,41.049,10.633,4.596,0.218,0.833,-1
9583,118,41.113,15.693,9.574,0.877,16.125,10.6,1.639,0.61,0.894,0
4879,157,70.426,25.444,7.857,0.398,29.155,11.068,3.239,0.309,0.704,1
1753,139,44.284,16.294,10.862,0.891,16.643,11.4,1.5,0.667,0.914,0
4453,84,37.213,13.907,7.69,0.762,15.62,9.153,1.808,0.553,0.875,0
5310,109,37.799,13.389,10.365,0.959,13.928,10.0,1.292,0.774,0.944,0
3189,196,81.497,31.076,8.03,0.371,33.242,11.0,3.87,0.258,0.672,1
4482,250,66.426,24.346,13.074,0.712,24.698,14.709,1.862,0.537,0.865,-1
2045,88,34.87,12.621,8.878,0.909,13.416,9.192,1.422,0.703,0.898,0
10460,78,33.799,13.57,7.318,0.858,13.928,7.761,1.854,0.539,0.907,0
6584,256,84.426,25.004,13.036,0.451,31.89,18.083,1.918,0.521,0.718,-1
4098,127,42.527,16.807,9.621,0.882,17.205,9.899,1.747,0.572,0.91,0
7043,361,117.64,44.051,10.434,0.328,43.566,15.921,4.222,0.237,0.689,-1
7025,227,101.054,35.359,8.174,0.279,40.853,11.836,4.326,0.231,0.548,1
1715,127,42.87,16.438,9.837,0.868,17.088,10.733,1.671,0.598,0.92,0
9912,96,34.627,12.709,9.617,1.0,13.416,10.0,1.321,0.757,0.937,0
8269,114,41.213,16.464,8.816,0.843,16.492,9.0,1.867,0.536,0.923,0
10498,86,33.213,12.796,8.557,0.98,13.601,9.192,1.495,0.669,0.935,0
5875,176,73.497,29.022,7.721,0.409,30.463,10.902,3.759,0.266,0.693,1
5827,177,61.255,22.414,10.055,0.593,23.409,12.652,2.229,0.449,0.768,1
10554,82,33.799,13.482,7.744,0.902,13.601,8.0,1.741,0.574,0.911,0
2471,276,135.539,44.949,7.818,0.189,56.613,13.555,5.749,0.174,0.451,1
10303,85,33.213,12.142,8.913,0.968,13.0,9.0,1.362,0.734,0.934,0
2114,84,33.799,12.347,8.662,0.924,13.038,9.0,1.425,0.702,0.923,0
864,61,28.385,10.027,7.746,0.951,10.77,8.0,1.294,0.773,0.91,0
2481,280,111.539,39.086,9.121,0.283,42.802,13.435,4.285,0.233,0.598,1
8915,110,38.627,14.272,9.814,0.926,14.866,10.0,1.454,0.688,0.928,0
9118,168,57.941,21.497,9.95,0.629,23.409,12.075,2.16,0.463,0.824,0
8121,108,39.113,15.726,8.744,0.887,15.811,9.192,1.798,0.556,0.908,0
8129,203,52.527,17.653,14.641,0.925,18.439,15.0,1.206,0.829,0.925,0
10055,105,37.456,13.377,9.994,0.941,14.318,10.0,1.338,0.747,0.917,0
7543,111,38.527,13.595,10.396,0.94,14.56,10.607,1.308,0.765,0.906,0
7828,200,82.77,32.317,7.88,0.367,35.128,10.377,4.101,0.244,0.745,1
6550,149,78.326,24.401,7.775,0.305,32.573,11.81,3.138,0.319,0.564,1
654,59,26.971,9.5,7.907,1.0,10.296,8.0,1.201,0.832,0.937,0
338,142,55.012,21.658,8.348,0.59,22.804,10.4,2.594,0.385,0.782,1
1041,92,35.456,12.547,9.336,0.92,13.601,10.0,1.344,0.744,0.893,0
5596,118,40.87,14.561,10.318,0.888,15.62,11.314,1.411,0.709,0.897,0
9125,115,38.627,13.475,10.866,0.969,14.318,11.0,1.24,0.806,0.939,0
6614,94,43.113,15.406,7.769,0.636,16.492,10.0,1.983,0.504,0.81,-1
8125,113,42.042,16.363,8.793,0.803,17.088,9.414,1.861,0.537,0.897,0
1685,117,41.113,15.559,9.574,0.87,16.553,10.607,1.625,0.615,0.893,0
3269,249,96.569,28.728,11.036,0.336,32.016,15.556,2.603,0.384,0.565,1
3021,201,93.497,37.489,6.827,0.289,40.162,10.536,5.492,0.182,0.569,1
23,65,29.213,9.608,8.613,0.957,10.44,9.0,1.116,0.896,0.897,0
8474,196,96.811,34.772,7.177,0.263,38.013,11.158,4.845,0.206,0.566,1
8200,205,103.64,44.126,5.915,0.24,45.651,10.254,7.46,0.134,0.614,1
3779,155,70.426,27.483,7.181,0.393,29.155,10.145,3.827,0.261,0.654,1
9468,126,40.042,14.312,11.209,0.988,15.264,12.0,1.277,0.783,0.94,0
6173,209,94.61,28.907,9.206,0.293,36.892,15.433,3.14,0.318,0.53,1
1837,125,41.456,15.206,10.466,0.914,15.811,11.0,1.453,0.688,0.916,0
9308,103,38.284,14.289,9.178,0.883,15.297,10.0,1.557,0.642,0.892,0
9526,267,106.125,42.608,7.979,0.298,42.802,11.534,5.34,0.187,0.625,1
9277,103,38.627,14.61,8.976,0.867,15.524,9.0,1.628,0.614,0.92,0
4905,200,77.497,25.582,9.954,0.418,29.12,14.138,2.57,0.389,0.658,1
7029,92,34.385,11.425,10.253,0.978,12.207,10.0,1.114,0.897,0.939,0
683,395,72.426,22.738,22.119,0.946,23.77,22.0,1.028,0.973,0.948,-1
4789,194,76.669,28.735,8.596,0.415,31.385,12.444,3.343,0.299,0.655,1
4436,183,70.083,27.555,8.456,0.468,29.682,10.955,3.259,0.307,0.758,1
8508,126,42.284,16.271,9.86,0.886,17.088,10.672,1.65,0.606,0.91,0
10428,65,28.971,10.186,8.125,0.973,11.18,8.0,1.254,0.798,0.929,0
6427,177,77.355,30.781,7.322,0.372,33.242,10.0,4.204,0.238,0.715,1
8680,97,36.042,13.043,9.469,0.938,13.601,10.0,1.377,0.726,0.907,0
4856,183,75.841,19.48,11.961,0.4,23.431,16.737,1.629,0.614,0.607,1
5296,109,39.456,14.381,9.65,0.88,14.866,10.286,1.49,0.671,0.905,0
10253,72,30.385,9.963,9.202,0.98,10.817,9.0,1.083,0.924,0.929,0
3527,245,96.083,36.447,8.559,0.333,41.231,12.254,4.258,0.235,0.723,1
6633,148,61.355,22.634,8.326,0.494,25.612,10.607,2.719,0.368,0.733,1
10289,82,33.213,12.24,8.53,0.934,13.0,9.0,1.435,0.697,0.921,0
3283,130,61.355,23.5,7.043,0.434,26.401,10.119,3.337,0.3,0.739,1
5386,176,60.184,24.906,8.998,0.611,25.239,10.976,2.768,0.361,0.824,1
569,117,42.042,16.626,8.96,0.832,17.088,9.656,1.856,0.539,0.921,0
7349,188,80.77,33.617,7.12,0.362,34.366,10.0,4.721,0.212,0.72,1
814,103,39.213,15.977,8.208,0.842,16.492,8.0,1.947,0.514,0.941,0
948,199,90.225,35.95,7.048,0.307,39.115,9.507,5.101,0.196,0.628,1
4718,310,83.74,27.841,14.177,0.556,30.806,16.748,1.964,0.509,0.798,-1
1667,123,43.698,14.727,10.634,0.809,16.155,11.384,1.385,0.722,0.872,0
5402,107,38.87,13.861,9.829,0.89,14.765,10.6,1.41,0.709,0.895,0
7379,134,60.184,21.89,7.794,0.465,24.042,11.184,2.808,0.356,0.715,0
5811,178,70.77,28.26,8.02,0.447,29.428,10.0,3.524,0.284,0.748,1
104,116,47.698,17.868,8.266,0.641,19.209,9.8,2.162,0.463,0.811,1
3616,114,40.284,14.994,9.681,0.883,15.652,10.539,1.549,0.646,0.908,0
9304,131,42.627,15.845,10.527,0.906,16.553,11.0,1.505,0.664,0.939,0
329,181,76.77,30.513,7.553,0.386,31.321,10.14,4.04,0.248,0.679,1
1401,106,37.456,13.322,10.131,0.949,13.892,10.607,1.315,0.76,0.922,0
1100,93,36.971,14.705,8.053,0.855,14.866,8.0,1.826,0.548,0.93,0
7118,167,75.154,32.563,6.53,0.372,33.971,9.839,4.987,0.201,0.7,1
1897,194,63.255,19.892,12.418,0.609,22.361,14.311,1.602,0.624,0.812,1
7218,200,94.326,32.114,7.93,0.282,38.484,12.776,4.05,0.247,0.548,1
9872,125,41.456,15.996,9.95,0.914,16.553,10.585,1.608,0.622,0.926,0
3575,205,92.468,32.332,8.073,0.301,36.892,12.43,4.005,0.25,0.589,1
4842,147,63.598,22.533,8.306,0.457,25.495,11.316,2.713,0.369,0.731,1
5823,141,57.012,23.493,7.642,0.545,23.854,10.262,3.074,0.325,0.75,1
8894,329,98.569,34.402,12.177,0.426,40.706,16.282,2.825,0.354,0.714,-1
6684,208,80.083,31.356,8.446,0.408,32.28,11.652,3.712,0.269,0.679,1
1169,112,40.284,16.345,8.724,0.867,16.643,9.391,1.873,0.534,0.914,0
10355,75,32.042,12.448,7.671,0.918,13.0,8.497,1.623,0.616,0.893,0
6540,114,52.184,19.967,7.269,0.526,22.672,9.192,2.747,0.364,0.77,1
4321,147,53.598,19.208,9.744,0.643,20.616,12.067,1.971,0.507,0.805,1
2066,71,30.385,11.12,8.129,0.966,11.705,8.0,1.368,0.731,0.928,0
9896,171,84.669,21.831,9.973,0.3,30.083,14.546,2.189,0.457,0.522,1
5964,193,76.326,25.749,9.543,0.416,29.206,13.187,2.698,0.371,0.639,1
2108,71,30.627,11.407,7.925,0.951,12.166,8.0,1.439,0.695,0.904,0
2888,214,101.497,31.616,8.618,0.261,39.217,14.246,3.669,0.273,0.519,1
9960,218,95.054,23.016,12.06,0.303,29.155,21.485,1.909,0.524,0.528,1
2779,216,85.255,33.733,8.153,0.373,34.525,12.115,4.138,0.242,0.637,1
10223,76,61.497,23.06,4.196,0.253,26.907,6.726,5.495,0.182,0.547,-1
4039,164,65.255,25.265,8.265,0.484,27.295,11.616,3.057,0.327,0.737,1
2320,118,40.042,14.472,10.382,0.925,15.232,11.0,1.394,0.717,0.915,0
4235,221,78.083,28.162,9.992,0.455,29.547,13.868,2.819,0.355,0.653,1
6753,190,74.669,25.473,9.497,0.428,30.017,12.737,2.682,0.373,0.673,1
2751,158,69.113,27.023,7.444,0.416,29.275,10.0,3.63,0.275,0.745,1
6423,245,112.953,33.459,9.323,0.241,42.19,14.486,3.589,0.279,0.502,1
2064,88,34.627,12.346,9.075,0.922,13.038,9.707,1.36,0.735,0.907,0
1694,84,34.042,12.901,8.29,0.911,13.601,8.485,1.556,0.643,0.913,0
7041,186,78.326,23.458,10.095,0.381,27.019,13.597,2.324,0.43,0.604,1
6014,157,64.669,20.196,9.898,0.472,24.352,12.404,2.04,0.49,0.699,1
4350,211,80.669,28.175,9.535,0.407,31.305,14.299,2.955,0.338,0.627,1
9692,56,26.142,8.465,8.423,1.0,9.434,8.0,1.005,0.995,0.949,0
10339,92,35.799,14.226,8.234,0.902,14.56,8.0,1.728,0.579,0.939,0
2575,261,110.468,30.004,11.076,0.269,37.643,17.393,2.709,0.369,0.46,1
8426,72,30.971,10.658,8.602,0.943,11.662,9.0,1.239,0.807,0.917,0
8580,143,47.113,18.761,9.705,0.81,19.235,10.733,1.933,0.517,0.905,0
3686,156,66.77,21.041,9.44,0.44,24.413,12.728,2.229,0.449,0.683,1
6794,244,101.882,38.072,8.16,0.295,42.485,13.146,4.666,0.214,0.575,1
2556,224,104.669,42.671,6.684,0.257,45.398,9.758,6.384,0.157,0.649,1
2955,234,102.468,37.576,7.929,0.28,39.925,11.996,4.739,0.211,0.567,1
3050,102,37.456,14.148,9.179,0.914,14.866,9.803,1.541,0.649,0.911,0
2611,201,76.912,28.241,9.062,0.427,29.614,12.088,3.116,0.321,0.68,1
4051,134,42.284,14.851,11.488,0.942,15.811,12.021,1.293,0.774,0.924,0
21,120,41.941,16.578,9.216,0.857,16.643,9.192,1.799,0.556,0.913,0
8449,108,40.284,16.004,8.592,0.836,16.401,9.192,1.863,0.537,0.908,0
2281,147,61.355,23.422,7.991,0.491,24.698,11.236,2.931,0.341,0.714,1
5084,191,79.983,29.681,8.193,0.375,34.482,12.075,3.623,0.276,0.696,1
3908,215,95.497,41.217,6.642,0.296,42.379,9.701,6.206,0.161,0.667,1
1032,107,39.213,15.293,8.909,0.874,15.811,9.0,1.717,0.583,0.926,0
2227,55,34.042,9.435,7.423,0.596,10.77,8.497,1.271,0.787,0.803,-1
6322,91,34.042,12.332,9.396,0.987,13.038,9.899,1.312,0.762,0.924,0
1225,74,31.799,11.642,8.093,0.92,12.728,8.485,1.439,0.695,0.914,0
1293,134,55.598,18.5,9.222,0.545,20.881,12.0,2.006,0.499,0.751,1
612,86,35.213,12.113,9.04,0.872,13.416,10.0,1.34,0.746,0.887,0
1829,91,33.799,11.685,9.916,1.0,12.53,10.0,1.178,0.849,0.933,0
2477,212,86.912,29.693,9.091,0.353,32.28,14.05,3.266,0.306,0.594,1
7508,116,39.698,14.375,10.275,0.925,14.866,10.817,1.399,0.715,0.906,0
10276,81,33.799,12.974,7.949,0.891,13.601,8.0,1.632,0.613,0.915,0
1953,100,36.87,13.6,9.362,0.924,14.318,10.262,1.453,0.688,0.901,0
3358,245,113.782,40.922,7.623,0.238,48.166,12.488,5.368,0.186,0.516,1
8220,97,36.87,13.94,8.86,0.897,14.866,9.391,1.573,0.636,0.902,0
9260,198,86.326,26.351,9.567,0.334,29.732,15.174,2.754,0.363,0.565,1
5236,165,71.74,26.548,7.913,0.403,29.833,11.49,3.355,0.298,0.671,1
5279,124,42.87,15.484,10.196,0.848,16.492,11.0,1.519,0.659,0.905,0
5607,101,36.87,13.38,9.611,0.934,13.892,9.899,1.392,0.718,0.918,0
2131,107,38.042,13.917,9.789,0.929,14.56,10.0,1.422,0.703,0.922,0
1943,119,40.87,15.437,9.815,0.895,16.155,10.733,1.573,0.636,0.919,0
4385,141,56.184,21.12,8.5,0.561,22.847,11.18,2.485,0.402,0.779,1
1784,106,37.799,13.609,9.917,0.932,14.318,10.0,1.372,0.729,0.93,0
1009,107,40.385,16.638,8.188,0.824,16.492,8.0,2.032,0.492,0.934,0
9212,110,38.87,14.729,9.509,0.915,15.524,10.0,1.549,0.646,0.913,0
5690,217,87.983,31.928,8.654,0.352,36.892,12.776,3.69,0.271,0.64,1
6171,202,72.083,27.472,9.362,0.489,28.071,11.18,2.934,0.341,0.74,-1
6045,208,93.255,34.067,7.774,0.301,37.336,10.569,4.382,0.228,0.583,1
1206,91,40.87,17.416,6.653,0.685,18.028,7.889,2.618,0.382,0.871,0
1754,123,42.042,16.096,9.73,0.874,16.763,10.0,1.654,0.605,0.925,0
10127,189,78.326,29.51,8.155,0.387,33.015,11.975,3.619,0.276,0.623,1
4085,97,36.042,13.095,9.431,0.938,13.928,10.0,1.389,0.72,0.924,0
4866,186,70.426,25.68,9.222,0.471,28.425,12.454,2.785,0.359,0.711,1
8258,88,35.213,13.278,8.439,0.892,13.928,8.974,1.573,0.636,0.907,0
9126,130,42.284,15.785,10.486,0.914,16.401,11.314,1.505,0.664,0.919,0
2139,84,33.213,11.896,8.991,0.957,12.649,9.0,1.323,0.756,0.923,0
7853,86,35.456,14.291,7.662,0.86,14.765,8.4,1.865,0.536,0.905,0
10371,75,32.627,13.138,7.268,0.885,13.601,7.778,1.808,0.553,0.909,0
9182,236,98.326,32.676,9.196,0.307,37.577,13.582,3.553,0.281,0.551,1
8571,126,46.87,19.197,8.357,0.721,19.698,9.099,2.297,0.435,0.89,0
1960,132,42.627,15.64,10.746,0.913,16.155,11.0,1.455,0.687,0.933,0
6462,111,39.213,13.122,10.77,0.907,14.422,11.0,1.218,0.821,0.914,0
4280,181,68.669,28.218,8.167,0.482,29.155,10.717,3.455,0.289,0.753,1
9889,192,87.397,28.843,8.476,0.316,33.615,13.885,3.403,0.294,0.522,1
7542,80,31.799,10.232,9.955,0.994,11.18,10.0,1.028,0.973,0.93,0
2487,133,44.042,17.522,9.664,0.862,17.464,10.0,1.813,0.552,0.927,0
9606,198,87.64,29.635,8.507,0.324,33.015,12.434,3.484,0.287,0.559,1
787,86,50.77,21.936,4.992,0.419,21.471,7.647,4.395,0.228,0.672,-1
3407,155,63.012,23.188,8.511,0.491,24.739,10.0,2.724,0.367,0.731,1
9840,279,127.882,36.658,9.69,0.214,46.141,16.968,3.783,0.264,0.457,1
10174,175,79.74,30.009,7.425,0.346,32.45,10.515,4.042,0.247,0.597,1
6534,155,77.355,28.208,6.996,0.326,33.061,10.0,4.032,0.248,0.646,1
4761,67,34.87,11.456,7.447,0.692,13.892,8.485,1.538,0.65,0.843,-1
9109,274,106.326,41.523,8.402,0.305,44.283,11.471,4.942,0.202,0.639,1
8126,69,29.799,9.851,8.918,0.976,10.77,9.0,1.105,0.905,0.914,0
8218,103,36.971,12.798,10.247,0.947,13.416,10.0,1.249,0.801,0.941,0
4455,74,32.042,11.43,8.243,0.906,12.042,8.485,1.387,0.721,0.892,0
7829,131,43.698,16.157,10.323,0.862,17.0,11.18,1.565,0.639,0.923,0
8071,87,34.87,13.338,8.305,0.899,13.601,8.485,1.606,0.623,0.906,0
974,244,106.225,35.497,8.752,0.272,43.046,13.433,4.056,0.247,0.54,1
5552,229,88.912,32.064,9.093,0.364,34.438,12.862,3.526,0.284,0.627,1
3062,114,40.042,15.049,9.645,0.893,15.652,10.186,1.56,0.641,0.916,0
10361,82,32.87,12.644,8.257,0.954,13.038,8.485,1.531,0.653,0.911,0
9751,67,29.799,9.681,8.811,0.948,10.44,9.0,1.099,0.91,0.899,0
6949,214,87.497,31.437,8.667,0.351,34.205,12.903,3.627,0.276,0.605,1
472,155,61.598,24.707,7.988,0.513,26.627,10.054,3.093,0.323,0.771,1
7174,162,62.77,23.025,8.958,0.517,26.249,11.314,2.57,0.389,0.77,1
4362,182,73.154,29.372,7.889,0.427,30.414,10.6,3.723,0.269,0.708,1
9073,106,38.284,14.95,9.028,0.909,15.264,9.192,1.656,0.604,0.922,0
1307,114,39.456,13.793,10.523,0.92,14.56,11.0,1.311,0.763,0.912,0
1872,116,40.385,15.719,9.396,0.894,16.155,9.0,1.673,0.598,0.951,0
4963,199,80.326,29.018,8.732,0.388,32.558,12.234,3.323,0.301,0.634,1
6641,194,82.184,33.242,7.431,0.361,33.734,10.686,4.474,0.224,0.628,1
8180,113,40.284,16.187,8.888,0.875,16.553,9.487,1.821,0.549,0.911,0
878,145,43.698,14.22,12.983,0.954,15.264,13.435,1.095,0.913,0.918,0
4427,131,43.698,15.682,10.636,0.862,16.643,11.314,1.474,0.678,0.919,0
782,104,40.284,16.447,8.051,0.805,16.553,8.575,2.043,0.49,0.893,0
8433,115,41.698,16.951,8.638,0.831,17.205,9.37,1.962,0.51,0.898,0
6190,199,82.326,34.229,7.402,0.369,35.847,10.262,4.624,0.216,0.717,1
8065,89,35.213,12.836,8.828,0.902,13.601,9.0,1.454,0.688,0.904,0
444,125,44.527,17.525,9.081,0.792,17.804,9.689,1.93,0.518,0.883,0
7602,124,42.284,16.093,9.811,0.872,17.205,10.607,1.64,0.61,0.905,0
7439,269,110.125,28.167,12.16,0.279,37.643,16.0,2.316,0.432,0.606,-1
8617,152,45.698,15.87,12.195,0.915,16.401,13.035,1.301,0.768,0.905,0
1802,124,42.042,15.785,10.002,0.882,16.155,10.733,1.578,0.634,0.922,0
7532,98,35.213,12.577,9.921,0.993,13.416,10.0,1.268,0.789,0.947,0
5900,193,86.083,31.556,7.787,0.327,36.056,12.025,4.052,0.247,0.629,1
9332,330,101.74,23.415,17.944,0.401,29.614,22.372,1.305,0.766,0.699,-1
7904,85,34.385,13.334,8.117,0.903,13.928,8.0,1.643,0.609,0.939,0
4855,200,78.083,30.886,8.245,0.412,32.016,10.607,3.746,0.267,0.677,1
3470,172,67.255,23.75,9.221,0.478,26.627,13.507,2.576,0.388,0.683,1
7954,110,40.627,16.103,8.698,0.837,16.279,9.0,1.851,0.54,0.902,0
9899,182,83.154,22.091,10.49,0.331,28.231,15.32,2.106,0.475,0.547,1
4535,116,40.042,14.359,10.286,0.909,15.232,10.956,1.396,0.716,0.921,0
3891,200,86.811,27.254,9.344,0.333,33.121,13.157,2.917,0.343,0.583,1
3795,113,40.042,13.446,10.7,0.886,14.422,11.8,1.257,0.796,0.9,0
1402,136,43.456,15.575,11.118,0.905,16.155,11.642,1.401,0.714,0.916,0
5567,170,69.355,27.375,7.907,0.444,28.443,11.309,3.462,0.289,0.707,1
6443,197,80.912,28.113,8.922,0.378,33.601,12.926,3.151,0.317,0.631,1
10029,165,69.012,24.545,8.559,0.435,27.203,11.682,2.868,0.349,0.679,1
4082,126,41.456,16.063,9.988,0.921,16.553,10.733,1.608,0.622,0.933,0
2665,152,71.355,25.289,7.653,0.375,29.833,10.0,3.305,0.303,0.677,1
4096,134,42.87,16.058,10.625,0.916,16.643,11.314,1.511,0.662,0.931,0
7589,181,52.527,19.948,11.553,0.824,20.248,12.075,1.727,0.579,0.91,0
3452,240,98.083,33.545,9.109,0.313,40.311,14.327,3.682,0.272,0.578,1
5193,174,75.255,27.755,7.982,0.386,29.682,11.558,3.477,0.288,0.612,1
9183,188,82.669,28.435,8.418,0.346,34.205,12.728,3.378,0.296,0.637,1
10116,230,116.811,36.027,8.129,0.212,46.271,13.933,4.432,0.226,0.465,1
6481,215,86.083,27.893,9.814,0.365,30.871,13.891,2.842,0.352,0.581,1
6027,203,77.497,27.462,9.412,0.425,31.623,12.352,2.918,0.343,0.714,1
6291,244,66.87,29.431,10.556,0.686,28.284,10.729,2.788,0.359,0.914,-1
8690,94,35.456,13.299,9.0,0.94,14.318,9.0,1.478,0.677,0.917,0
9365,264,112.368,38.431,8.746,0.263,45.541,15.006,4.394,0.228,0.521,1
9686,376,165.095,39.362,12.162,0.173,62.29,24.0,3.236,0.309,0.417,-1
4420,206,83.497,27.387,9.577,0.371,31.78,13.238,2.86,0.35,0.619,1
1077,120,42.77,16.461,9.282,0.824,16.643,9.8,1.773,0.564,0.886,0
9187,206,80.326,31.208,8.404,0.401,34.176,11.535,3.713,0.269,0.732,1
9440,136,43.698,16.36,10.584,0.895,17.0,11.18,1.546,0.647,0.913,0
5898,218,88.326,28.778,9.645,0.351,33.838,14.026,2.984,0.335,0.603,1
5571,173,66.326,26.599,8.281,0.494,28.018,10.607,3.212,0.311,0.778,1
405,183,69.841,22.347,10.426,0.471,25.71,13.713,2.143,0.467,0.702,1
3372,203,97.64,38.91,6.643,0.268,42.544,10.286,5.857,0.171,0.615,1
4407,201,77.74,29.093,8.797,0.418,32.65,12.566,3.307,0.302,0.684,1
7177,242,116.225,32.542,9.468,0.225,40.447,18.241,3.437,0.291,0.47,1
5818,179,78.912,27.146,8.396,0.361,32.28,12.445,3.233,0.309,0.634,1
10392,71,31.213,12.3,7.35,0.916,12.806,7.778,1.673,0.598,0.916,0
4729,204,82.569,34.233,7.588,0.376,35.847,10.733,4.512,0.222,0.703,1
1941,91,34.627,12.083,9.589,0.954,12.649,10.0,1.26,0.794,0.919,0
10416,90,37.113,13.957,8.21,0.821,14.318,9.0,1.7,0.588,0.878,0
1557,144,45.941,15.953,11.493,0.857,17.493,12.021,1.388,0.72,0.897,0
9298,148,71.355,28.16,6.692,0.365,28.862,9.676,4.208,0.238,0.655,1
411,52,27.556,11.397,5.809,0.861,11.705,6.0,1.962,0.51,0.912,0
579,118,41.456,16.523,9.093,0.863,17.263,9.0,1.817,0.55,0.922,0
7525,95,35.456,12.797,9.452,0.95,13.601,9.899,1.354,0.739,0.913,0
478,109,39.113,15.567,8.915,0.895,15.811,9.192,1.746,0.573,0.912,0
8172,92,34.627,13.027,8.992,0.964,13.601,9.0,1.449,0.69,0.925,0
4710,175,73.598,30.017,7.423,0.406,30.083,10.394,4.044,0.247,0.706,1
793,217,69.113,28.859,9.574,0.571,28.16,10.916,3.014,0.332,0.851,-1
2223,87,34.284,12.612,8.783,0.93,13.038,9.192,1.436,0.696,0.897,0
7132,267,105.154,28.971,11.734,0.303,34.015,19.615,2.469,0.405,0.521,1
10535,87,36.385,14.276,7.759,0.826,15.232,8.0,1.84,0.544,0.921,0
9938,87,36.627,13.432,8.247,0.815,14.56,8.944,1.629,0.614,0.888,0
1617,213,82.569,24.679,10.989,0.393,30.083,15.7,2.246,0.445,0.623,1
3841,226,104.569,36.35,7.916,0.26,41.785,11.828,4.592,0.218,0.533,1
401,232,90.569,31.733,9.309,0.355,34.176,13.282,3.409,0.293,0.652,1
4134,148,65.012,25.382,7.424,0.44,28.178,10.07,3.419,0.292,0.734,1
8424,87,34.627,13.208,8.387,0.912,13.928,9.0,1.575,0.635,0.926,0
1924,204,73.012,24.732,10.502,0.481,28.231,14.671,2.355,0.425,0.703,1
438,97,37.456,14.83,8.328,0.869,15.232,8.944,1.781,0.562,0.907,0
7754,122,41.799,15.826,9.815,0.877,16.155,10.0,1.612,0.62,0.935,0
109,204,92.225,36.111,7.193,0.301,39.825,10.607,5.02,0.199,0.596,1
5553,211,93.154,35.603,7.546,0.306,38.079,11.163,4.718,0.212,0.624,1
9786,485,214.451,54.254,11.382,0.133,88.6,19.081,4.767,0.21,0.396,-1
1136,86,32.627,11.131,9.837,1.0,12.083,10.0,1.132,0.884,0.925,0
2852,114,40.042,15.335,9.465,0.893,15.811,10.0,1.62,0.617,0.916,0
3530,220,101.539,38.059,7.36,0.268,45.343,10.879,5.171,0.193,0.587,1
5587,196,77.497,30.628,8.148,0.41,31.906,12.075,3.759,0.266,0.672,1
8052,122,45.113,17.755,8.749,0.753,18.028,9.391,2.029,0.493,0.881,0
3811,227,98.569,38.592,7.489,0.294,42.45,11.039,5.153,0.194,0.593,1
3815,170,80.426,31.314,6.912,0.33,34.482,10.436,4.53,0.221,0.68,1
7824,130,42.284,16.07,10.3,0.914,16.401,10.607,1.56,0.641,0.929,0
1118,196,64.042,28.848,8.651,0.601,27.893,9.303,3.335,0.3,0.899,-1
10365,52,38.87,8.271,8.005,0.432,12.207,9.858,1.033,0.968,0.627,-1
6929,131,47.456,16.368,10.19,0.731,18.682,11.0,1.606,0.623,0.868,0
6249,235,101.196,43.818,6.829,0.288,45.486,10.746,6.417,0.156,0.657,1
6210,182,80.083,32.588,7.111,0.357,35.355,11.06,4.583,0.218,0.684,1
371,125,46.284,17.249,9.227,0.733,18.028,10.752,1.869,0.535,0.865,0
6615,104,39.456,14.357,9.223,0.839,15.297,10.0,1.557,0.642,0.893,0
9344,200,78.326,27.913,9.123,0.41,29.53,11.297,3.06,0.327,0.731,1
234,159,56.77,19.798,10.226,0.62,22.472,12.394,1.936,0.517,0.787,1
9735,280,101.983,39.175,9.1,0.338,39.812,13.049,4.305,0.232,0.608,1
5091,128,55.355,17.947,9.081,0.525,20.881,11.926,1.976,0.506,0.729,1
5001,193,89.497,31.535,7.792,0.303,33.838,11.349,4.047,0.247,0.554,1
9238,93,34.627,11.638,10.174,0.975,12.53,10.607,1.144,0.874,0.925,0
8022,116,42.385,17.052,8.662,0.811,16.763,9.0,1.969,0.508,0.917,0
4228,170,64.669,23.526,9.201,0.511,26.077,11.314,2.557,0.391,0.731,1
8239,115,42.527,17.179,8.523,0.799,17.205,9.153,2.015,0.496,0.895,0
8137,214,66.669,21.034,12.954,0.605,22.361,16.282,1.624,0.616,0.777,-1
2599,156,63.598,22.231,8.935,0.485,24.331,11.0,2.488,0.402,0.732,1
7299,143,47.698,17.688,10.294,0.79,19.105,11.0,1.718,0.582,0.899,0
3731,220,88.326,34.609,8.094,0.354,36.056,11.039,4.276,0.234,0.651,1
661,102,38.284,14.936,8.695,0.875,15.264,9.192,1.718,0.582,0.903,0
1721,218,62.77,24.762,11.21,0.695,24.739,13.309,2.209,0.453,0.845,-1
5081,223,94.225,34.619,8.202,0.316,37.59,11.733,4.221,0.237,0.614,1
7449,182,87.74,32.044,7.232,0.297,38.013,11.221,4.431,0.226,0.607,1
1645,100,37.456,13.798,9.227,0.896,14.422,9.899,1.495,0.669,0.913,0
5770,112,39.213,14.018,10.173,0.915,15.62,11.094,1.378,0.726,0.922,0
8375,99,37.213,13.694,9.205,0.898,14.422,9.944,1.488,0.672,0.917,0
6839,270,107.882,36.655,9.379,0.292,43.417,16.297,3.908,0.256,0.558,1
1526,238,61.012,23.013,13.168,0.803,24.166,14.581,1.748,0.572,0.905,-1
5380,155,61.841,24.668,8.0,0.509,26.42,10.955,3.083,0.324,0.743,1
7172,214,99.154,37.327,7.3,0.274,42.154,11.076,5.113,0.196,0.595,1
7016,184,73.74,27.497,8.52,0.425,31.765,11.864,3.227,0.31,0.692,1
7533,112,39.213,15.001,9.506,0.915,15.652,10.0,1.578,0.634,0.941,0
5677,176,77.255,28.717,7.804,0.371,32.016,11.326,3.68,0.272,0.676,1
10432,97,36.042,12.83,9.626,0.938,13.601,10.0,1.333,0.75,0.907,0
1729,143,47.113,18.5,9.842,0.81,18.682,10.733,1.88,0.532,0.894,0
4867,174,61.012,24.958,8.877,0.587,25.0,10.891,2.812,0.356,0.796,1
8024,101,38.527,15.005,8.57,0.855,15.264,9.192,1.751,0.571,0.882,0
9623,237,110.853,40.183,7.51,0.242,48.826,11.519,5.351,0.187,0.548,1
3489,227,87.983,34.048,8.489,0.369,35.511,11.779,4.011,0.249,0.684,1
5618,124,41.456,15.156,10.417,0.907,15.811,11.0,1.455,0.687,0.915,0
1901,187,66.669,21.398,11.127,0.529,24.739,13.721,1.923,0.52,0.741,1
1640,113,39.799,15.026,9.575,0.896,15.297,9.0,1.569,0.637,0.942,0
3820,183,72.669,30.492,7.642,0.435,30.887,9.839,3.99,0.251,0.738,1
7726,125,41.456,13.608,11.695,0.914,14.422,12.0,1.164,0.859,0.926,0
10158,172,80.083,24.438,8.961,0.337,30.871,13.749,2.727,0.367,0.595,1
7735,113,38.87,14.635,9.831,0.94,15.264,9.899,1.489,0.672,0.938,0
3755,232,99.154,34.23,8.629,0.297,39.623,13.74,3.967,0.252,0.563,1
2612,237,97.983,31.993,9.432,0.31,37.216,14.8,3.392,0.295,0.562,1
2897,222,91.983,34.432,8.209,0.33,37.643,13.136,4.194,0.238,0.592,1
5077,162,65.255,24.518,8.413,0.478,27.731,11.427,2.914,0.343,0.75,1
9,233,106.569,32.093,9.244,0.258,38.275,16.671,3.472,0.288,0.533,1
5179,247,105.882,34.721,9.058,0.277,38.328,15.419,3.833,0.261,0.494,-1
933,117,40.87,15.079,9.879,0.88,15.62,10.607,1.526,0.655,0.893,0
6736,231,103.397,35.28,8.337,0.272,38.079,11.992,4.232,0.236,0.58,1
8348,155,48.042,17.704,11.147,0.844,18.788,12.0,1.588,0.63,0.925,0
7990,104,37.456,14.192,9.331,0.932,14.866,9.944,1.521,0.657,0.912,0
3175,189,87.397,34.246,7.027,0.311,35.341,10.293,4.873,0.205,0.571,1
2440,190,79.841,30.046,8.051,0.375,32.016,12.382,3.732,0.268,0.628,1
4375,191,73.74,29.368,8.281,0.441,31.385,11.901,3.547,0.282,0.707,1
3011,198,76.669,29.629,8.509,0.423,32.311,10.882,3.482,0.287,0.702,1
3124,112,45.456,16.133,8.839,0.681,18.974,10.0,1.825,0.548,0.865,0
9272,103,38.627,15.213,8.62,0.867,15.652,9.391,1.765,0.567,0.92,0
5185,426,168.693,29.518,18.375,0.188,53.852,34.779,1.606,0.622,0.373,-1
2642,101,37.456,13.744,9.357,0.905,14.318,10.0,1.469,0.681,0.898,0
689,91,35.799,14.187,8.167,0.892,14.56,8.0,1.737,0.576,0.933,0
7755,130,42.87,16.137,10.257,0.889,17.0,11.18,1.573,0.636,0.925,0
5423,122,40.042,14.172,10.96,0.956,14.765,11.0,1.293,0.773,0.928,0
7660,249,127.196,50.665,6.258,0.193,56.365,11.176,8.097,0.124,0.513,1
1558,138,43.456,15.831,11.099,0.918,16.492,11.0,1.426,0.701,0.923,0
8710,183,61.841,27.762,8.393,0.601,27.203,9.37,3.308,0.302,0.874,-1
326,135,47.113,17.96,9.57,0.764,18.682,10.286,1.877,0.533,0.879,0
842,86,34.627,13.217,8.285,0.901,13.928,9.0,1.595,0.627,0.896,0
6403,210,85.74,33.353,8.017,0.359,36.715,11.0,4.16,0.24,0.631,1
4501,200,77.012,29.733,8.565,0.424,32.757,11.435,3.472,0.288,0.75,1
2716,108,37.799,14.46,9.51,0.95,14.866,9.0,1.52,0.658,0.956,0
3967,203,93.054,33.4,7.739,0.295,39.825,12.865,4.316,0.232,0.56,1
10091,93,36.042,12.751,9.286,0.9,13.416,10.0,1.373,0.728,0.899,0
3662,432,197.622,38.982,14.11,0.139,66.91,26.905,2.763,0.362,0.352,-1
5860,205,93.74,36.045,7.241,0.293,39.294,11.538,4.978,0.201,0.617,1
5403,110,38.385,13.619,10.284,0.938,14.318,10.0,1.324,0.755,0.94,0
392,169,81.841,30.836,6.978,0.317,33.242,10.0,4.419,0.226,0.654,1
9230,124,42.284,16.599,9.512,0.872,17.205,9.899,1.745,0.573,0.925,0
3469,210,86.326,27.104,9.865,0.354,31.401,14.018,2.747,0.364,0.587,1
7367,114,45.456,16.925,8.576,0.693,18.248,9.7,1.973,0.507,0.854,0
6227,242,102.953,30.666,10.048,0.287,36.62,14.837,3.052,0.328,0.523,1
8339,209,105.983,28.838,9.228,0.234,36.878,15.835,3.125,0.32,0.429,1
9450,81,33.213,10.921,9.444,0.923,12.083,10.0,1.156,0.865,0.9,0
3141,141,49.941,18.976,9.461,0.71,20.248,10.381,2.006,0.499,0.876,0
1786,113,39.799,15.64,9.199,0.896,15.811,9.0,1.7,0.588,0.934,0
7931,98,36.042,13.055,9.558,0.948,13.928,10.0,1.366,0.732,0.916,0
2184,101,35.213,12.641,10.173,1.0,13.416,10.0,1.243,0.805,0.948,0
6339,103,37.456,13.77,9.524,0.923,14.56,10.0,1.446,0.692,0.907,0
6015,244,100.225,35.965,8.638,0.305,38.91,13.079,4.164,0.24,0.598,1
747,139,56.426,20.057,8.824,0.549,22.361,10.8,2.273,0.44,0.77,-1
934,66,36.87,13.776,6.1,0.61,14.56,7.399,2.258,0.443,0.79,1
4840,166,59.012,24.508,8.624,0.599,25.554,10.686,2.842,0.352,0.818,1
1296,150,61.355,25.056,7.622,0.501,26.249,9.864,3.287,0.304,0.771,1
4254,151,67.841,25.483,7.545,0.412,29.547,10.61,3.378,0.296,0.716,1
6213,234,105.782,41.494,7.18,0.263,46.228,11.833,5.779,0.173,0.595,1
10268,79,33.213,12.633,7.962,0.9,13.601,8.854,1.587,0.63,0.898,0
5795,127,47.941,18.077,8.945,0.694,19.849,9.899,2.021,0.495,0.867,0
10453,80,32.385,12.182,8.362,0.959,12.649,8.0,1.457,0.686,0.941,0
9297,221,92.569,31.514,8.929,0.324,34.205,13.21,3.529,0.283,0.565,1
1314,168,65.012,24.508,8.728,0.499,25.962,11.316,2.808,0.356,0.732,1
3872,161,75.355,30.458,6.73,0.356,32.757,10.0,4.525,0.221,0.709,1
2488,194,92.184,36.427,6.781,0.287,40.112,10.0,5.372,0.186,0.637,1
1341,193,63.841,21.625,11.363,0.595,23.259,13.864,1.903,0.525,0.786,1
8922,181,79.497,31.009,7.432,0.36,34.886,11.084,4.172,0.24,0.657,1
8151,80,32.385,10.964,9.29,0.959,12.083,9.0,1.18,0.847,0.941,0
6832,174,76.426,28.853,7.678,0.374,32.894,11.014,3.758,0.266,0.681,1
648,192,58.184,23.035,10.613,0.713,23.854,11.949,2.171,0.461,0.871,-1
4777,64,34.87,10.227,7.968,0.661,12.649,9.0,1.284,0.779,0.821,-1
5265,105,37.213,14.109,9.476,0.953,14.765,10.0,1.489,0.672,0.933,0
3518,223,73.841,22.857,12.422,0.514,25.0,15.972,1.84,0.543,0.776,-1
3882,192,81.983,29.985,8.153,0.359,34.409,12.455,3.678,0.272,0.612,1
4499,331,93.983,42.113,10.008,0.471,39.925,11.25,4.208,0.238,0.842,-1
2173,96,35.799,13.578,9.002,0.941,14.318,9.0,1.508,0.663,0.946,0
5997,235,97.054,35.396,8.453,0.314,40.497,11.741,4.187,0.239,0.578,1
5585,204,81.598,29.771,8.725,0.385,33.838,12.523,3.412,0.293,0.644,1
1791,62,28.971,10.726,7.36,0.928,11.18,7.906,1.457,0.686,0.912,0
9010,110,40.042,14.771,9.482,0.862,15.652,10.119,1.558,0.642,0.905,0
6758,143,54.77,18.148,10.033,0.599,20.809,12.021,1.809,0.553,0.788,0
5412,99,36.042,12.491,10.092,0.958,13.342,10.0,1.238,0.808,0.925,0
951,64,29.799,10.611,7.679,0.906,11.402,8.485,1.382,0.724,0.895,0
1556,234,67.012,27.169,10.966,0.655,26.926,12.492,2.478,0.404,0.867,-1
6531,106,39.213,14.517,9.297,0.866,15.264,9.839,1.562,0.64,0.91,0
8207,225,104.468,41.796,6.854,0.259,45.695,11.615,6.098,0.164,0.593,1
2594,162,73.255,24.702,8.35,0.379,29.275,11.344,2.958,0.338,0.671,1
1947,127,41.456,15.801,10.233,0.929,16.553,11.0,1.544,0.648,0.941,0
2016,121,40.627,15.367,10.025,0.921,15.811,10.0,1.533,0.652,0.934,0
8357,186,96.569,37.144,6.376,0.251,41.34,10.404,5.826,0.172,0.579,1
9031,119,42.042,16.463,9.203,0.846,17.088,9.803,1.789,0.559,0.919,0
8002,109,39.799,15.349,9.042,0.865,15.524,9.0,1.698,0.589,0.924,0
5704,103,38.042,13.806,9.499,0.894,14.422,10.539,1.453,0.688,0.904,0
2647,115,40.627,14.941,9.8,0.876,15.652,10.394,1.525,0.656,0.906,0
8331,92,35.799,13.806,8.484,0.902,14.318,9.0,1.627,0.615,0.929,0
3678,235,81.74,32.215,9.288,0.442,32.985,12.056,3.468,0.288,0.699,1
7511,106,37.799,13.772,9.8,0.932,14.318,10.0,1.405,0.712,0.926,0
9522,164,49.355,17.654,11.828,0.846,18.358,12.338,1.492,0.67,0.904,0
5325,206,80.083,31.19,8.409,0.404,31.048,11.813,3.709,0.27,0.654,1
325,72,30.385,10.037,9.134,0.98,10.817,9.0,1.099,0.91,0.923,0
5493,160,69.841,27.252,7.475,0.412,29.411,10.369,3.646,0.274,0.672,1
1485,142,45.113,16.301,11.091,0.877,17.029,11.649,1.47,0.68,0.899,0
8568,244,92.811,31.088,9.993,0.356,37.483,14.568,3.111,0.321,0.6,-1
1684,138,42.284,14.698,11.955,0.97,15.811,12.0,1.229,0.813,0.942,0
1921,165,67.012,22.792,9.217,0.462,27.295,11.95,2.473,0.404,0.721,1
4316,227,93.841,36.547,7.908,0.324,40.025,11.066,4.621,0.216,0.674,1
2482,264,122.468,46.723,7.194,0.221,53.852,12.855,6.495,0.154,0.52,1
4595,195,80.426,31.038,7.999,0.379,34.205,11.662,3.88,0.258,0.661,1
5745,128,42.284,16.107,10.118,0.9,16.643,10.607,1.592,0.628,0.921,0
7129,219,88.569,30.752,9.067,0.351,34.928,13.581,3.392,0.295,0.599,1
2550,295,125.681,34.225,10.975,0.235,45.804,18.82,3.119,0.321,0.458,-1
4926,204,75.355,29.052,8.94,0.451,30.414,12.0,3.25,0.308,0.745,1
294,196,76.083,24.213,10.307,0.425,28.792,13.758,2.349,0.426,0.674,1
2266,80,33.213,12.222,8.334,0.911,13.0,9.0,1.467,0.682,0.909,0
1669,123,40.87,15.386,10.179,0.925,16.125,10.607,1.512,0.662,0.932,0
6140,158,74.669,29.197,6.89,0.356,31.906,9.839,4.237,0.236,0.699,1
810,97,38.042,15.079,8.19,0.842,15.62,9.153,1.841,0.543,0.902,0
633,122,43.941,17.478,8.887,0.794,17.493,9.43,1.967,0.508,0.878,0
2978,174,83.841,31.931,6.938,0.311,34.059,9.506,4.602,0.217,0.618,1
2244,87,33.799,12.03,9.208,0.957,12.649,9.0,1.306,0.765,0.935,0
3436,211,88.468,34.401,7.809,0.339,37.443,12.239,4.405,0.227,0.627,1
7592,103,38.042,13.112,10.002,0.894,14.318,10.733,1.311,0.763,0.9,0
4950,111,42.87,15.483,9.128,0.759,16.763,10.752,1.696,0.59,0.851,0
2248,91,35.213,12.908,8.976,0.922,13.601,9.0,1.438,0.695,0.919,0
3657,239,110.811,37.384,8.14,0.245,41.437,13.794,4.593,0.218,0.506,1
5507,108,38.042,14.134,9.729,0.938,14.765,10.119,1.453,0.688,0.919,0
2493,179,93.255,30.975,7.358,0.259,38.484,11.635,4.21,0.238,0.475,1
10064,63,43.456,14.109,5.685,0.419,17.0,7.892,2.482,0.403,0.6,-1
9704,165,53.598,22.112,9.501,0.722,22.472,10.151,2.327,0.43,0.885,0
9830,235,97.497,38.702,7.731,0.311,41.785,11.384,5.006,0.2,0.609,1
3463,230,98.326,21.853,13.401,0.299,29.411,20.99,1.631,0.613,0.51,1
4623,184,69.255,27.506,8.517,0.482,28.018,11.033,3.23,0.31,0.759,1
6957,161,65.841,26.415,7.761,0.467,27.295,10.499,3.404,0.294,0.714,1
7116,243,102.225,27.139,11.4,0.292,33.734,15.526,2.381,0.42,0.574,1
6189,179,79.598,32.601,6.991,0.355,34.176,10.651,4.663,0.214,0.658,1
2977,143,73.497,26.706,6.818,0.333,29.411,9.874,3.917,0.255,0.593,1
9325,209,83.255,30.823,8.633,0.379,32.28,12.128,3.57,0.28,0.641,1
10025,331,110.811,40.483,10.41,0.339,46.573,13.914,3.889,0.257,0.669,-1
2220,83,34.042,12.558,8.415,0.9,13.342,9.0,1.492,0.67,0.902,0
5601,103,37.456,13.707,9.568,0.923,14.422,9.899,1.433,0.698,0.916,0
4105,99,36.87,13.78,9.148,0.915,14.422,9.839,1.506,0.664,0.896,0
735,184,80.912,30.885,7.585,0.353,34.886,11.107,4.072,0.246,0.606,1
5651,172,71.841,27.673,7.914,0.419,29.732,11.699,3.497,0.286,0.671,1
4886,192,77.154,28.445,8.594,0.405,32.202,11.885,3.31,0.302,0.687,1
1122,53,26.142,9.144,7.38,0.975,9.849,7.0,1.239,0.807,0.93,0
8787,151,44.284,14.753,13.032,0.968,15.524,13.0,1.132,0.883,0.929,0
2720,181,84.569,29.446,7.826,0.318,36.249,12.245,3.762,0.266,0.565,1
7672,186,84.326,32.398,7.31,0.329,34.015,11.178,4.432,0.226,0.608,1
10139,212,114.51,37.46,7.206,0.203,44.418,13.298,5.199,0.192,0.413,1
556,90,37.213,15.049,7.615,0.817,15.652,8.497,1.976,0.506,0.909,0
9000,82,33.213,11.493,9.084,0.934,12.207,9.899,1.265,0.79,0.906,0
510,272,98.569,37.309,9.283,0.352,38.013,14.719,4.019,0.249,0.593,-1
5274,136,43.698,15.805,10.956,0.895,16.553,11.628,1.443,0.693,0.907,0
9996,114,46.042,16.93,8.574,0.676,18.974,9.839,1.975,0.506,0.864,0
1257,160,57.355,21.326,9.553,0.611,23.854,10.77,2.232,0.448,0.814,1
10440,94,35.456,12.902,9.277,0.94,13.928,9.899,1.391,0.719,0.922,0
5368,159,70.083,25.446,7.956,0.407,27.313,11.154,3.199,0.313,0.641,1
575,145,52.527,19.532,9.452,0.66,21.633,11.385,2.066,0.484,0.824,1
247,174,82.426,34.462,6.429,0.322,36.77,9.76,5.361,0.187,0.677,1
2422,130,61.841,23.452,7.058,0.427,25.298,10.733,3.323,0.301,0.686,-1
4932,259,112.225,44.13,7.473,0.258,48.466,12.017,5.906,0.169,0.566,1
9675,308,119.882,48.866,8.025,0.269,52.0,12.037,6.089,0.164,0.662,1
5043,149,46.284,15.426,12.299,0.874,16.643,13.0,1.254,0.797,0.909,0
3160,150,50.426,19.162,9.967,0.741,20.125,10.607,1.923,0.52,0.867,0
6790,224,105.296,38.442,7.419,0.254,40.497,12.45,5.182,0.193,0.485,1
7800,112,39.456,14.558,9.795,0.904,15.232,10.286,1.486,0.673,0.918,0
5716,214,59.012,23.428,11.63,0.772,23.324,13.435,2.014,0.496,0.886,-1
5099,148,62.669,25.117,7.503,0.474,26.907,9.899,3.348,0.299,0.715,1
2074,77,32.627,12.69,7.726,0.909,13.038,8.489,1.642,0.609,0.901,0
4795,174,70.669,25.265,8.769,0.438,27.203,11.314,2.881,0.347,0.673,1
3100,196,88.569,32.113,7.771,0.314,38.079,12.581,4.132,0.242,0.58,1
1449,100,37.213,13.619,9.349,0.907,14.318,10.0,1.457,0.687,0.917,0
3514,169,67.012,27.087,7.944,0.473,29.155,11.264,3.41,0.293,0.76,1
5558,202,77.841,30.795,8.352,0.419,30.806,12.304,3.687,0.271,0.663,1
2126,95,36.042,12.953,9.338,0.919,13.892,9.899,1.387,0.721,0.909,0
4150,297,111.983,35.618,10.617,0.298,39.56,16.505,3.355,0.298,0.603,-1
7115,164,62.77,25.538,8.176,0.523,27.295,10.733,3.123,0.32,0.774,1
8979,163,49.113,16.994,12.213,0.849,18.358,12.903,1.392,0.719,0.908,0
1217,143,62.426,25.014,7.279,0.461,27.019,9.899,3.437,0.291,0.715,1
5982,232,91.74,31.861,9.271,0.346,37.947,13.301,3.437,0.291,0.633,1
1537,102,37.456,14.08,9.224,0.914,14.866,9.899,1.526,0.655,0.911,0
3448,228,89.983,33.987,8.542,0.354,35.735,12.293,3.979,0.251,0.64,1
9801,201,75.983,24.128,10.607,0.437,25.495,14.067,2.275,0.44,0.67,1
5460,220,89.74,32.695,8.567,0.343,35.903,11.827,3.816,0.262,0.636,1
5730,87,34.042,10.788,10.268,0.943,11.705,10.607,1.051,0.952,0.916,0
903,170,59.456,25.796,8.391,0.604,25.298,8.955,3.074,0.325,0.888,-1
5054,142,45.113,16.121,11.215,0.877,17.029,11.314,1.437,0.696,0.913,0
7405,82,55.698,22.291,4.684,0.332,23.345,6.924,4.759,0.21,0.621,-1
4458,135,52.77,16.505,10.414,0.609,20.0,11.926,1.585,0.631,0.808,0
3157,147,48.284,17.932,10.438,0.792,19.209,11.18,1.718,0.582,0.916,0
2205,94,36.385,13.065,9.161,0.892,13.892,9.487,1.426,0.701,0.917,0
10006,114,38.627,13.97,10.39,0.96,14.56,10.0,1.345,0.744,0.942,0
5669,193,80.083,31.472,7.808,0.378,33.121,11.392,4.031,0.248,0.648,1
4690,230,101.154,40.334,7.26,0.282,42.942,10.62,5.555,0.18,0.593,1
4476,172,69.154,28.294,7.74,0.452,29.833,10.607,3.655,0.274,0.724,1
10523,66,29.213,9.733,8.634,0.972,11.18,9.0,1.127,0.887,0.904,0
52,251,107.882,39.255,8.141,0.271,43.829,13.294,4.822,0.207,0.552,1
5363,133,52.527,19.049,8.89,0.606,21.19,11.0,2.143,0.467,0.789,1
1952,105,38.627,13.702,9.757,0.884,14.765,10.286,1.404,0.712,0.905,0
343,204,68.184,25.653,10.125,0.551,26.627,12.27,2.534,0.395,0.797,1
893,112,42.627,17.514,8.142,0.775,17.72,8.549,2.151,0.465,0.9,0
7103,186,82.083,22.052,10.739,0.347,26.926,17.637,2.053,0.487,0.566,1
8911,115,40.042,14.656,9.99,0.901,15.297,10.0,1.467,0.682,0.916,0
3543,449,192.693,27.278,20.957,0.152,49.769,38.331,1.302,0.768,0.362,-1
7310,168,72.426,25.844,8.277,0.402,30.083,11.239,3.122,0.32,0.683,1
6965,223,85.74,31.676,8.964,0.381,33.956,11.658,3.534,0.283,0.685,1
6720,397,145.338,35.718,14.152,0.236,48.021,25.685,2.524,0.396,0.486,-1
2841,244,109.539,39.568,7.852,0.256,46.011,12.728,5.039,0.198,0.524,1
6021,181,77.74,30.291,7.608,0.376,33.015,11.333,3.981,0.251,0.644,1
1458,124,42.042,16.297,9.688,0.882,16.763,10.0,1.682,0.594,0.919,0
8632,123,40.284,13.6,11.515,0.952,14.56,12.0,1.181,0.847,0.911,0
8070,99,37.456,14.531,8.674,0.887,15.264,9.391,1.675,0.597,0.904,0
7786,189,86.326,34.118,7.053,0.319,36.674,10.045,4.837,0.207,0.611,1
4646,265,122.711,50.056,6.741,0.221,53.852,11.142,7.426,0.135,0.582,1
5184,159,63.012,24.199,8.366,0.503,25.298,10.636,2.893,0.346,0.721,1
4685,111,40.87,15.655,9.028,0.835,16.643,9.899,1.734,0.577,0.91,0
2641,112,39.213,15.171,9.4,0.915,15.524,9.0,1.614,0.62,0.945,0
8178,117,42.627,17.616,8.456,0.809,18.028,9.0,2.083,0.48,0.929,0
734,144,63.113,23.101,7.937,0.454,26.683,10.188,2.911,0.344,0.758,1
2303,127,42.87,15.038,10.753,0.868,16.125,11.628,1.398,0.715,0.914,0
1030,116,41.456,15.822,9.335,0.848,16.155,10.213,1.695,0.59,0.896,0
7035,190,79.397,32.694,7.399,0.379,34.409,11.131,4.418,0.226,0.699,1
3974,215,94.083,34.471,7.941,0.305,39.217,11.642,4.341,0.23,0.57,1
8308,80,32.042,10.88,9.362,0.979,11.705,9.899,1.162,0.861,0.904,0
4609,232,94.569,31.091,9.501,0.326,34.928,14.275,3.272,0.306,0.557,1
8088,64,28.971,10.507,7.756,0.958,11.18,8.0,1.355,0.738,0.921,0
1934,146,49.698,19.151,9.707,0.743,20.224,10.667,1.973,0.507,0.866,0
5668,230,112.368,36.446,8.035,0.229,43.566,13.709,4.536,0.22,0.483,1
3496,212,99.782,40.125,6.727,0.268,42.521,9.889,5.965,0.168,0.573,1
1844,278,65.255,23.395,15.13,0.82,25.71,16.492,1.546,0.647,0.911,-1
3268,219,88.811,29.487,9.456,0.349,33.838,14.445,3.118,0.321,0.594,1
8060,110,40.87,15.901,8.808,0.828,16.643,9.881,1.805,0.554,0.884,0
766,181,76.77,31.39,7.342,0.386,32.985,10.198,4.276,0.234,0.724,1
7693,183,82.912,29.304,7.951,0.335,33.838,12.728,3.686,0.271,0.588,1
4109,130,41.456,15.387,10.757,0.951,16.155,11.0,1.43,0.699,0.932,0
5940,214,94.569,30.252,9.007,0.301,36.401,13.627,3.359,0.298,0.53,1
1613,84,32.385,10.757,9.943,1.0,11.662,10.0,1.082,0.924,0.944,0
4398,281,96.326,34.813,10.277,0.381,39.205,14.846,3.387,0.295,0.654,1
9545,169,63.113,25.119,8.566,0.533,26.306,10.0,2.932,0.341,0.82,1
6348,104,37.456,13.519,9.795,0.932,14.318,10.585,1.38,0.725,0.904,0
1631,147,46.284,17.488,10.703,0.862,18.028,11.628,1.634,0.612,0.916,0
5231,219,101.054,39.018,7.146,0.269,42.059,11.142,5.46,0.183,0.545,1
1050,124,43.113,16.837,9.377,0.838,17.464,10.4,1.796,0.557,0.905,0
3232,195,102.811,32.797,7.57,0.232,42.72,12.254,4.332,0.231,0.506,1
4087,116,38.87,13.769,10.727,0.965,14.422,11.314,1.284,0.779,0.921,0
404,127,41.698,15.749,10.268,0.918,16.553,11.094,1.534,0.652,0.917,0
6174,213,98.083,34.443,7.874,0.278,40.792,12.913,4.374,0.229,0.575,1
5983,187,77.841,27.675,8.603,0.388,31.623,12.551,3.217,0.311,0.673,1
1215,93,36.627,14.758,8.024,0.871,14.866,8.433,1.839,0.544,0.903,0
5862,249,102.125,41.28,7.68,0.3,44.283,11.458,5.375,0.186,0.651,1
8015,103,39.456,15.473,8.476,0.831,16.125,9.4,1.826,0.548,0.896,0
5805,180,73.012,22.473,10.198,0.424,27.295,12.831,2.204,0.454,0.677,1
354,73,32.87,12.784,7.271,0.849,13.038,7.778,1.758,0.569,0.874,0
2046,84,33.213,12.149,8.803,0.957,12.806,9.192,1.38,0.725,0.928,0
10424,80,33.556,12.789,7.964,0.893,13.0,8.0,1.606,0.623,0.93,0
4672,211,85.74,33.987,7.905,0.361,36.401,11.837,4.3,0.233,0.65,1
2766,285,126.267,29.101,12.47,0.225,44.944,21.626,2.334,0.428,0.474,1
9961,143,57.113,21.048,8.651,0.551,24.352,9.839,2.433,0.411,0.831,0
7357,215,83.74,30.251,9.049,0.385,34.54,12.61,3.343,0.299,0.638,1
8694,143,44.87,17.191,10.591,0.893,17.72,11.0,1.623,0.616,0.923,0
4046,119,39.698,14.655,10.339,0.949,15.264,10.607,1.417,0.705,0.919,0
8777,106,55.456,23.694,5.696,0.433,25.298,7.164,4.16,0.24,0.797,-1
5769,119,41.698,14.411,10.514,0.86,16.125,11.0,1.371,0.73,0.898,0
660,93,36.627,15.06,7.863,0.871,15.652,8.875,1.915,0.522,0.921,0
2555,269,125.882,22.033,15.545,0.213,39.812,25.228,1.417,0.706,0.439,1
4330,122,46.87,17.342,8.957,0.698,19.416,10.0,1.936,0.516,0.836,1
5350,182,83.598,32.367,7.16,0.327,35.44,10.752,4.521,0.221,0.655,1
6382,184,82.225,34.15,6.86,0.342,36.797,9.899,4.978,0.201,0.659,1
7193,164,69.698,28.483,7.331,0.424,29.428,9.408,3.885,0.257,0.724,1
6054,477,187.137,49.499,12.27,0.171,63.063,28.622,4.034,0.248,0.406,-1
6661,174,75.012,30.189,7.338,0.389,30.806,10.334,4.114,0.243,0.667,1
7559,114,38.87,14.904,9.739,0.948,15.652,10.607,1.53,0.653,0.927,0
4502,121,41.456,15.047,10.238,0.885,15.62,11.068,1.47,0.68,0.903,0
8505,132,43.113,15.407,10.908,0.892,15.811,11.18,1.412,0.708,0.907,0
6513,140,59.355,24.357,7.318,0.499,26.401,9.735,3.328,0.3,0.771,1
8318,94,37.213,15.224,7.862,0.853,15.652,8.538,1.937,0.516,0.913,0
4045,117,39.456,13.193,11.291,0.944,13.928,12.0,1.168,0.856,0.918,0
1925,85,38.627,15.124,7.156,0.716,15.524,7.786,2.113,0.473,0.837,0
9835,258,93.64,29.829,11.013,0.37,34.205,16.281,2.709,0.369,0.635,1
8032,123,42.87,16.834,9.303,0.841,17.088,9.803,1.809,0.553,0.908,0
9286,182,74.083,23.865,9.71,0.417,29.53,14.044,2.458,0.407,0.651,1
4509,141,58.184,22.353,8.032,0.523,23.409,10.733,2.783,0.359,0.748,1
8364,92,36.042,13.643,8.586,0.89,13.928,9.391,1.589,0.629,0.906,0
10171,214,91.983,34.661,7.861,0.318,39.217,12.225,4.409,0.227,0.651,1
10310,69,29.556,10.384,8.46,0.993,11.402,9.0,1.227,0.815,0.945,0
875,84,33.799,12.058,8.87,0.924,12.649,9.0,1.359,0.736,0.913,0
9395,198,86.426,26.728,9.432,0.333,32.65,14.142,2.834,0.353,0.579,1
8333,111,39.456,14.798,9.55,0.896,15.297,10.0,1.549,0.645,0.91,0
9271,151,49.698,19.396,9.912,0.768,19.723,11.119,1.957,0.511,0.891,0
1283,311,86.811,33.531,11.809,0.519,34.015,15.205,2.839,0.352,0.737,1
8817,265,77.841,33.977,9.931,0.55,32.696,11.292,3.421,0.292,0.866,-1
6700,217,99.154,38.095,7.253,0.277,42.202,12.297,5.252,0.19,0.625,1
538,65,28.385,9.563,8.654,1.0,10.296,9.0,1.105,0.905,0.929,0
6363,482,196.451,30.351,20.22,0.157,49.739,31.872,1.501,0.666,0.406,-1
4140,122,40.87,15.547,9.991,0.918,16.125,10.733,1.556,0.643,0.917,0
10281,90,35.213,13.219,8.669,0.912,13.892,9.391,1.525,0.656,0.918,0
9023,87,34.042,12.278,9.022,0.943,13.038,9.899,1.361,0.735,0.902,0
915,96,36.385,14.697,8.317,0.911,14.56,8.0,1.767,0.566,0.941,0
2056,78,32.385,12.304,8.071,0.935,13.038,8.854,1.524,0.656,0.929,0
3681,256,111.054,31.452,10.364,0.261,41.4,16.43,3.035,0.33,0.522,1
3220,193,87.012,35.562,6.91,0.32,38.471,9.493,5.146,0.194,0.702,1
9437,108,39.698,15.59,8.82,0.861,16.125,9.604,1.767,0.566,0.893,0
5722,99,36.284,12.759,9.879,0.945,13.601,10.607,1.292,0.774,0.9,0
3650,247,88.811,35.718,8.805,0.394,38.013,11.535,4.057,0.247,0.693,-1
3382,230,89.497,36.215,8.086,0.361,36.249,11.336,4.478,0.223,0.637,1
8179,100,37.456,13.591,9.368,0.896,14.56,10.0,1.451,0.689,0.909,0
7370,114,43.113,14.88,9.755,0.771,17.088,11.0,1.525,0.656,0.867,0
5418,119,40.042,14.595,10.381,0.933,15.264,11.18,1.406,0.711,0.93,0
3884,207,84.912,30.575,8.62,0.361,34.986,12.862,3.547,0.282,0.685,1
9910,381,187.924,37.168,13.052,0.136,50.922,19.0,2.848,0.351,0.457,-1
5248,174,81.74,26.85,8.251,0.327,33.615,11.78,3.254,0.307,0.592,1
4704,124,41.113,14.585,10.825,0.922,15.297,11.384,1.347,0.742,0.905,0
9261,205,86.326,32.886,7.937,0.346,36.056,11.775,4.144,0.241,0.615,1
999,298,98.669,40.018,9.481,0.385,39.205,13.908,4.221,0.237,0.705,-1
1779,99,37.698,15.376,8.198,0.875,15.811,8.485,1.876,0.533,0.908,0
8966,90,36.87,13.981,8.196,0.832,14.765,8.944,1.706,0.586,0.891,0
6519,91,35.456,12.213,9.487,0.91,13.416,9.899,1.287,0.777,0.897,0
3733,220,98.711,28.988,9.663,0.284,37.577,16.394,3.0,0.333,0.509,1
7850,115,43.456,17.302,8.463,0.765,17.72,9.459,2.044,0.489,0.891,0
6672,243,115.296,33.444,9.251,0.23,45.607,15.4,3.615,0.277,0.467,1
3739,174,73.255,24.022,9.222,0.407,27.659,12.69,2.605,0.384,0.672,1
10188,250,131.296,35.018,9.09,0.182,50.488,15.934,3.852,0.26,0.401,1
359,202,74.669,29.436,8.737,0.455,30.083,11.157,3.369,0.297,0.739,1
7072,87,34.042,12.506,8.858,0.943,13.342,9.0,1.412,0.708,0.911,0
8895,110,42.87,16.08,8.71,0.752,17.889,9.595,1.846,0.542,0.891,0
6542,452,186.066,57.891,9.941,0.164,73.027,17.308,5.823,0.172,0.447,-1
9093,101,36.627,13.211,9.734,0.946,13.928,10.0,1.357,0.737,0.927,0
10001,161,81.255,31.594,6.488,0.306,34.015,9.758,4.87,0.205,0.587,1
8697,282,67.255,25.496,14.083,0.783,25.495,15.055,1.81,0.552,0.898,0
5170,220,81.598,31.508,8.89,0.415,33.838,12.074,3.544,0.282,0.683,1
6562,180,79.154,31.132,7.362,0.361,33.242,10.833,4.229,0.236,0.644,1
4115,73,30.627,10.921,8.511,0.978,11.662,9.192,1.283,0.779,0.907,0
9307,108,39.456,15.12,9.095,0.872,15.811,9.899,1.663,0.601,0.908,0
8009,121,42.627,16.94,9.095,0.837,17.72,9.0,1.863,0.537,0.931,0
2960,259,135.196,21.83,15.107,0.178,41.773,25.424,1.445,0.692,0.401,1
4504,121,40.042,14.738,10.453,0.948,15.652,11.0,1.41,0.709,0.942,0
1150,94,35.456,13.297,9.001,0.94,13.892,9.192,1.477,0.677,0.922,0
2039,89,34.042,12.417,9.126,0.965,13.038,9.707,1.361,0.735,0.913,0
1247,184,64.77,20.082,11.666,0.551,22.204,14.6,1.721,0.581,0.757,1
20,184,65.355,24.138,9.706,0.541,27.019,12.118,2.487,0.402,0.748,1
4404,184,75.255,27.704,8.456,0.408,30.463,12.265,3.276,0.305,0.674,1
8400,99,38.042,15.198,8.294,0.86,15.811,8.974,1.832,0.546,0.917,0
6131,224,105.64,27.43,10.398,0.252,35.341,17.028,2.638,0.379,0.451,1
9040,112,38.87,14.887,9.579,0.932,15.652,10.286,1.554,0.643,0.926,0
8337,127,43.456,15.287,10.578,0.845,16.492,11.0,1.445,0.692,0.904,0
541,117,41.113,16.169,9.213,0.87,16.643,9.899,1.755,0.57,0.9,0
355,170,76.669,27.5,7.871,0.363,28.653,10.797,3.494,0.286,0.613,1
4841,150,56.87,21.993,8.684,0.583,23.77,10.0,2.533,0.395,0.833,1
8907,96,36.627,13.661,8.947,0.899,14.422,9.899,1.527,0.655,0.914,0
7879,152,62.77,19.37,9.992,0.485,23.707,13.227,1.939,0.516,0.665,-1
6463,188,85.397,33.994,7.041,0.324,37.121,11.067,4.828,0.207,0.643,1
10247,74,31.213,12.076,7.802,0.954,12.806,8.485,1.548,0.646,0.914,0
7263,149,72.669,25.746,7.369,0.355,29.155,10.14,3.494,0.286,0.623,1
755,219,95.882,37.231,7.489,0.299,41.881,11.653,4.971,0.201,0.607,1
3958,309,143.823,31.869,12.345,0.188,46.872,24.299,2.581,0.387,0.386,-1
5942,322,124.225,27.559,14.876,0.262,42.19,20.592,1.853,0.54,0.579,-1
8250,92,34.971,12.84,9.123,0.945,13.416,9.0,1.407,0.71,0.944,0
1207,91,35.456,13.328,8.693,0.91,13.928,9.0,1.533,0.652,0.91,0
6162,187,87.154,33.402,7.128,0.309,38.013,10.752,4.686,0.213,0.617,1
357,195,72.527,28.664,8.662,0.466,30.265,10.785,3.309,0.302,0.783,1
10122,197,85.255,31.2,8.039,0.341,35.228,11.097,3.881,0.258,0.652,1
2397,247,124.125,28.746,10.94,0.201,37.656,22.698,2.628,0.381,0.407,1
6606,212,102.912,39.564,6.823,0.252,43.186,10.0,5.799,0.172,0.632,1
6312,108,38.042,13.262,10.368,0.938,13.928,11.0,1.279,0.782,0.923,0
7163,149,61.355,23.525,8.064,0.497,25.962,10.0,2.917,0.343,0.784,1
6786,216,102.468,38.151,7.209,0.259,43.417,12.165,5.292,0.189,0.527,1
476,384,82.083,32.036,15.262,0.716,33.015,16.464,2.099,0.476,0.918,-1
75,136,44.627,17.106,10.123,0.858,17.263,10.0,1.69,0.592,0.922,0
8862,232,115.154,33.361,8.854,0.22,47.424,14.512,3.768,0.265,0.442,1
5849,347,95.397,37.726,11.711,0.479,41.785,14.595,3.221,0.31,0.807,-1
10108,254,126.125,41.161,7.857,0.201,52.393,12.303,5.239,0.191,0.459,1
9217,117,40.042,14.622,10.188,0.917,15.264,11.0,1.435,0.697,0.925,0
8535,99,36.87,13.162,9.577,0.915,13.928,10.286,1.374,0.728,0.904,0
1768,142,45.113,16.867,10.719,0.877,17.72,11.628,1.573,0.636,0.91,0
1975,123,41.456,15.879,9.863,0.899,16.155,10.399,1.61,0.621,0.918,0
9566,379,102.811,38.857,12.419,0.451,40.817,16.298,3.129,0.32,0.709,-1
622,55,26.627,9.031,7.754,0.975,9.849,8.485,1.165,0.859,0.88,0
1912,147,55.355,19.8,9.453,0.603,22.825,11.68,2.095,0.477,0.797,1
5864,189,85.397,26.594,9.049,0.326,32.558,13.0,2.939,0.34,0.572,1
7211,192,80.912,32.669,7.483,0.369,32.65,10.555,4.366,0.229,0.615,1
10183,179,83.74,32.029,7.116,0.321,37.121,11.016,4.501,0.222,0.652,1
5453,187,71.74,27.898,8.535,0.457,29.206,11.314,3.269,0.306,0.712,1
2866,135,47.355,16.746,10.264,0.756,18.385,11.857,1.632,0.613,0.879,0
7927,97,37.456,13.542,9.12,0.869,14.213,9.899,1.485,0.673,0.89,0
10135,215,66.669,28.439,9.626,0.608,28.018,11.039,2.954,0.338,0.869,-1
9461,71,30.971,10.357,8.728,0.93,11.662,9.0,1.187,0.843,0.91,0
6529,189,68.326,26.982,8.919,0.509,27.785,11.585,3.025,0.331,0.758,1
2401,230,109.882,45.626,6.418,0.239,46.239,10.258,7.109,0.141,0.548,1
3655,372,149.924,39.59,11.964,0.208,62.129,18.335,3.309,0.302,0.539,-1
5926,272,105.054,31.699,10.925,0.31,40.719,16.302,2.901,0.345,0.576,1
7997,169,58.284,25.256,8.52,0.625,24.515,9.0,2.964,0.337,0.887,-1
7780,128,43.456,16.246,10.032,0.852,16.643,10.733,1.62,0.617,0.908,0
3238,142,72.527,27.591,6.553,0.339,30.594,9.0,4.211,0.237,0.635,1
9398,235,115.439,26.564,11.264,0.222,34.525,16.928,2.358,0.424,0.522,1
5409,96,36.042,12.819,9.535,0.929,13.416,9.839,1.344,0.744,0.914,0
7450,165,82.326,32.336,6.497,0.306,35.511,9.94,4.977,0.201,0.656,1
3513,247,109.054,33.96,9.261,0.261,40.249,15.954,3.667,0.273,0.523,1
6948,280,126.711,33.399,10.674,0.219,40.262,15.649,3.129,0.32,0.559,-1
3339,141,72.083,27.484,6.532,0.341,31.016,10.807,4.208,0.238,0.589,1
3345,68,60.912,11.368,7.616,0.23,18.358,15.016,1.492,0.67,0.406,-1
8363,98,36.627,13.121,9.51,0.918,13.928,10.0,1.38,0.725,0.916,0
3728,240,105.255,46.298,6.6,0.272,46.819,10.407,7.015,0.143,0.687,1
7037,212,85.74,28.621,9.431,0.362,30.594,13.786,3.035,0.33,0.64,1
823,60,28.042,9.734,7.848,0.959,10.77,8.485,1.24,0.806,0.882,0
5394,118,39.213,14.833,10.129,0.964,15.232,10.0,1.464,0.683,0.944,0
7107,232,102.569,35.984,8.209,0.277,40.522,13.173,4.383,0.228,0.538,1
1287,188,73.74,29.78,8.038,0.434,32.202,10.81,3.705,0.27,0.758,1
2823,120,40.042,14.699,10.395,0.941,15.264,10.914,1.414,0.707,0.927,0
5317,102,36.627,13.6,9.549,0.955,14.422,10.539,1.424,0.702,0.923,0
1642,111,40.87,15.252,9.266,0.835,16.155,10.0,1.646,0.608,0.914,0
1878,248,63.355,24.151,13.074,0.776,24.739,14.552,1.847,0.541,0.902,-1
5250,182,72.426,25.819,8.975,0.436,29.206,12.623,2.877,0.348,0.654,1
2684,155,67.012,22.842,8.64,0.434,27.203,12.0,2.644,0.378,0.681,1
3759,264,111.296,31.921,10.53,0.268,41.4,15.66,3.031,0.33,0.53,1
2431,205,85.74,31.478,8.292,0.35,34.482,13.022,3.796,0.263,0.614,1
6556,123,47.941,17.119,9.148,0.673,19.698,10.514,1.871,0.534,0.817,0
9210,139,60.77,21.732,8.144,0.473,23.409,9.944,2.669,0.375,0.726,1
4804,170,67.841,23.87,9.068,0.464,26.476,11.482,2.632,0.38,0.731,1
328,108,39.698,15.516,8.862,0.861,15.811,9.192,1.751,0.571,0.904,0
4975,109,38.87,14.784,9.387,0.907,15.264,10.286,1.575,0.635,0.908,0
5393,119,40.042,14.265,10.622,0.933,14.765,10.983,1.343,0.745,0.915,0
10306,58,26.971,9.544,7.738,1.0,10.296,8.0,1.233,0.811,0.928,0
4557,240,85.74,28.79,10.614,0.41,33.422,14.258,2.712,0.369,0.691,-1
3105,187,85.983,23.699,10.047,0.318,30.265,14.874,2.359,0.424,0.519,1
4236,170,71.598,25.689,8.426,0.417,29.614,12.0,3.049,0.328,0.681,1
9873,116,39.456,14.404,10.254,0.936,15.232,11.0,1.405,0.712,0.917,0
6163,162,65.012,25.972,7.942,0.482,27.203,10.32,3.27,0.306,0.74,1
4913,125,43.213,15.986,9.956,0.841,16.492,10.0,1.606,0.623,0.919,0
5923,196,78.083,29.098,8.576,0.404,31.305,12.592,3.393,0.295,0.644,1
5455,460,176.794,59.661,9.817,0.185,75.928,15.798,6.077,0.165,0.542,-1
8807,106,38.284,13.66,9.88,0.909,14.213,9.899,1.383,0.723,0.91,0
1500,108,38.284,14.686,9.363,0.926,15.524,10.0,1.568,0.638,0.923,0
6075,222,103.397,35.845,7.886,0.261,39.623,11.662,4.546,0.22,0.555,1
6763,162,58.527,19.672,10.485,0.594,22.804,12.728,1.876,0.533,0.816,1
9192,182,72.912,29.345,7.897,0.43,31.385,10.75,3.716,0.269,0.754,1
666,104,39.213,15.204,8.709,0.85,15.652,9.391,1.746,0.573,0.912,0
7039,212,89.74,32.694,8.256,0.331,36.346,11.0,3.96,0.253,0.621,1
2221,83,33.213,12.684,8.332,0.946,13.416,9.0,1.522,0.657,0.933,0
9646,215,98.225,29.5,9.279,0.28,34.366,14.419,3.179,0.315,0.522,1
7682,265,93.255,31.137,10.836,0.383,37.696,15.354,2.873,0.348,0.642,1
9869,128,43.113,17.177,9.488,0.865,17.493,10.461,1.81,0.552,0.908,0
9098,65,28.627,10.5,7.882,0.997,11.18,8.485,1.332,0.751,0.903,0
9602,51,25.799,8.342,7.784,0.963,9.487,8.0,1.072,0.933,0.887,0
10082,120,40.87,15.841,9.645,0.903,16.643,9.899,1.642,0.609,0.934,0
1775,122,40.87,15.296,10.155,0.918,16.155,11.0,1.506,0.664,0.917,0
6081,334,131.64,32.002,13.288,0.242,39.357,22.64,2.408,0.415,0.574,-1
307,210,80.083,30.771,8.689,0.411,33.106,11.814,3.541,0.282,0.683,1
8545,115,40.284,14.63,10.008,0.891,15.524,10.0,1.462,0.684,0.92,0
8177,113,42.042,17.141,8.393,0.803,17.72,9.0,2.042,0.49,0.919,0
6415,224,105.983,25.623,11.131,0.251,34.785,17.132,2.302,0.434,0.513,1
606,110,47.456,18.889,7.415,0.614,19.647,8.667,2.548,0.393,0.821,1
2950,120,44.527,16.56,9.226,0.761,17.72,9.839,1.795,0.557,0.873,0
4594,274,109.882,29.21,11.944,0.285,37.537,19.448,2.446,0.409,0.531,1
9790,251,110.811,37.472,8.529,0.257,45.0,14.249,4.394,0.228,0.52,1
9671,347,90.569,30.561,14.457,0.532,31.623,17.0,2.114,0.473,0.783,-1
1252,206,67.255,24.412,10.744,0.572,26.0,13.812,2.272,0.44,0.755,1
5092,197,83.255,32.306,7.764,0.357,34.54,11.599,4.161,0.24,0.631,1
9024,90,33.799,12.423,9.225,0.99,13.0,9.0,1.347,0.743,0.938,0
5475,249,92.912,35.76,8.866,0.362,38.639,11.415,4.033,0.248,0.662,1
2241,85,33.799,12.119,8.93,0.935,13.038,9.839,1.357,0.737,0.919,0
10487,84,34.042,13.262,8.065,0.911,13.892,8.485,1.644,0.608,0.918,0
9336,118,40.87,15.645,9.603,0.888,16.155,10.286,1.629,0.614,0.918,0
6384,481,193.723,30.131,20.326,0.161,48.374,38.703,1.482,0.675,0.396,-1
2794,248,110.569,34.693,9.102,0.255,40.025,14.138,3.812,0.262,0.497,1
4705,184,83.841,31.471,7.444,0.329,35.114,11.022,4.228,0.237,0.631,1
7410,107,39.456,14.687,9.276,0.864,15.297,10.0,1.583,0.632,0.895,0
1366,109,39.213,15.217,9.12,0.891,15.524,9.0,1.668,0.599,0.936,0
7921,82,33.456,12.46,8.379,0.921,13.038,8.485,1.487,0.672,0.906,0
5013,151,48.527,16.511,11.645,0.806,17.889,12.6,1.418,0.705,0.88,0
2880,214,93.154,38.941,6.997,0.31,38.639,9.782,5.565,0.18,0.632,1
500,169,65.698,26.779,8.035,0.492,26.683,9.718,3.333,0.3,0.768,1
6445,216,83.154,27.434,10.025,0.393,30.887,14.171,2.737,0.365,0.639,1
9175,108,38.042,14.044,9.792,0.938,14.56,10.0,1.434,0.697,0.915,0
10529,102,46.87,15.649,8.299,0.583,18.868,9.899,1.886,0.53,0.77,1
7249,129,46.87,16.758,9.801,0.738,17.72,10.357,1.71,0.585,0.884,0
2178,86,34.042,12.534,8.736,0.933,13.416,9.487,1.435,0.697,0.901,0
6537,161,83.598,31.038,6.605,0.289,36.222,10.0,4.699,0.213,0.644,1
4969,201,91.054,34.138,7.497,0.305,39.205,12.021,4.554,0.22,0.605,1
8197,220,105.74,43.565,6.43,0.247,46.819,11.249,6.776,0.148,0.555,1
5539,187,82.426,33.132,7.186,0.346,34.205,9.908,4.61,0.217,0.626,1
2175,85,33.213,11.703,9.248,0.968,12.53,9.899,1.265,0.79,0.924,0
5314,116,40.042,14.139,10.446,0.909,14.866,11.0,1.354,0.739,0.913,0
5743,124,42.042,15.807,9.988,0.882,16.279,10.0,1.583,0.632,0.922,0
6516,174,81.497,28.543,7.762,0.329,34.205,10.982,3.677,0.272,0.613,1
4177,118,40.042,14.944,10.053,0.925,15.811,10.0,1.487,0.673,0.925,0
7965,106,40.042,15.945,8.464,0.831,16.155,9.171,1.884,0.531,0.914,0
5387,178,67.841,27.014,8.389,0.486,28.231,11.897,3.22,0.311,0.721,1
1807,98,36.87,13.908,8.972,0.906,14.765,9.899,1.55,0.645,0.895,0
5514,113,38.87,14.021,10.261,0.94,14.765,10.607,1.366,0.732,0.922,0
2006,120,42.042,16.316,9.364,0.853,16.763,10.0,1.742,0.574,0.92,0
4171,81,33.213,12.658,8.148,0.923,13.416,8.944,1.554,0.644,0.92,0
9823,235,81.841,32.985,9.071,0.441,34.176,12.127,3.636,0.275,0.736,1
3531,227,113.539,33.951,8.513,0.221,44.272,14.446,3.988,0.251,0.462,1
8616,129,42.284,16.185,10.148,0.907,16.643,11.2,1.595,0.627,0.915,0
6553,93,37.456,13.857,8.545,0.833,15.264,9.707,1.622,0.617,0.873,0
316,226,86.326,33.044,8.708,0.381,33.956,11.695,3.795,0.264,0.658,1
8208,262,123.439,37.283,8.948,0.216,49.649,15.378,4.167,0.24,0.462,1
5868,174,76.912,28.732,7.711,0.37,31.305,11.13,3.726,0.268,0.639,1
7076,103,36.971,12.521,10.474,0.947,13.892,10.0,1.195,0.837,0.949,0
8407,82,34.042,12.555,8.316,0.889,13.038,9.153,1.51,0.662,0.891,0
9832,120,42.042,16.104,9.488,0.853,16.492,10.0,1.697,0.589,0.913,0
2644,107,37.799,14.353,9.492,0.941,14.56,9.0,1.512,0.661,0.951,0
9199,214,90.225,35.177,7.746,0.33,38.949,12.033,4.541,0.22,0.599,1
1092,110,49.698,18.889,7.415,0.56,21.19,8.944,2.547,0.393,0.827,1
10251,83,33.213,11.753,8.991,0.946,12.207,9.391,1.307,0.765,0.917,0
6621,441,190.309,51.281,10.949,0.153,70.937,21.04,4.683,0.214,0.417,-1
8683,144,44.284,14.788,12.398,0.923,15.652,13.0,1.193,0.838,0.911,0
3749,281,81.397,31.133,11.492,0.533,34.015,14.842,2.709,0.369,0.787,1
8050,86,35.213,13.257,8.26,0.872,13.928,8.944,1.605,0.623,0.915,0
6733,185,78.77,32.088,7.341,0.375,33.541,10.223,4.371,0.229,0.694,1
4608,169,61.698,24.028,8.955,0.558,26.249,10.85,2.683,0.373,0.816,1
5894,211,92.326,36.795,7.301,0.311,39.812,11.752,5.04,0.198,0.599,1
7723,103,38.042,14.462,9.068,0.894,15.0,9.656,1.595,0.627,0.907,0
9727,209,90.669,32.824,8.107,0.319,37.855,12.601,4.049,0.247,0.609,1
2951,120,79.012,31.072,4.917,0.242,35.44,7.661,6.319,0.158,0.605,1
9802,126,42.042,15.513,10.342,0.896,16.155,11.0,1.5,0.667,0.93,0
1794,112,40.627,16.268,8.766,0.853,16.763,9.0,1.856,0.539,0.914,0
153,96,36.87,14.117,8.658,0.887,14.765,9.192,1.63,0.613,0.906,0
8369,103,37.799,14.378,9.121,0.906,14.866,9.0,1.576,0.634,0.936,0
1849,105,38.042,14.113,9.473,0.912,14.765,10.286,1.49,0.671,0.921,0
1245,201,71.841,21.756,11.763,0.489,26.0,14.659,1.849,0.541,0.728,1
7201,195,83.841,30.036,8.266,0.349,35.777,12.908,3.634,0.275,0.627,1
8439,54,26.971,9.994,6.88,0.933,10.817,7.778,1.453,0.688,0.908,0
7502,125,41.456,14.371,11.075,0.914,15.652,11.926,1.298,0.771,0.919,0
7863,115,41.799,16.562,8.841,0.827,16.492,9.0,1.873,0.534,0.916,0
2260,89,34.042,12.882,8.797,0.965,13.601,9.192,1.464,0.683,0.922,0
10201,111,39.799,15.585,9.068,0.881,15.811,9.0,1.719,0.582,0.941,0
10421,97,37.799,14.191,8.703,0.853,14.56,9.0,1.631,0.613,0.907,0
5120,487,148.125,53.052,11.688,0.279,58.856,17.027,4.539,0.22,0.656,-1
5023,138,43.113,14.02,12.532,0.933,15.232,13.416,1.119,0.894,0.902,0
3133,247,99.64,32.134,9.787,0.313,36.401,14.654,3.283,0.305,0.545,1
2578,179,82.669,26.962,8.453,0.329,32.558,13.811,3.19,0.314,0.564,1
8299,115,42.627,17.084,8.571,0.795,17.464,9.216,1.993,0.502,0.891,0
9673,313,118.51,35.543,11.213,0.28,39.0,18.316,3.17,0.315,0.58,1
8275,56,26.385,8.902,8.01,1.0,9.849,8.0,1.111,0.9,0.926,0
7799,131,42.385,15.922,10.476,0.916,16.155,10.0,1.52,0.658,0.953,0
3565,210,87.74,29.175,9.165,0.343,33.377,13.298,3.183,0.314,0.569,1
5083,104,37.213,13.354,9.916,0.944,13.928,10.0,1.347,0.743,0.933,0
7862,116,41.213,16.372,9.021,0.858,16.763,9.0,1.815,0.551,0.935,0
8511,122,40.87,15.46,10.048,0.918,16.125,10.733,1.539,0.65,0.917,0
7949,112,42.042,16.961,8.408,0.796,17.088,8.854,2.017,0.496,0.907,0
9500,222,101.497,32.54,8.687,0.271,39.812,12.965,3.746,0.267,0.503,1
4738,176,74.426,29.232,7.666,0.399,30.265,11.0,3.813,0.262,0.673,1
1853,142,44.527,17.326,10.435,0.9,17.889,11.314,1.66,0.602,0.919,0
1461,88,34.042,12.072,9.281,0.954,12.649,9.899,1.301,0.769,0.917,0
4371,199,66.912,26.949,9.402,0.559,28.844,11.314,2.866,0.349,0.814,1
9339,117,40.042,15.007,9.926,0.917,15.811,10.607,1.512,0.661,0.932,0
4639,182,76.326,25.803,8.981,0.393,28.792,11.66,2.873,0.348,0.705,1
7764,76,30.627,9.837,9.837,1.0,10.77,9.899,1.0,1.0,0.927,0
2723,132,47.456,19.853,8.466,0.737,19.925,8.894,2.345,0.426,0.901,0
3324,472,239.279,53.918,11.146,0.104,93.231,24.991,4.837,0.207,0.268,-1
4735,238,103.397,34.502,8.783,0.28,41.304,11.799,3.928,0.255,0.584,1
3434,203,87.154,37.115,6.964,0.336,38.471,10.286,5.33,0.188,0.678,1
1682,94,35.799,11.838,10.11,0.922,13.038,10.0,1.171,0.854,0.94,0
3725,137,60.527,24.089,7.241,0.47,25.0,9.217,3.327,0.301,0.755,1
3143,370,153.38,57.131,8.246,0.198,63.781,12.164,6.928,0.144,0.547,-1
9664,264,103.539,41.708,8.059,0.309,43.417,12.222,5.175,0.193,0.589,1
4542,179,70.326,26.53,8.591,0.455,26.627,10.607,3.088,0.324,0.728,1
9633,309,127.782,36.142,10.886,0.238,44.181,21.0,3.32,0.301,0.458,1
9711,206,82.569,27.827,9.426,0.38,30.364,13.168,2.952,0.339,0.629,1
2510,89,56.527,14.358,7.892,0.35,19.235,12.659,1.819,0.55,0.555,-1
2732,87,35.456,11.163,9.923,0.87,12.53,10.607,1.125,0.889,0.874,0
5298,201,54.527,17.819,14.362,0.85,18.385,15.0,1.241,0.806,0.91,0
6389,196,71.841,18.997,13.137,0.477,24.187,17.27,1.446,0.692,0.698,-1
4824,131,54.77,20.822,8.01,0.549,22.804,10.262,2.599,0.385,0.773,1
6101,186,83.598,32.696,7.243,0.334,35.511,10.088,4.514,0.222,0.667,1
42,154,60.77,21.77,9.007,0.524,24.331,11.063,2.417,0.414,0.749,1
3230,446,206.693,31.685,17.922,0.131,55.902,35.251,1.768,0.566,0.336,-1
10323,71,30.142,10.85,8.332,0.982,11.662,8.0,1.302,0.768,0.953,0
5395,123,41.456,15.632,10.018,0.899,16.401,10.607,1.56,0.641,0.925,0
3683,458,168.066,36.204,16.107,0.204,60.803,25.508,2.248,0.445,0.44,-1
4135,178,70.912,26.574,8.528,0.445,30.232,11.551,3.116,0.321,0.715,1
6592,178,84.468,31.161,7.273,0.314,39.623,9.899,4.284,0.233,0.681,-1
8879,124,58.426,25.744,6.133,0.456,25.942,8.497,4.198,0.238,0.777,1
7819,140,45.456,17.615,10.12,0.851,18.028,10.752,1.741,0.574,0.918,0
5673,170,60.184,21.034,10.291,0.59,23.537,12.965,2.044,0.489,0.808,0
10493,109,40.87,16.652,8.335,0.82,17.0,9.285,1.998,0.501,0.897,0
7587,131,42.87,16.335,10.211,0.896,16.763,10.786,1.6,0.625,0.916,0
3579,218,90.326,34.558,8.032,0.336,37.577,11.62,4.303,0.232,0.668,1
8546,174,63.012,23.129,9.579,0.551,24.739,12.224,2.415,0.414,0.77,-1
943,230,119.154,42.013,6.97,0.204,50.804,12.404,6.027,0.166,0.541,1
9723,134,46.87,18.242,9.353,0.767,18.682,10.119,1.95,0.513,0.887,0
5477,200,88.083,35.683,7.136,0.324,37.947,10.429,5.0,0.2,0.701,1
2485,189,95.64,34.117,7.053,0.26,40.804,11.361,4.837,0.207,0.567,1
10418,80,32.385,12.36,8.241,0.959,13.0,8.0,1.5,0.667,0.947,0
9902,120,51.113,17.365,8.799,0.577,20.616,10.733,1.974,0.507,0.782,1
5268,131,42.284,14.366,11.61,0.921,15.524,12.0,1.237,0.808,0.913,0
1977,137,46.284,18.702,9.327,0.804,19.313,9.803,2.005,0.499,0.907,0
4269,262,111.196,42.266,7.893,0.266,46.098,12.347,5.355,0.187,0.534,1
8517,102,36.87,12.936,10.04,0.943,13.601,10.539,1.288,0.776,0.907,0
463,374,104.468,24.671,19.302,0.431,30.887,21.0,1.278,0.782,0.739,-1
570,72,31.213,10.772,8.51,0.929,11.662,9.171,1.266,0.79,0.9,0
9043,113,40.042,15.155,9.494,0.886,16.125,10.286,1.596,0.626,0.922,0
2943,97,37.799,15.604,7.915,0.853,15.524,8.0,1.972,0.507,0.919,0
10471,110,48.527,17.917,7.817,0.587,19.235,9.0,2.292,0.436,0.818,1
8453,76,32.627,11.98,8.077,0.897,13.0,8.854,1.483,0.674,0.899,0
7486,132,43.698,16.054,10.469,0.869,16.643,11.49,1.534,0.652,0.895,0
3239,214,91.255,27.881,9.773,0.323,32.28,15.227,2.853,0.351,0.536,1
3875,182,99.74,34.506,6.716,0.23,43.324,10.767,5.138,0.195,0.537,1
10249,91,35.213,13.055,8.875,0.922,13.892,9.899,1.471,0.68,0.919,0
9482,123,41.698,16.301,9.607,0.889,16.643,9.899,1.697,0.589,0.921,0
4575,188,70.669,22.12,10.821,0.473,26.077,14.468,2.044,0.489,0.703,1
4139,129,48.527,19.034,8.629,0.688,20.591,10.183,2.206,0.453,0.851,1
9780,120,41.456,15.045,10.156,0.877,15.524,10.59,1.481,0.675,0.902,0
3816,234,101.64,37.512,7.942,0.285,39.459,12.551,4.723,0.212,0.563,1
470,113,41.113,16.878,8.524,0.84,17.205,9.192,1.98,0.505,0.904,0
8294,106,38.87,14.181,9.517,0.882,14.765,10.4,1.49,0.671,0.898,0
2690,207,89.841,32.325,8.153,0.322,36.401,12.112,3.965,0.252,0.645,1
2009,134,44.527,17.431,9.788,0.849,18.028,10.607,1.781,0.562,0.912,0
5664,211,101.64,37.896,7.089,0.257,43.081,10.866,5.346,0.187,0.591,1
6969,229,93.154,32.586,8.948,0.332,37.656,12.622,3.642,0.275,0.596,1
1863,138,43.355,14.342,12.251,0.923,15.297,12.728,1.171,0.854,0.908,0
1731,142,44.284,16.808,10.756,0.91,17.205,11.314,1.563,0.64,0.928,0
1639,88,34.042,12.341,9.079,0.954,13.038,9.899,1.359,0.736,0.907,0
8964,81,32.627,11.754,8.775,0.956,12.53,9.192,1.34,0.747,0.915,0
9652,277,123.782,40.544,8.699,0.227,44.643,16.292,4.661,0.215,0.459,1
1589,161,48.284,17.739,11.556,0.868,18.385,12.522,1.535,0.651,0.917,0
2693,225,94.912,29.638,9.666,0.314,36.674,14.509,3.066,0.326,0.554,1
6282,231,92.569,37.693,7.803,0.339,40.497,11.628,4.831,0.207,0.679,1
8466,217,103.154,34.177,8.084,0.256,44.011,12.598,4.228,0.237,0.601,1
2081,134,57.355,19.59,8.709,0.512,23.409,11.628,2.249,0.445,0.709,1
3018,193,93.054,27.921,8.801,0.28,34.482,15.037,3.173,0.315,0.496,1
205,190,92.569,30.808,7.852,0.279,35.355,11.685,3.923,0.255,0.541,1
2539,138,49.113,19.061,9.218,0.719,20.809,10.262,2.068,0.484,0.89,0
8593,122,40.627,14.423,10.77,0.929,14.866,11.0,1.339,0.747,0.931,0
3254,221,94.083,34.235,8.219,0.314,38.471,11.0,4.165,0.24,0.693,1
9273,119,41.456,16.133,9.391,0.87,16.643,10.262,1.718,0.582,0.926,0
2870,236,101.64,33.446,8.984,0.287,38.897,13.468,3.723,0.269,0.648,1
1007,107,38.627,15.368,8.865,0.901,15.811,9.0,1.734,0.577,0.93,0
7637,62,31.799,12.539,6.296,0.771,12.649,7.234,1.992,0.502,0.855,0
9173,158,63.698,23.448,8.58,0.489,26.173,10.0,2.733,0.366,0.776,1
4902,193,77.598,29.086,8.448,0.403,31.78,11.77,3.443,0.29,0.684,1
8307,92,36.87,14.299,8.192,0.85,14.765,9.153,1.745,0.573,0.893,0
4178,145,65.74,24.872,7.423,0.422,26.077,10.607,3.351,0.298,0.656,1
5450,168,84.669,30.779,6.95,0.294,34.928,11.347,4.429,0.226,0.567,1
2882,206,91.983,34.263,7.655,0.306,37.162,11.881,4.476,0.223,0.545,1
9079,73,30.627,9.894,9.394,0.978,10.77,9.899,1.053,0.949,0.907,0
8089,74,30.971,11.494,8.197,0.969,12.083,8.0,1.402,0.713,0.943,0
5322,238,97.882,37.479,8.085,0.312,40.0,11.505,4.635,0.216,0.613,1
3900,232,114.61,42.848,6.894,0.222,50.0,10.938,6.215,0.161,0.556,1
242,384,165.238,23.369,20.922,0.177,40.46,33.013,1.117,0.895,0.452,-1
6251,242,106.468,34.979,8.809,0.268,41.761,13.601,3.971,0.252,0.619,1
10537,380,78.669,24.166,20.021,0.772,26.571,21.0,1.207,0.829,0.9,-1
427,126,43.698,16.564,9.685,0.829,17.493,11.0,1.71,0.585,0.884,0
9550,120,40.042,14.12,10.821,0.941,14.866,11.0,1.305,0.766,0.92,0
6845,172,78.77,29.4,7.449,0.348,33.242,10.0,3.947,0.253,0.706,1
4323,204,79.983,31.962,8.127,0.401,34.409,11.276,3.933,0.254,0.688,1
8230,106,38.87,15.09,8.944,0.882,15.524,9.701,1.687,0.593,0.902,0
8251,88,34.627,12.784,8.764,0.922,13.601,9.0,1.459,0.686,0.917,0
9859,128,41.213,14.359,11.35,0.947,15.264,12.0,1.265,0.79,0.941,0
8975,106,37.698,13.914,9.7,0.937,14.866,10.539,1.434,0.697,0.906,0
2958,203,98.811,38.727,6.674,0.261,40.706,10.505,5.803,0.172,0.544,1
1899,128,42.284,16.245,10.033,0.9,16.643,10.607,1.619,0.618,0.924,0
6908,230,101.983,36.598,8.002,0.278,43.174,12.508,4.574,0.219,0.617,1
4292,439,104.125,33.119,16.877,0.509,38.079,21.079,1.962,0.51,0.798,-1
3587,221,95.983,35.584,7.908,0.301,42.953,11.544,4.5,0.222,0.688,1
6039,182,75.154,27.643,8.383,0.405,31.401,12.343,3.298,0.303,0.669,1
2163,88,34.627,12.981,8.631,0.922,13.601,9.192,1.504,0.665,0.917,0
3766,396,180.794,29.193,17.271,0.152,52.839,30.881,1.69,0.592,0.333,-1
5556,225,99.983,37.112,7.719,0.283,39.205,11.222,4.808,0.208,0.584,1
8929,135,49.456,18.362,9.361,0.694,19.723,10.672,1.962,0.51,0.868,0
2566,204,82.326,33.507,7.752,0.378,34.54,10.519,4.322,0.231,0.729,1
262,241,89.983,33.531,9.151,0.374,35.114,12.522,3.664,0.273,0.625,1
5269,139,46.527,17.155,10.317,0.807,18.682,11.49,1.663,0.601,0.888,0
2100,79,36.042,15.13,6.648,0.764,15.264,7.155,2.276,0.439,0.893,0
7421,169,87.598,31.969,6.731,0.277,37.121,10.909,4.75,0.211,0.612,1
4267,208,73.255,25.081,10.559,0.487,27.731,13.728,2.375,0.421,0.697,1
8835,96,36.042,12.879,9.491,0.929,13.601,10.0,1.357,0.737,0.897,0
6048,153,74.77,25.31,7.697,0.344,31.257,11.0,3.288,0.304,0.637,1
4168,117,47.355,17.064,8.73,0.656,19.416,10.262,1.955,0.512,0.827,0
1019,79,34.627,13.023,7.724,0.828,14.318,8.944,1.686,0.593,0.888,0
5884,194,87.154,30.442,8.114,0.321,32.573,12.017,3.752,0.267,0.56,1
9805,88,35.799,13.162,8.513,0.863,14.422,9.391,1.546,0.647,0.907,0
2410,146,57.255,21.691,8.57,0.56,23.707,10.817,2.531,0.395,0.779,1
10255,79,32.627,11.836,8.498,0.933,12.806,9.192,1.393,0.718,0.898,0
450,104,39.698,15.754,8.405,0.829,16.155,8.944,1.874,0.534,0.897,0
1533,126,42.284,15.333,10.463,0.886,16.125,10.85,1.465,0.682,0.9,0
3441,173,72.184,23.078,9.545,0.417,26.571,14.127,2.418,0.414,0.61,1
449,106,40.042,15.991,8.44,0.831,16.155,8.854,1.895,0.528,0.906,0
10177,190,83.012,32.296,7.491,0.346,35.128,10.0,4.312,0.232,0.699,1
7212,81,36.87,11.702,8.813,0.749,13.601,9.899,1.328,0.753,0.839,0
293,222,100.468,36.43,7.759,0.276,42.154,11.184,4.695,0.213,0.556,1
8280,109,40.627,16.172,8.582,0.83,16.492,9.0,1.885,0.531,0.912,0
8639,115,38.87,14.039,10.429,0.956,14.866,11.0,1.346,0.743,0.92,0
4226,198,82.569,30.968,8.141,0.365,32.45,11.511,3.804,0.263,0.595,1
1498,61,27.799,9.698,8.009,0.992,10.296,8.485,1.211,0.826,0.91,0
1196,122,41.698,16.146,9.621,0.882,16.553,10.2,1.678,0.596,0.914,0
1700,102,38.042,14.365,9.041,0.886,15.0,9.899,1.589,0.629,0.911,0
5922,52,29.799,11.343,5.837,0.736,12.166,6.0,1.943,0.515,0.874,0
4992,191,74.912,29.011,8.383,0.428,30.887,11.628,3.461,0.289,0.676,1
2663,161,70.083,25.88,7.921,0.412,27.803,10.607,3.267,0.306,0.725,1
4124,233,95.983,35.892,8.266,0.318,40.497,12.854,4.342,0.23,0.631,1
4723,170,72.77,28.001,7.73,0.403,30.414,10.394,3.622,0.276,0.731,1
6921,209,94.912,28.941,9.195,0.292,34.015,14.424,3.148,0.318,0.514,1
5188,196,80.426,28.102,8.88,0.381,32.573,12.0,3.165,0.316,0.733,1
254,153,67.841,23.561,8.268,0.418,25.71,10.85,2.849,0.351,0.654,1
1568,95,35.213,13.088,9.242,0.963,13.892,9.899,1.416,0.706,0.941,0
9392,165,66.426,21.039,9.986,0.47,23.345,13.0,2.107,0.475,0.678,1
3760,238,111.296,34.095,8.888,0.241,42.059,14.566,3.836,0.261,0.501,1
4887,186,73.841,29.654,7.986,0.429,31.321,10.752,3.713,0.269,0.741,1
1047,104,39.213,15.509,8.538,0.85,15.811,9.0,1.817,0.55,0.916,0
4490,213,88.326,34.686,7.819,0.343,37.59,11.857,4.436,0.225,0.634,1
4736,116,40.042,14.302,10.327,0.909,14.866,11.0,1.385,0.722,0.921,0
3281,213,86.669,33.237,8.16,0.356,34.132,11.813,4.073,0.245,0.627,1
3350,245,107.397,24.921,12.517,0.267,35.847,19.969,1.991,0.502,0.52,1
2088,147,65.012,25.128,7.448,0.437,26.926,10.286,3.374,0.296,0.712,1
2597,158,65.841,20.781,9.68,0.458,25.554,13.138,2.147,0.466,0.662,1
10517,73,30.971,11.562,8.039,0.956,12.083,8.0,1.438,0.695,0.936,0
8726,116,39.698,14.388,10.265,0.925,15.297,11.0,1.402,0.713,0.903,0
3088,284,109.296,41.516,8.71,0.299,42.953,12.639,4.766,0.21,0.604,1
8548,207,64.912,26.058,10.114,0.617,25.807,11.314,2.576,0.388,0.835,-1
5229,191,83.74,30.146,8.067,0.342,33.422,11.9,3.737,0.268,0.61,1
2887,192,90.912,32.134,7.607,0.292,35.341,11.144,4.224,0.237,0.546,1
8193,243,119.882,19.25,16.073,0.212,37.336,26.888,1.198,0.835,0.396,-1
3256,417,156.853,26.146,20.307,0.213,41.773,31.702,1.288,0.777,0.466,-1
6628,199,88.811,33.349,7.598,0.317,36.401,10.854,4.389,0.228,0.567,1
313,267,107.154,40.03,8.493,0.292,42.953,11.752,4.713,0.212,0.624,1
4941,194,62.77,23.368,10.57,0.619,24.839,12.728,2.211,0.452,0.827,1
6747,157,67.355,22.444,8.907,0.435,26.249,12.758,2.52,0.397,0.637,1
6973,184,80.326,31.789,7.37,0.358,33.541,11.476,4.314,0.232,0.632,1
5583,198,75.841,29.349,8.59,0.433,30.414,12.0,3.417,0.293,0.675,1
7575,417,95.154,32.515,16.329,0.579,35.777,19.557,1.991,0.502,0.817,-1
6690,220,90.569,33.153,8.449,0.337,36.139,12.539,3.924,0.255,0.588,1
10394,73,30.385,11.316,8.214,0.994,12.207,8.944,1.378,0.726,0.93,0
5929,161,66.426,23.093,8.877,0.459,26.306,11.0,2.601,0.384,0.727,1
4601,180,65.012,24.078,9.518,0.535,25.0,11.415,2.53,0.395,0.773,1
5063,156,48.042,17.237,11.523,0.849,18.028,12.0,1.496,0.669,0.915,0
10072,114,39.456,15.091,9.618,0.92,15.652,10.286,1.569,0.637,0.931,0
6330,211,61.355,24.007,11.191,0.704,23.854,13.399,2.145,0.466,0.849,-1
2326,140,44.87,17.386,10.252,0.874,17.889,10.733,1.696,0.59,0.921,0
2204,93,34.627,12.59,9.405,0.975,13.416,9.899,1.339,0.747,0.939,0
2584,221,76.326,29.332,9.593,0.477,31.765,12.279,3.058,0.327,0.757,1
7428,181,82.083,33.942,6.79,0.338,35.114,10.396,4.999,0.2,0.649,1
2839,210,88.569,37.797,7.074,0.336,38.079,10.286,5.343,0.187,0.628,1
4619,172,68.083,26.728,8.194,0.466,27.785,11.021,3.262,0.307,0.72,1
2472,252,115.397,34.168,9.391,0.238,41.593,15.577,3.639,0.275,0.522,1
9629,135,44.627,16.994,10.114,0.852,17.493,10.752,1.68,0.595,0.928,0
7911,87,35.213,13.274,8.345,0.882,13.892,9.153,1.591,0.629,0.902,0
3233,198,106.569,39.669,6.355,0.219,46.573,9.933,6.242,0.16,0.541,1
4558,176,66.669,26.262,8.533,0.498,27.803,10.607,3.078,0.325,0.762,1
9321,291,137.296,40.105,9.239,0.194,55.471,16.531,4.341,0.23,0.406,1
6394,412,146.024,30.756,17.056,0.243,43.186,26.823,1.803,0.555,0.529,-1
961,211,111.296,37.303,7.202,0.214,45.891,12.258,5.18,0.193,0.485,1
5371,154,61.355,17.498,11.206,0.514,20.616,14.162,1.562,0.64,0.705,1
3696,210,84.569,24.216,11.041,0.369,30.61,16.2,2.193,0.456,0.604,-1
4683,160,62.284,24.183,8.424,0.518,26.926,11.0,2.871,0.348,0.79,1
6504,486,150.024,28.789,21.494,0.271,40.497,26.989,1.339,0.747,0.628,-1
5448,101,42.284,15.675,8.204,0.71,18.028,9.391,1.911,0.523,0.849,1
7628,211,80.912,26.956,9.966,0.405,29.614,12.735,2.705,0.37,0.7,-1
9892,93,40.87,15.448,7.665,0.7,17.0,8.497,2.015,0.496,0.853,1
3264,122,47.113,17.802,8.726,0.691,19.416,10.607,2.04,0.49,0.841,1
9914,228,111.882,32.969,8.805,0.229,43.6,14.363,3.744,0.267,0.429,1
4994,181,71.012,26.774,8.607,0.451,29.411,11.709,3.111,0.321,0.74,1
4733,194,78.669,28.696,8.608,0.394,32.573,12.108,3.334,0.3,0.681,1
9761,52,26.971,10.106,6.551,0.898,10.44,7.0,1.543,0.648,0.889,0
4607,165,66.426,27.5,7.639,0.47,28.178,10.255,3.6,0.278,0.75,1
4210,184,81.255,27.309,8.579,0.35,30.594,11.0,3.183,0.314,0.61,1
7826,198,76.083,26.91,9.368,0.43,29.732,13.185,2.872,0.348,0.683,1
7079,207,95.497,37.576,7.014,0.285,40.804,11.149,5.357,0.187,0.594,1
3237,197,87.983,31.343,8.003,0.32,38.419,12.2,3.917,0.255,0.613,1
9949,285,100.669,31.643,11.468,0.353,40.522,15.689,2.759,0.362,0.691,1
6777,230,91.497,35.193,8.321,0.345,36.77,12.286,4.229,0.236,0.643,1
7462,196,102.711,35.537,7.022,0.233,43.267,11.401,5.061,0.198,0.468,1
6848,204,79.983,31.458,8.257,0.401,32.802,11.314,3.81,0.262,0.695,1
7952,86,34.627,12.726,8.604,0.901,13.416,9.391,1.479,0.676,0.905,0
3684,178,64.77,22.467,10.087,0.533,24.207,13.2,2.227,0.449,0.715,1
10415,86,34.385,13.578,8.064,0.914,13.928,8.0,1.684,0.594,0.93,0
8628,128,43.456,17.36,9.388,0.852,17.889,10.213,1.849,0.541,0.928,0
412,52,29.213,11.971,5.531,0.766,12.083,6.314,2.164,0.462,0.832,-1
5376,120,47.113,18.032,8.473,0.679,20.0,9.899,2.128,0.47,0.848,1
1575,146,46.284,16.914,10.99,0.856,17.464,11.384,1.539,0.65,0.904,0
7962,87,35.213,13.391,8.272,0.882,13.892,8.875,1.619,0.618,0.906,0
312,246,109.397,43.323,7.23,0.258,47.434,11.102,5.992,0.167,0.582,1
1419,140,44.87,16.698,10.675,0.874,17.464,11.157,1.564,0.639,0.912,0
4671,195,84.669,28.495,8.713,0.342,34.176,12.457,3.27,0.306,0.658,1
1845,124,41.456,15.506,10.182,0.907,16.155,11.0,1.523,0.657,0.915,0
7613,76,36.87,15.0,6.451,0.703,15.232,7.222,2.325,0.43,0.84,0
1817,106,38.385,14.417,9.361,0.904,14.866,9.0,1.54,0.649,0.938,0
6097,146,61.598,22.75,8.171,0.484,25.239,9.899,2.784,0.359,0.728,1
8487,173,74.912,26.15,8.423,0.387,28.636,12.348,3.105,0.322,0.605,1
6456,191,86.569,30.368,8.008,0.32,34.176,12.361,3.792,0.264,0.576,1
7276,102,37.213,14.157,9.174,0.926,14.56,9.0,1.543,0.648,0.932,0
9471,126,40.284,14.557,11.02,0.976,15.264,11.314,1.321,0.757,0.933,0
5573,157,70.426,26.388,7.575,0.398,28.16,10.295,3.483,0.287,0.654,1
4020,177,68.184,25.766,8.746,0.478,28.16,10.903,2.946,0.339,0.745,1
954,128,44.184,18.009,9.049,0.824,18.028,9.192,1.99,0.502,0.905,0
5240,172,74.912,29.897,7.325,0.385,32.65,10.545,4.082,0.245,0.679,1
1709,102,36.042,12.655,10.263,0.987,13.416,10.607,1.233,0.811,0.936,0
4418,125,41.698,16.3,9.764,0.903,16.643,10.4,1.669,0.599,0.916,0
9951,89,57.012,19.479,5.817,0.344,22.472,8.885,3.348,0.299,0.608,-1
458,98,39.113,15.933,7.831,0.805,16.125,8.485,2.035,0.492,0.887,0
9116,210,93.64,35.621,7.506,0.301,38.626,11.628,4.745,0.211,0.615,1
2558,212,95.74,34.739,7.77,0.291,37.121,12.0,4.471,0.224,0.588,1
2443,140,50.527,18.74,9.512,0.689,20.396,11.0,1.97,0.508,0.833,1
6670,193,83.74,34.777,7.066,0.346,36.249,10.733,4.922,0.203,0.647,1
9822,110,38.87,14.542,9.631,0.915,15.264,10.262,1.51,0.662,0.909,0
9529,115,40.627,13.457,10.881,0.876,14.318,11.0,1.237,0.809,0.902,0
2172,82,32.627,12.378,8.435,0.968,13.038,9.192,1.467,0.681,0.916,0
5909,187,75.012,31.381,7.587,0.418,32.65,10.733,4.136,0.242,0.741,1
5809,182,71.841,27.133,8.54,0.443,28.792,12.175,3.177,0.315,0.659,1
7400,148,75.497,29.379,6.414,0.326,31.385,9.913,4.581,0.218,0.565,1
9511,62,28.385,9.245,8.539,0.967,10.296,9.0,1.083,0.924,0.912,0
2875,194,91.397,35.581,6.942,0.292,39.812,10.199,5.125,0.195,0.61,1
10459,72,30.971,11.674,7.853,0.943,12.806,8.485,1.487,0.673,0.941,0
1868,126,41.456,15.564,10.308,0.921,16.155,11.0,1.51,0.662,0.926,0
9444,96,35.799,13.337,9.165,0.941,13.928,9.0,1.455,0.687,0.937,0
7792,207,87.154,34.927,7.546,0.342,35.805,11.327,4.629,0.216,0.608,1
9047,111,40.87,15.557,9.085,0.835,16.492,9.701,1.712,0.584,0.899,0
2755,185,74.083,27.698,8.504,0.424,28.792,11.662,3.257,0.307,0.665,1
3812,168,77.941,31.853,6.715,0.348,33.734,9.0,4.743,0.211,0.687,1
3735,193,80.669,23.933,10.268,0.373,28.018,14.576,2.331,0.429,0.591,1
9668,187,69.012,25.682,9.271,0.493,26.476,12.0,2.77,0.361,0.784,1
2538,237,119.74,43.252,6.977,0.208,47.518,11.577,6.199,0.161,0.524,1
4293,222,76.083,26.486,10.672,0.482,30.232,14.636,2.482,0.403,0.704,1
5090,178,66.426,26.991,8.397,0.507,28.018,11.0,3.214,0.311,0.776,1
7549,79,32.042,10.603,9.486,0.967,11.705,9.899,1.118,0.895,0.908,0
10294,185,70.184,27.099,8.692,0.472,26.926,10.539,3.118,0.321,0.733,1
3671,162,73.255,28.877,7.143,0.379,31.305,10.733,4.043,0.247,0.679,1
4511,120,40.87,14.994,10.19,0.903,15.652,11.094,1.471,0.68,0.913,0
8931,93,36.042,13.74,8.618,0.9,14.213,9.192,1.594,0.627,0.916,0
240,186,69.598,26.903,8.803,0.483,28.231,11.88,3.056,0.327,0.728,1
6150,82,34.627,12.772,8.175,0.859,13.342,8.854,1.562,0.64,0.896,0
1018,112,40.042,15.791,9.031,0.878,16.643,10.286,1.749,0.572,0.922,0
6328,118,40.284,15.313,9.811,0.914,15.811,10.539,1.561,0.641,0.915,0
8660,85,33.799,11.58,9.346,0.935,12.53,10.0,1.239,0.807,0.914,0
9362,271,108.711,27.304,12.637,0.288,34.132,16.8,2.161,0.463,0.544,1
4675,385,156.167,37.829,12.958,0.198,50.695,22.784,2.919,0.343,0.456,-1
7953,99,37.213,14.282,8.826,0.898,15.264,9.899,1.618,0.618,0.93,0
9324,218,91.74,37.983,7.308,0.325,38.328,10.644,5.198,0.192,0.696,1
5640,124,41.799,16.555,9.537,0.892,16.763,9.0,1.736,0.576,0.954,0
4507,120,41.113,15.13,10.098,0.892,15.652,10.607,1.498,0.667,0.906,0
9595,230,104.468,41.908,6.988,0.265,46.4,10.506,5.997,0.167,0.571,1
10118,149,72.184,25.54,7.428,0.359,29.12,10.612,3.438,0.291,0.623,1
5613,122,41.456,15.99,9.715,0.892,16.643,10.607,1.646,0.608,0.928,0
5452,184,82.225,28.953,8.092,0.342,31.385,12.198,3.578,0.279,0.571,1
628,91,37.213,14.783,7.838,0.826,15.264,8.497,1.886,0.53,0.905,0
3921,235,117.983,41.545,7.202,0.212,49.163,11.805,5.768,0.173,0.491,1
7900,91,37.213,14.487,7.998,0.826,14.56,9.0,1.811,0.552,0.879,0
8823,102,36.627,13.473,9.64,0.955,14.318,10.0,1.398,0.715,0.936,0
2945,101,39.456,15.933,8.071,0.815,16.492,8.854,1.974,0.507,0.91,0
386,111,38.627,12.307,11.484,0.935,13.038,12.0,1.072,0.933,0.921,0
7319,216,93.74,31.85,8.635,0.309,36.77,13.46,3.689,0.271,0.571,1
2563,291,109.397,26.87,13.789,0.306,34.986,21.911,1.949,0.513,0.542,1
2134,91,34.042,13.0,8.913,0.987,13.601,9.192,1.459,0.686,0.933,0
5990,231,93.74,36.488,8.061,0.33,40.249,12.745,4.527,0.221,0.633,1
3817,149,73.841,28.095,6.752,0.343,31.78,9.918,4.161,0.24,0.664,1
1316,171,62.527,23.678,9.195,0.55,25.807,11.779,2.575,0.388,0.783,1
1593,126,42.042,16.284,9.852,0.896,16.492,10.0,1.653,0.605,0.926,0
4410,131,42.042,15.373,10.85,0.931,15.811,11.0,1.417,0.706,0.932,0
7674,166,76.326,24.94,8.475,0.358,29.53,13.042,2.943,0.34,0.575,1
8415,103,40.042,16.287,8.052,0.807,16.553,8.854,2.023,0.494,0.907,0
8235,73,30.971,11.812,7.869,0.956,12.53,8.0,1.501,0.666,0.942,0
10542,97,36.971,14.227,8.681,0.892,14.765,9.0,1.639,0.61,0.933,0
7470,215,87.397,33.503,8.171,0.354,34.67,11.235,4.1,0.244,0.645,1
7640,61,47.799,20.973,3.703,0.336,21.213,5.0,5.663,0.177,0.731,-1
7455,121,40.87,15.647,9.846,0.91,16.763,10.0,1.589,0.629,0.924,0
2017,104,38.87,14.225,9.309,0.865,15.133,10.0,1.528,0.654,0.9,0
2745,358,146.752,31.378,14.527,0.209,44.922,24.749,2.16,0.463,0.469,1
5977,181,84.326,28.587,8.062,0.32,33.601,12.207,3.546,0.282,0.611,1
7353,125,59.012,20.737,7.675,0.451,24.597,10.462,2.702,0.37,0.744,1
3225,222,113.882,36.688,7.704,0.215,46.487,11.557,4.762,0.21,0.506,1
5953,176,80.912,30.614,7.32,0.338,34.67,11.043,4.182,0.239,0.655,1
5118,177,73.012,27.983,8.054,0.417,29.428,10.543,3.475,0.288,0.69,1
3016,280,106.811,35.656,9.998,0.308,42.953,15.55,3.566,0.28,0.616,1
5135,219,87.841,34.023,8.196,0.357,35.847,11.7,4.151,0.241,0.653,1
9856,247,115.054,35.827,8.778,0.234,45.277,14.194,4.081,0.245,0.498,1
8872,134,63.255,26.22,6.507,0.421,27.459,9.323,4.029,0.248,0.689,1
4099,132,42.527,15.268,11.008,0.917,16.155,12.021,1.387,0.721,0.904,0
514,277,84.083,28.686,12.295,0.492,32.388,15.796,2.333,0.429,0.729,-1
7619,109,42.284,14.321,9.691,0.766,16.492,10.733,1.478,0.677,0.862,0
10478,123,52.527,19.412,8.068,0.56,22.847,10.165,2.406,0.416,0.755,1
10179,215,106.912,36.067,7.59,0.236,46.043,10.427,4.752,0.21,0.572,1
6195,294,142.811,52.007,7.198,0.181,62.201,12.0,7.225,0.138,0.507,1
2610,196,72.326,19.627,12.715,0.471,25.239,16.993,1.544,0.648,0.718,-1
9231,121,41.456,15.415,9.994,0.885,15.811,10.539,1.542,0.648,0.913,0
6465,186,73.012,25.415,9.318,0.438,27.803,12.949,2.727,0.367,0.66,1
4276,206,90.912,34.551,7.591,0.313,38.91,10.871,4.551,0.22,0.604,1
10057,427,131.338,38.721,14.041,0.311,49.396,21.308,2.758,0.363,0.582,-1
279,164,58.426,22.824,9.149,0.604,24.413,10.607,2.495,0.401,0.824,1
8917,167,52.042,17.384,12.232,0.775,18.868,13.761,1.421,0.704,0.868,-1
2718,110,38.627,14.204,9.86,0.926,14.765,10.436,1.441,0.694,0.924,0
8575,231,62.77,25.189,11.677,0.737,25.632,13.218,2.157,0.464,0.885,-1
4353,190,76.669,29.685,8.149,0.406,32.894,11.628,3.643,0.275,0.714,1
4524,126,42.527,15.506,10.346,0.875,16.155,11.314,1.499,0.667,0.894,0
7649,236,94.811,34.694,8.661,0.33,40.46,12.936,4.006,0.25,0.643,1
2614,191,74.083,26.281,9.253,0.437,27.459,12.425,2.84,0.352,0.685,1
4526,236,101.054,40.66,7.39,0.29,44.777,11.371,5.502,0.182,0.644,1
4443,201,77.154,32.578,7.856,0.424,33.422,10.744,4.147,0.241,0.713,1
3563,218,113.154,42.061,6.599,0.214,48.094,10.623,6.374,0.157,0.534,1
946,156,58.284,18.248,10.885,0.577,19.723,12.0,1.676,0.597,0.823,-1
1164,93,35.456,13.902,8.517,0.93,14.422,9.192,1.632,0.613,0.916,0
4238,213,90.912,30.259,8.963,0.324,35.228,13.829,3.376,0.296,0.581,1
7095,170,65.598,25.326,8.547,0.496,27.857,11.466,2.963,0.337,0.771,1
5793,184,80.912,31.631,7.407,0.353,34.482,11.276,4.271,0.234,0.662,1
620,93,37.213,13.991,8.463,0.844,14.142,8.974,1.653,0.605,0.899,0
2674,199,59.941,23.557,10.756,0.696,24.597,12.075,2.19,0.457,0.877,1
3970,229,117.539,28.704,10.158,0.208,38.288,20.927,2.826,0.354,0.416,1
9411,91,35.213,12.854,9.014,0.922,13.342,9.0,1.426,0.701,0.919,0
5644,229,91.983,37.37,7.802,0.34,39.446,11.439,4.79,0.209,0.692,1
659,50,24.728,8.586,7.415,1.0,9.434,7.0,1.158,0.864,0.952,0
5546,100,37.213,14.173,8.983,0.907,14.765,9.839,1.578,0.634,0.926,0
9062,202,87.74,25.595,10.049,0.33,32.985,14.034,2.547,0.393,0.584,1
8041,90,35.213,13.241,8.654,0.912,13.601,9.0,1.53,0.654,0.918,0
3534,197,83.497,31.102,8.065,0.355,34.986,11.51,3.857,0.259,0.649,1
7782,119,40.042,14.788,10.246,0.933,15.524,10.0,1.443,0.693,0.937,0
5381,237,85.397,36.561,8.254,0.408,37.014,11.61,4.43,0.226,0.711,1
5801,182,72.426,28.121,8.241,0.436,30.676,11.264,3.412,0.293,0.737,1
4686,256,105.64,40.055,8.138,0.288,42.485,11.628,4.922,0.203,0.59,1
952,210,97.497,37.233,7.181,0.278,41.485,11.02,5.185,0.193,0.6,1
1616,178,73.598,28.865,7.852,0.413,31.048,10.469,3.676,0.272,0.721,1
5691,186,77.74,31.684,7.474,0.387,32.311,10.733,4.239,0.236,0.686,1
2083,132,63.598,21.321,7.883,0.41,23.259,10.678,2.705,0.37,0.627,1
1623,200,66.184,23.401,10.882,0.574,24.839,12.903,2.15,0.465,0.787,1
2186,89,34.042,12.095,9.369,0.965,13.038,9.899,1.291,0.775,0.908,0
6076,178,87.598,29.962,7.564,0.292,33.956,12.0,3.961,0.252,0.531,1
5008,105,40.284,15.492,8.63,0.813,16.643,9.839,1.795,0.557,0.882,0
912,55,26.142,9.093,7.702,1.0,10.0,8.0,1.181,0.847,0.94,0
7642,162,74.083,27.978,7.372,0.371,30.414,10.512,3.795,0.264,0.63,1
5527,186,74.77,30.754,7.701,0.418,31.145,10.0,3.994,0.25,0.767,1
9679,227,87.882,30.384,9.512,0.369,31.385,15.556,3.194,0.313,0.602,1
6203,207,95.154,33.234,7.931,0.287,40.817,12.118,4.191,0.239,0.603,1
1137,120,41.799,16.001,9.549,0.863,16.553,10.0,1.676,0.597,0.927,0
3319,182,86.083,30.499,7.598,0.309,34.482,11.18,4.014,0.249,0.58,1
6653,255,94.811,35.593,9.122,0.356,39.217,12.164,3.902,0.256,0.634,1
92,267,135.196,32.532,10.45,0.184,47.17,20.733,3.113,0.321,0.399,1
6353,116,39.799,14.728,10.028,0.92,15.232,10.0,1.469,0.681,0.939,0
228,153,53.698,21.525,9.05,0.667,21.587,10.0,2.378,0.42,0.867,1
1309,273,101.64,34.2,10.164,0.332,39.357,14.299,3.365,0.297,0.585,1
9549,133,42.627,14.52,11.663,0.92,15.232,11.884,1.245,0.803,0.924,0
5197,210,79.983,33.264,8.038,0.413,33.838,11.401,4.138,0.242,0.711,1
8343,167,101.397,34.956,6.083,0.204,43.681,11.127,5.747,0.174,0.497,1
4876,412,162.995,36.879,14.224,0.195,61.074,21.816,2.593,0.386,0.463,-1
6988,213,86.912,30.919,8.771,0.354,32.696,12.522,3.525,0.284,0.591,1
6932,206,83.983,33.197,7.901,0.367,33.615,10.332,4.202,0.238,0.659,1
796,120,42.042,16.351,9.344,0.853,16.763,9.803,1.75,0.571,0.916,0
1660,122,42.042,16.64,9.335,0.867,17.088,10.0,1.783,0.561,0.917,0
2080,146,67.255,21.847,8.509,0.406,25.554,11.119,2.568,0.389,0.649,1
3746,192,76.569,30.478,8.021,0.412,31.623,10.478,3.8,0.263,0.701,1
256,162,61.598,21.363,9.655,0.537,22.561,12.0,2.213,0.452,0.75,1
1184,118,40.042,15.188,9.892,0.925,16.125,10.607,1.535,0.651,0.94,0
1992,84,33.799,12.147,8.805,0.924,12.649,9.0,1.38,0.725,0.913,0
6879,99,37.799,13.156,9.581,0.871,14.765,10.0,1.373,0.728,0.921,0
9239,141,45.355,17.118,10.487,0.861,17.493,11.011,1.632,0.613,0.898,0
2886,235,117.196,34.172,8.756,0.215,45.804,14.142,3.903,0.256,0.518,1
5293,108,38.627,14.401,9.548,0.91,14.866,10.0,1.508,0.663,0.923,0
9368,276,93.74,36.979,9.503,0.395,36.222,12.126,3.891,0.257,0.7,1
6244,52,26.385,9.393,7.049,0.939,10.296,7.778,1.333,0.75,0.889,0
266,91,36.627,12.507,9.264,0.852,13.601,9.839,1.35,0.741,0.897,0
2198,100,36.284,13.621,9.348,0.954,14.318,9.899,1.457,0.686,0.917,0
1562,96,36.042,12.792,9.555,0.929,13.601,10.0,1.339,0.747,0.914,0
6872,356,150.024,30.231,14.993,0.199,49.244,23.873,2.016,0.496,0.459,-1
5714,96,35.456,12.614,9.69,0.96,13.342,10.0,1.302,0.768,0.914,0
2075,84,33.799,12.35,8.66,0.924,13.0,9.0,1.426,0.701,0.903,0
4070,132,43.698,15.153,11.091,0.869,16.155,12.021,1.366,0.732,0.901,0
5897,192,73.255,28.394,8.61,0.45,29.682,12.001,3.298,0.303,0.702,1
973,234,86.083,24.866,11.982,0.397,28.601,15.575,2.075,0.482,0.665,1
5254,249,87.154,31.022,10.22,0.412,34.54,13.423,3.036,0.329,0.682,1
3241,211,117.74,42.515,6.319,0.191,50.249,9.872,6.728,0.149,0.517,1
2048,88,34.627,12.309,9.103,0.922,13.0,9.803,1.352,0.74,0.907,0
4062,113,38.627,13.599,10.58,0.952,14.318,11.0,1.285,0.778,0.922,0
7807,192,88.669,33.69,7.256,0.307,37.336,10.465,4.643,0.215,0.591,1
10555,81,32.385,11.531,8.944,0.971,12.083,9.0,1.289,0.776,0.931,0
1129,99,39.113,15.93,7.913,0.813,16.155,8.497,2.013,0.497,0.884,0
10026,138,45.355,18.127,9.693,0.843,18.358,10.307,1.87,0.535,0.899,-1
4355,212,84.569,33.378,8.087,0.373,36.401,10.912,4.127,0.242,0.72,1
2691,255,126.569,45.865,7.079,0.2,52.612,12.718,6.479,0.154,0.493,1
178,149,48.527,18.625,10.186,0.795,19.723,11.18,1.829,0.547,0.914,0
696,91,36.284,15.059,7.694,0.869,15.264,8.4,1.957,0.511,0.901,0
133,112,48.527,17.931,7.953,0.598,19.313,10.298,2.255,0.444,0.783,1
3510,194,73.841,25.216,9.796,0.447,27.459,12.0,2.574,0.388,0.781,1
1495,97,36.627,13.387,9.226,0.909,14.213,9.899,1.451,0.689,0.919,0
4534,120,40.042,14.479,10.552,0.941,15.232,11.0,1.372,0.729,0.934,0
2306,105,38.627,14.407,9.279,0.884,15.133,9.0,1.553,0.644,0.925,0
6373,480,169.823,31.658,19.305,0.209,48.918,27.425,1.64,0.61,0.489,-1
688,85,35.456,14.288,7.574,0.85,15.0,8.485,1.886,0.53,0.895,0
1914,92,36.284,13.272,8.826,0.878,14.142,9.192,1.504,0.665,0.889,0
6773,411,145.782,49.856,10.496,0.243,58.31,15.851,4.75,0.211,0.608,-1
4256,210,90.669,35.994,7.428,0.321,38.275,11.186,4.845,0.206,0.632,1
2022,222,55.113,18.214,15.519,0.918,19.723,16.0,1.174,0.852,0.933,0
526,196,101.255,40.905,6.101,0.24,45.354,9.836,6.705,0.149,0.625,1
4518,192,74.527,30.258,8.079,0.434,31.575,10.0,3.745,0.267,0.787,1
6220,233,103.74,40.186,7.382,0.272,44.181,10.381,5.444,0.184,0.612,1
9155,131,43.355,15.662,10.65,0.876,16.155,11.314,1.471,0.68,0.888,0
44,126,47.355,18.175,8.827,0.706,19.416,10.6,2.059,0.486,0.826,1
9090,127,42.627,15.844,10.206,0.878,16.553,10.733,1.552,0.644,0.93,0
8228,113,39.213,15.406,9.339,0.923,15.811,9.0,1.65,0.606,0.942,0
4425,158,59.941,23.505,8.559,0.553,24.597,11.208,2.746,0.364,0.765,1
1362,100,36.87,14.065,9.053,0.924,14.422,9.839,1.554,0.644,0.913,0
9925,200,112.853,41.8,6.092,0.197,50.329,9.309,6.862,0.146,0.522,1
9971,201,102.125,43.209,5.923,0.242,45.607,10.21,7.295,0.137,0.576,1
3582,219,95.397,32.996,8.451,0.302,38.013,13.415,3.904,0.256,0.598,1
6590,168,79.255,25.451,8.404,0.336,30.463,11.53,3.028,0.33,0.606,1
3032,194,82.912,27.4,9.015,0.355,31.401,12.509,3.039,0.329,0.625,1
2232,80,33.213,12.973,7.851,0.911,13.601,8.0,1.652,0.605,0.914,0
941,222,123.64,35.211,8.028,0.182,51.157,14.224,4.386,0.228,0.441,1
8271,105,38.971,15.793,8.465,0.869,15.811,8.0,1.866,0.536,0.955,0
2415,228,88.569,30.001,9.676,0.365,36.056,14.235,3.1,0.323,0.613,1
4078,173,51.698,19.648,11.211,0.813,20.248,12.522,1.753,0.571,0.896,0
5421,120,40.87,14.778,10.339,0.903,15.264,10.733,1.429,0.7,0.916,0
4982,171,65.497,24.783,8.785,0.501,26.077,10.607,2.821,0.354,0.717,1
2965,191,94.225,23.295,10.439,0.27,29.547,16.263,2.231,0.448,0.555,1
6568,195,101.841,39.914,6.22,0.236,44.407,9.0,6.417,0.156,0.644,1
7416,125,60.426,24.549,6.483,0.43,26.42,8.497,3.787,0.264,0.723,-1
10172,214,87.255,30.927,8.81,0.353,35.44,12.161,3.51,0.285,0.643,1
4237,336,86.225,26.325,16.251,0.568,30.676,16.939,1.62,0.617,0.838,-1
9094,103,37.456,14.359,9.133,0.923,14.866,9.701,1.572,0.636,0.912,0
3608,164,72.912,29.045,7.189,0.388,31.401,10.151,4.04,0.248,0.671,1
7695,211,107.539,41.638,6.452,0.229,48.415,10.835,6.454,0.155,0.573,1
10232,203,112.711,36.859,7.012,0.201,46.228,13.013,5.256,0.19,0.456,1
6663,223,107.64,21.06,13.482,0.242,32.894,22.896,1.562,0.64,0.465,-1
9941,205,102.125,43.42,6.011,0.247,46.325,9.416,7.223,0.138,0.602,1
5804,186,64.284,24.559,9.643,0.566,25.0,11.801,2.547,0.393,0.821,1
7568,82,36.627,11.483,9.092,0.768,13.038,9.899,1.263,0.792,0.845,0
9202,302,128.51,33.592,11.447,0.23,48.877,20.907,2.935,0.341,0.451,-1
6572,152,75.255,23.1,8.378,0.337,30.232,12.769,2.757,0.363,0.569,1
6019,234,88.569,34.43,8.653,0.375,35.44,12.232,3.979,0.251,0.664,1
2229,87,34.627,13.274,8.345,0.912,14.213,9.192,1.591,0.629,0.911,0
871,104,38.87,14.725,8.993,0.865,15.297,9.459,1.637,0.611,0.893,0
144,119,40.627,14.97,10.121,0.906,15.652,10.59,1.479,0.676,0.919,0
2188,88,35.213,12.783,8.765,0.892,13.601,9.839,1.458,0.686,0.907,0
5425,127,41.456,14.842,10.895,0.929,15.811,11.0,1.362,0.734,0.93,0
9520,282,118.853,42.576,8.433,0.251,46.325,14.897,5.049,0.198,0.516,1
4820,170,68.426,25.751,8.406,0.456,29.155,11.794,3.063,0.326,0.738,1
10225,58,41.698,15.564,4.745,0.419,18.358,7.045,3.28,0.305,0.627,-1
2925,220,100.811,34.525,8.113,0.272,41.881,13.389,4.255,0.235,0.536,1
3775,218,93.64,28.639,9.692,0.312,35.0,14.84,2.955,0.338,0.588,1
3172,181,75.154,29.282,7.87,0.403,31.401,10.607,3.721,0.269,0.702,1
2609,157,61.598,23.854,8.38,0.52,25.632,11.03,2.847,0.351,0.783,1
8390,108,40.042,16.119,8.531,0.846,16.763,9.0,1.89,0.529,0.927,0
4169,342,131.439,52.601,8.278,0.249,57.983,11.509,6.354,0.157,0.637,-1
1748,131,42.87,16.194,10.3,0.896,16.643,10.976,1.572,0.636,0.923,0
9548,120,39.698,12.679,12.051,0.957,13.601,12.021,1.052,0.95,0.913,0
10224,142,56.284,18.879,9.577,0.563,22.804,11.463,1.971,0.507,0.782,1
5411,121,40.042,14.492,10.631,0.948,15.264,11.314,1.363,0.734,0.934,0
8001,109,38.87,14.181,9.787,0.907,14.765,10.607,1.449,0.69,0.908,0
5846,180,71.012,29.145,7.863,0.449,30.463,11.142,3.706,0.27,0.69,1
2379,75,32.627,10.25,9.316,0.885,11.705,9.944,1.1,0.909,0.872,0
10312,74,30.627,11.721,8.039,0.991,12.53,8.485,1.458,0.686,0.925,0
3702,384,144.752,27.575,17.731,0.23,41.617,28.6,1.555,0.643,0.5,-1
1349,137,43.456,16.258,10.729,0.912,16.763,11.0,1.515,0.66,0.923,0
4505,127,41.456,14.666,11.025,0.929,15.264,11.7,1.33,0.752,0.924,0
8760,415,179.723,41.711,12.668,0.161,60.299,19.82,3.293,0.304,0.53,-1
159,138,46.527,16.525,10.633,0.801,17.464,11.571,1.554,0.643,0.879,0
5138,187,70.569,29.309,8.124,0.472,30.529,10.718,3.608,0.277,0.77,1
3784,176,74.426,28.269,7.927,0.399,31.401,10.237,3.566,0.28,0.732,1
3282,237,103.782,33.189,9.092,0.277,39.051,15.587,3.65,0.274,0.53,1
4339,359,134.024,27.236,16.782,0.251,38.079,26.718,1.623,0.616,0.548,-1
3393,231,102.468,41.127,7.151,0.276,42.438,11.447,5.751,0.174,0.545,1
9256,109,38.627,14.455,9.601,0.918,15.232,10.0,1.506,0.664,0.928,0
4272,181,70.426,27.121,8.497,0.459,27.785,11.18,3.192,0.313,0.706,1
5710,94,35.456,13.598,8.802,0.94,14.213,9.192,1.545,0.647,0.917,0
2717,187,86.225,32.464,7.334,0.316,34.205,11.885,4.427,0.226,0.552,1
149,125,43.113,16.287,9.772,0.845,17.088,10.286,1.667,0.6,0.903,0
3712,193,84.326,31.811,7.725,0.341,35.777,10.348,4.118,0.243,0.637,1
3312,200,110.368,39.673,6.419,0.206,45.88,11.017,6.181,0.162,0.459,1
428,206,94.569,35.138,7.464,0.289,40.706,11.992,4.707,0.212,0.543,1
9972,75,48.042,21.35,4.473,0.408,21.541,6.008,4.773,0.209,0.732,-1
8372,107,38.627,14.995,9.085,0.901,15.652,9.944,1.65,0.606,0.93,0
5711,101,36.627,13.395,9.6,0.946,13.928,10.0,1.395,0.717,0.918,0
8765,146,47.941,20.397,9.114,0.798,20.616,9.192,2.238,0.447,0.93,0
2177,89,34.042,12.248,9.252,0.965,13.0,9.803,1.324,0.755,0.913,0
8320,118,42.87,17.067,8.803,0.807,17.464,9.217,1.939,0.516,0.901,0
8543,144,45.799,16.78,10.927,0.863,17.889,11.0,1.536,0.651,0.932,0
1265,193,65.012,26.81,9.166,0.574,26.926,10.679,2.925,0.342,0.832,1
2033,83,32.627,11.743,8.999,0.98,12.53,9.192,1.305,0.766,0.927,0
4315,371,127.924,28.114,16.802,0.285,36.235,27.62,1.673,0.598,0.557,-1
3422,199,89.841,36.28,6.984,0.31,38.601,10.441,5.195,0.192,0.675,1
1712,109,38.87,14.534,9.549,0.907,15.232,10.262,1.522,0.657,0.916,0
1516,123,41.213,15.632,10.019,0.91,16.155,10.0,1.56,0.641,0.943,0
197,230,91.64,33.315,8.79,0.344,36.715,11.779,3.79,0.264,0.646,1
1134,105,38.042,14.741,9.069,0.912,15.524,9.0,1.625,0.615,0.925,0
4437,197,77.154,27.389,9.158,0.416,29.682,12.021,2.991,0.334,0.652,1
5473,163,71.113,31.247,6.642,0.405,31.048,9.098,4.705,0.213,0.736,1
8524,179,50.527,17.979,12.676,0.881,19.105,13.435,1.418,0.705,0.916,0
3493,167,74.326,29.964,7.096,0.38,31.305,10.602,4.223,0.237,0.651,1
6364,238,104.225,34.899,8.683,0.275,39.459,16.123,4.019,0.249,0.52,1
10075,123,42.527,17.294,9.056,0.855,17.493,9.839,1.91,0.524,0.904,0
6869,100,43.456,15.006,8.485,0.665,16.553,10.587,1.769,0.565,0.769,-1
3346,247,108.468,28.844,10.903,0.264,39.051,18.974,2.645,0.378,0.522,1
2913,190,95.64,36.086,6.704,0.261,39.446,10.419,5.383,0.186,0.55,1
2369,75,53.941,15.3,6.242,0.324,21.378,9.464,2.451,0.408,0.558,-1
6473,239,93.012,36.941,8.238,0.347,40.447,11.926,4.484,0.223,0.685,1
9990,55,25.799,8.641,8.104,1.0,9.487,8.0,1.066,0.938,0.909,0
3204,153,58.527,21.673,8.988,0.561,23.087,11.249,2.411,0.415,0.763,1
7772,165,67.355,26.644,7.885,0.457,27.295,10.0,3.379,0.296,0.745,1
2964,210,99.497,31.379,8.521,0.267,41.629,13.416,3.683,0.272,0.513,1
4544,115,39.456,14.489,10.106,0.928,15.0,10.733,1.434,0.697,0.92,0
7488,145,45.113,16.764,11.013,0.895,18.028,11.885,1.522,0.657,0.918,0
7459,89,35.213,13.277,8.535,0.902,14.765,9.0,1.556,0.643,0.927,0
7081,235,104.125,38.279,7.816,0.272,44.822,12.796,4.897,0.204,0.58,1
4043,106,36.627,13.326,10.128,0.993,13.928,10.0,1.316,0.76,0.938,0
8525,147,49.941,19.57,9.564,0.741,20.248,11.628,2.046,0.489,0.878,0
43,197,76.669,30.078,8.339,0.421,32.311,11.18,3.607,0.277,0.73,1
3201,269,104.711,34.448,9.943,0.308,38.833,14.162,3.465,0.289,0.603,1
6416,297,142.853,47.376,7.982,0.183,58.138,14.474,5.935,0.168,0.449,1
8217,104,38.385,15.807,8.377,0.887,15.811,8.0,1.887,0.53,0.95,0
5065,165,48.627,17.375,12.091,0.877,18.601,12.965,1.437,0.696,0.932,0
6381,196,82.426,34.195,7.298,0.363,34.482,10.394,4.686,0.213,0.677,1
443,118,42.284,16.168,9.293,0.829,16.492,10.0,1.74,0.575,0.891,0
8686,280,70.77,24.583,14.502,0.703,25.962,17.0,1.695,0.59,0.856,-1
5638,124,44.87,16.496,9.571,0.774,17.889,10.752,1.724,0.58,0.889,0
6554,192,86.811,33.064,7.394,0.32,36.797,11.314,4.472,0.224,0.607,1
8630,140,52.669,24.431,7.296,0.634,23.431,7.778,3.349,0.299,0.864,-1
4073,106,37.213,12.977,10.4,0.962,13.601,10.0,1.248,0.801,0.938,0
1857,129,42.627,16.415,10.006,0.892,16.763,10.0,1.641,0.61,0.928,0
8955,112,38.87,14.352,9.936,0.932,15.264,10.607,1.444,0.692,0.918,0
2400,370,154.995,39.462,11.938,0.194,60.828,20.156,3.306,0.303,0.468,-1
4613,233,94.811,31.091,9.542,0.326,34.828,13.794,3.258,0.307,0.577,1
1539,148,44.284,16.252,11.595,0.948,17.088,12.0,1.402,0.713,0.943,0
6388,245,120.225,46.969,6.642,0.213,51.662,10.908,7.072,0.141,0.538,1
2093,141,64.426,21.51,8.346,0.427,25.71,10.512,2.577,0.388,0.681,1
8306,103,39.213,15.38,8.527,0.842,15.811,9.0,1.804,0.554,0.916,0
2968,103,38.042,14.746,8.894,0.894,15.524,9.0,1.658,0.603,0.928,0
5483,125,41.113,14.887,10.691,0.929,15.652,11.314,1.392,0.718,0.909,0
6892,211,94.468,29.898,8.986,0.297,38.484,14.604,3.327,0.301,0.583,1
1014,99,37.456,14.876,8.473,0.887,15.264,9.179,1.756,0.57,0.908,0
5331,185,83.841,33.941,6.94,0.331,35.735,10.63,4.891,0.204,0.648,1
79,53,25.556,8.635,7.815,1.0,9.434,8.0,1.105,0.905,0.93,0
1909,133,51.113,19.337,8.757,0.64,20.881,9.645,2.208,0.453,0.847,1
2901,229,100.326,37.882,7.697,0.286,40.497,11.79,4.922,0.203,0.577,1
7229,180,73.255,26.817,8.546,0.422,28.844,11.8,3.138,0.319,0.633,1
6617,206,89.154,35.67,7.353,0.326,38.588,10.539,4.851,0.206,0.635,1
10231,209,101.74,35.466,7.503,0.254,43.863,13.247,4.727,0.212,0.553,1
2699,341,136.167,53.854,8.062,0.231,58.6,11.628,6.68,0.15,0.57,1
9193,204,93.983,33.821,7.68,0.29,39.85,11.699,4.404,0.227,0.567,1
9588,227,89.397,32.015,9.028,0.357,34.986,14.582,3.546,0.282,0.607,1
1083,87,35.456,13.621,8.133,0.87,14.213,8.944,1.675,0.597,0.888,0
86,82,33.213,12.216,8.546,0.934,12.649,9.0,1.429,0.7,0.916,0
8958,110,40.284,15.3,9.154,0.852,15.811,9.899,1.671,0.598,0.898,0
8633,103,36.627,13.173,9.955,0.965,13.601,10.0,1.323,0.756,0.924,0
70,119,41.456,15.486,9.784,0.87,16.155,11.0,1.583,0.632,0.912,0
698,70,30.142,10.648,8.37,0.968,11.662,8.0,1.272,0.786,0.952,0
5835,164,72.912,29.527,7.072,0.388,31.623,10.233,4.175,0.24,0.695,1
8342,116,43.698,17.936,8.235,0.763,17.889,8.834,2.178,0.459,0.889,0
3931,216,98.083,32.496,8.463,0.282,39.56,14.029,3.84,0.26,0.547,1
2362,94,35.799,13.169,9.088,0.922,13.601,9.0,1.449,0.69,0.926,0
3706,201,79.397,33.874,7.555,0.401,34.409,10.386,4.484,0.223,0.714,1
1641,121,41.456,15.943,9.663,0.885,16.553,10.286,1.65,0.606,0.927,0
6390,213,90.468,30.291,8.953,0.327,34.205,14.373,3.383,0.296,0.573,1
6063,133,60.77,23.252,7.283,0.453,25.632,9.7,3.193,0.313,0.719,1
10321,69,29.799,10.04,8.751,0.976,10.77,9.0,1.147,0.872,0.914,0
7296,168,77.255,29.461,7.261,0.354,32.985,10.672,4.058,0.246,0.69,1
873,101,37.799,15.502,8.296,0.888,15.524,8.0,1.869,0.535,0.94,0
10168,230,117.64,44.942,6.516,0.209,48.094,10.44,6.897,0.145,0.516,1
4002,97,36.627,13.826,8.933,0.909,14.765,9.899,1.548,0.646,0.924,0
5970,212,81.983,31.444,8.584,0.396,32.202,11.759,3.663,0.273,0.642,1
6252,263,126.953,36.679,9.129,0.205,51.196,15.861,4.018,0.249,0.44,1
3288,241,95.397,31.988,9.593,0.333,35.384,14.426,3.335,0.3,0.541,1
5180,208,80.912,31.949,8.289,0.399,33.956,12.127,3.854,0.259,0.679,1
6855,242,103.983,37.348,8.25,0.281,41.231,12.123,4.527,0.221,0.587,1
5985,353,119.782,31.962,14.062,0.309,40.804,21.073,2.273,0.44,0.572,-1
5301,96,36.042,12.986,9.412,0.929,13.601,10.0,1.38,0.725,0.914,0
3583,207,91.64,35.508,7.423,0.31,39.962,11.27,4.784,0.209,0.647,1
2889,125,55.456,22.383,7.111,0.511,24.331,9.0,3.148,0.318,0.796,1
5931,196,73.74,21.276,11.729,0.453,26.476,15.526,1.814,0.551,0.669,1
4643,194,89.154,30.702,8.045,0.307,34.655,11.848,3.816,0.262,0.544,1
4753,51,26.385,9.112,7.127,0.921,9.849,7.761,1.279,0.782,0.872,-1
134,221,86.569,24.802,11.345,0.371,28.178,17.872,2.186,0.457,0.595,1
5705,88,33.213,12.159,9.215,1.0,12.649,9.0,1.32,0.758,0.936,0
2505,163,84.912,29.488,7.038,0.284,33.615,11.779,4.19,0.239,0.502,1
4145,394,136.51,51.472,9.746,0.266,57.428,14.083,5.281,0.189,0.607,1
6735,184,69.012,26.311,8.904,0.485,28.178,12.013,2.955,0.338,0.708,1
467,104,39.113,15.666,8.452,0.854,15.811,9.192,1.853,0.54,0.889,0
2529,115,40.627,15.272,9.588,0.876,16.155,10.0,1.593,0.628,0.92,0
9821,230,82.326,30.882,9.483,0.426,31.385,12.596,3.257,0.307,0.695,1
2403,159,78.083,29.036,6.972,0.328,31.953,10.436,4.165,0.24,0.6,1
6588,70,46.627,17.586,5.068,0.405,19.925,7.906,3.47,0.288,0.693,-1
7861,93,36.971,13.982,8.469,0.855,14.765,8.806,1.651,0.606,0.916,0
2180,91,34.627,12.662,9.151,0.954,13.416,9.839,1.384,0.723,0.924,0
4674,158,66.426,26.522,7.585,0.45,27.203,10.002,3.497,0.286,0.731,1
1825,144,44.87,16.475,11.129,0.899,17.205,11.926,1.48,0.676,0.926,0
6649,196,75.74,28.199,8.85,0.429,30.61,11.966,3.187,0.314,0.669,1
582,98,38.87,15.09,8.269,0.815,15.264,9.153,1.825,0.548,0.879,0
1790,89,34.627,12.094,9.37,0.933,13.0,10.0,1.291,0.775,0.908,0
6490,200,90.083,33.482,7.606,0.31,35.355,10.742,4.402,0.227,0.602,1
436,111,40.042,15.417,9.167,0.87,16.125,9.839,1.682,0.595,0.921,0
4302,185,75.841,27.449,8.581,0.404,30.806,11.297,3.199,0.313,0.662,1
5709,96,36.042,12.49,9.787,0.929,13.416,10.286,1.276,0.784,0.914,0
2918,193,64.184,23.58,10.421,0.589,24.597,14.31,2.263,0.442,0.77,-1
913,140,60.77,23.64,7.54,0.476,26.0,10.187,3.135,0.319,0.724,1
7663,59,27.213,9.867,7.613,1.0,10.77,8.0,1.296,0.772,0.901,0
7985,77,32.042,11.91,8.231,0.942,12.649,8.854,1.447,0.691,0.895,0
6566,161,75.941,29.702,6.902,0.351,31.257,9.0,4.304,0.232,0.657,1
2259,87,33.799,12.118,9.141,0.957,13.038,9.839,1.326,0.754,0.93,0
5095,154,64.527,25.797,7.601,0.465,27.166,10.0,3.394,0.295,0.746,1
4054,124,41.456,14.634,10.789,0.907,15.264,11.6,1.356,0.737,0.915,0
7633,232,73.012,26.521,11.138,0.547,28.653,14.422,2.381,0.42,0.803,-1
3870,229,86.225,32.88,8.868,0.387,34.059,11.38,3.708,0.27,0.681,1
4183,114,38.627,14.049,10.332,0.96,14.765,11.0,1.36,0.735,0.938,0
9049,94,36.042,13.818,8.661,0.909,14.422,9.192,1.595,0.627,0.917,0
7892,98,38.87,14.754,8.457,0.815,15.524,9.066,1.744,0.573,0.879,0
7505,229,70.083,24.463,11.919,0.586,24.698,14.78,2.052,0.487,0.804,-1
1518,50,25.799,10.427,6.106,0.944,10.817,6.364,1.708,0.586,0.909,0
7851,128,61.941,22.923,7.11,0.419,26.173,9.0,3.224,0.31,0.734,1
124,202,75.154,29.243,8.795,0.449,29.967,11.342,3.325,0.301,0.699,1
5682,226,98.468,31.299,9.194,0.293,36.497,15.0,3.404,0.294,0.536,1
8267,100,36.284,13.118,9.706,0.954,13.928,10.607,1.352,0.74,0.909,0
389,192,89.397,35.214,6.942,0.302,38.833,11.105,5.072,0.197,0.591,1
3007,153,79.497,27.38,7.115,0.304,31.016,10.979,3.848,0.26,0.578,1
7053,180,68.77,27.954,8.199,0.478,30.083,10.377,3.41,0.293,0.835,1
486,56,26.385,9.156,7.787,1.0,9.849,8.0,1.176,0.851,0.918,0
3932,210,95.255,35.292,7.576,0.291,40.447,11.339,4.658,0.215,0.636,1
3840,221,95.054,23.75,11.848,0.307,30.232,17.527,2.005,0.499,0.537,1
4818,179,70.426,27.593,8.26,0.454,28.653,11.319,3.341,0.299,0.678,1
777,105,40.042,15.096,8.856,0.823,16.125,9.487,1.705,0.587,0.886,0
376,124,42.284,16.09,9.813,0.872,16.643,10.286,1.64,0.61,0.908,0
209,205,91.983,33.347,7.827,0.304,36.401,12.333,4.26,0.235,0.566,1
259,189,65.841,22.604,10.646,0.548,25.942,13.571,2.123,0.471,0.775,1
1907,112,38.627,14.492,9.84,0.943,15.232,10.0,1.473,0.679,0.929,0
10088,103,38.042,13.973,9.386,0.894,14.56,10.0,1.489,0.672,0.907,0
5902,184,75.598,28.078,8.344,0.405,29.428,11.244,3.365,0.297,0.661,1
3003,220,102.225,29.201,9.592,0.265,33.242,13.483,3.044,0.328,0.577,1
4488,159,68.77,26.422,7.662,0.422,29.155,10.919,3.448,0.29,0.697,1
13,153,62.527,23.964,8.129,0.492,25.318,10.0,2.948,0.339,0.785,1
10461,94,36.042,13.078,9.151,0.909,13.601,9.899,1.429,0.7,0.908,0
2360,200,87.983,28.718,8.867,0.325,34.234,13.192,3.239,0.309,0.585,1
7426,166,74.326,29.27,7.221,0.378,30.61,10.607,4.054,0.247,0.635,1
9194,131,41.698,15.467,10.784,0.947,16.125,11.314,1.434,0.697,0.923,0
4927,236,92.569,34.865,8.618,0.346,39.446,11.793,4.045,0.247,0.673,1
2447,201,86.912,28.818,8.88,0.334,32.696,11.926,3.245,0.308,0.694,1
1703,105,38.87,14.543,9.193,0.873,15.62,9.899,1.582,0.632,0.901,0
7401,50,44.184,20.118,3.164,0.322,21.26,4.644,6.358,0.157,0.637,-1
8995,102,37.556,14.226,9.129,0.909,15.264,9.0,1.558,0.642,0.958,0
1573,83,33.799,12.524,8.438,0.913,13.601,9.192,1.484,0.674,0.927,0
3042,130,44.284,17.189,9.629,0.833,18.385,10.585,1.785,0.56,0.906,0
4921,253,97.054,31.699,10.162,0.338,39.661,16.971,3.119,0.321,0.593,1
4174,111,38.87,13.975,10.113,0.923,14.422,10.8,1.382,0.724,0.906,0
2288,128,56.184,20.596,7.913,0.51,23.259,10.83,2.603,0.384,0.729,1
2523,109,39.213,14.815,9.368,0.891,15.232,9.944,1.581,0.632,0.924,0
1329,60,28.385,9.21,8.294,0.936,10.296,8.944,1.11,0.901,0.889,0
10387,94,37.213,13.732,8.716,0.853,14.56,9.0,1.575,0.635,0.908,0
7605,252,68.326,29.731,10.792,0.678,28.601,12.021,2.755,0.363,0.877,-1
6632,111,39.456,14.872,9.503,0.896,15.62,9.899,1.565,0.639,0.929,0
8159,118,44.627,17.619,8.527,0.745,18.974,9.0,2.066,0.484,0.901,0
2714,174,86.669,29.951,7.397,0.291,36.139,11.538,4.049,0.247,0.556,1
9685,193,77.255,29.108,8.442,0.406,28.46,11.178,3.448,0.29,0.659,1
4219,225,90.326,31.969,8.961,0.347,37.0,12.502,3.567,0.28,0.637,1
9648,65,29.799,9.549,8.667,0.92,10.77,9.0,1.102,0.908,0.915,0
4356,196,75.154,29.306,8.516,0.436,32.202,11.926,3.441,0.291,0.752,1
3054,324,161.095,40.982,10.066,0.157,55.362,19.023,4.071,0.246,0.359,1
1288,108,38.87,15.167,9.067,0.898,15.811,9.899,1.673,0.598,0.911,0
4743,192,77.154,31.763,7.696,0.405,34.409,10.804,4.127,0.242,0.705,1
5109,208,83.841,29.914,8.853,0.372,31.953,12.159,3.379,0.296,0.633,1
7794,142,51.355,19.939,9.068,0.677,21.471,10.539,2.199,0.455,0.887,0
10189,201,87.154,32.329,7.916,0.333,35.847,11.375,4.084,0.245,0.589,1
4888,139,52.527,19.769,8.953,0.633,21.378,10.0,2.208,0.453,0.842,1
945,171,81.497,26.134,8.331,0.324,32.202,11.961,3.137,0.319,0.547,1
2287,145,67.255,16.601,11.121,0.403,21.587,13.724,1.493,0.67,0.667,1
5616,116,39.456,14.306,10.324,0.936,14.866,11.0,1.386,0.722,0.917,0
5534,205,96.225,34.088,7.657,0.278,38.013,11.696,4.452,0.225,0.535,1
399,213,88.326,27.734,9.779,0.343,31.78,14.36,2.836,0.353,0.567,1
9842,118,38.627,13.693,10.972,0.994,14.765,11.0,1.248,0.801,0.944,0
6770,144,65.598,22.846,8.025,0.421,25.632,11.176,2.847,0.351,0.676,1
9913,208,96.711,32.328,8.192,0.279,37.121,13.416,3.946,0.253,0.487,1
4871,201,70.669,25.807,9.917,0.506,28.302,14.484,2.602,0.384,0.761,1
1073,101,37.799,14.479,8.882,0.888,15.264,9.803,1.63,0.613,0.931,0
497,186,92.912,33.941,6.977,0.271,40.311,11.573,4.864,0.206,0.554,1
5,254,85.74,33.861,9.551,0.434,36.249,12.915,3.545,0.282,0.763,1
6959,418,165.137,44.819,11.875,0.193,68.942,19.357,3.774,0.265,0.478,-1
10358,68,42.87,18.115,4.779,0.465,18.868,5.814,3.79,0.264,0.751,-1
6953,62,49.355,13.551,5.826,0.32,18.868,8.791,2.326,0.43,0.559,-1
1564,126,41.698,15.525,10.334,0.911,16.125,10.607,1.502,0.666,0.92,0
3405,282,85.397,28.402,12.642,0.486,31.305,16.644,2.247,0.445,0.722,1
8606,119,40.042,13.339,11.359,0.933,14.318,11.0,1.174,0.852,0.937,0
4933,218,86.77,34.078,8.145,0.364,37.855,11.48,4.184,0.239,0.668,1
10239,89,35.213,13.528,8.377,0.902,13.928,8.974,1.615,0.619,0.918,0
2231,86,33.799,12.581,8.704,0.946,13.416,9.0,1.445,0.692,0.935,0
1054,112,40.87,16.65,8.565,0.843,17.205,9.192,1.944,0.514,0.918,0
8687,201,54.87,21.126,12.114,0.839,21.84,12.0,1.744,0.573,0.935,0
5734,105,37.799,13.503,9.901,0.924,14.422,11.0,1.364,0.733,0.925,0
8494,141,44.284,16.145,11.12,0.904,16.492,11.7,1.452,0.689,0.916,0
3371,258,121.196,43.147,7.613,0.221,52.393,12.742,5.667,0.176,0.551,1
2783,218,78.569,33.738,8.227,0.444,33.015,10.978,4.101,0.244,0.706,1
9524,246,94.569,32.639,9.596,0.346,36.125,14.074,3.401,0.294,0.616,1
6194,463,192.794,32.744,18.004,0.157,55.082,33.602,1.819,0.55,0.358,-1
7498,114,40.87,15.514,9.356,0.858,16.553,10.429,1.658,0.603,0.894,0
6678,211,91.397,37.124,7.237,0.317,38.471,10.785,5.13,0.195,0.59,1
9677,223,84.669,30.814,9.214,0.391,32.757,13.331,3.344,0.299,0.663,1
3419,193,83.154,31.164,7.885,0.351,34.132,11.541,3.952,0.253,0.638,1
5543,231,110.811,36.804,7.992,0.236,47.265,11.899,4.605,0.217,0.593,-1
5088,160,60.184,20.564,9.907,0.555,23.195,12.0,2.076,0.482,0.767,1
1319,249,87.397,36.786,8.618,0.41,36.249,11.259,4.268,0.234,0.701,1
8733,191,62.042,28.471,8.542,0.624,27.295,9.0,3.333,0.3,0.918,0
5334,213,103.154,31.296,8.666,0.252,40.817,14.311,3.612,0.277,0.472,1
2026,124,41.456,15.093,10.46,0.907,16.125,11.314,1.443,0.693,0.929,0
996,66,28.971,9.497,8.848,0.988,10.296,9.0,1.073,0.932,0.923,0
7171,166,64.284,25.262,8.367,0.505,26.249,10.0,3.019,0.331,0.789,1
3165,120,40.284,15.074,10.136,0.929,15.811,10.607,1.487,0.672,0.923,0
8169,163,79.841,27.061,7.669,0.321,31.064,12.402,3.528,0.283,0.571,-1
1503,63,28.142,9.359,8.571,1.0,10.296,8.0,1.092,0.916,0.947,0
296,178,63.012,22.875,9.908,0.563,25.08,11.914,2.309,0.433,0.791,1
5260,184,68.669,24.115,9.715,0.49,26.306,12.793,2.482,0.403,0.743,1
99,225,98.326,37.452,7.649,0.292,41.0,11.455,4.896,0.204,0.557,1
4370,122,39.799,14.677,10.584,0.968,14.866,10.0,1.387,0.721,0.953,0
8990,238,110.468,43.218,7.012,0.245,48.466,10.752,6.164,0.162,0.619,1
2710,61,38.87,9.91,7.837,0.507,12.166,9.701,1.265,0.791,0.693,-1
1662,104,38.042,14.095,9.395,0.903,14.866,10.0,1.5,0.667,0.916,0
7348,166,73.113,28.565,7.399,0.39,30.265,10.0,3.861,0.259,0.728,1
5751,105,38.042,13.802,9.686,0.912,14.866,10.0,1.425,0.702,0.917,0
6100,112,45.941,16.69,8.544,0.667,18.028,9.391,1.953,0.512,0.852,0
4450,108,41.698,12.028,11.433,0.781,14.213,12.6,1.052,0.951,0.84,-1
1702,103,38.042,14.56,9.007,0.894,15.232,9.803,1.616,0.619,0.907,0
1985,160,49.113,18.422,11.058,0.834,19.235,11.885,1.666,0.6,0.901,0
1968,112,39.213,12.522,11.388,0.915,13.601,12.0,1.1,0.909,0.918,0
10003,366,162.811,57.658,8.082,0.174,71.113,12.066,7.134,0.14,0.573,-1
2598,277,129.439,45.513,7.749,0.208,48.847,14.349,5.873,0.17,0.463,1
10152,367,99.397,22.521,20.749,0.467,31.623,24.418,1.085,0.921,0.72,-1
3833,232,114.368,34.572,8.544,0.223,44.204,14.084,4.046,0.247,0.435,1
6286,279,130.569,45.43,7.819,0.206,55.145,12.04,5.81,0.172,0.519,1
937,118,42.87,17.102,8.785,0.807,17.464,9.391,1.947,0.514,0.911,0
5530,171,67.497,27.995,7.777,0.472,28.601,10.09,3.6,0.278,0.728,1
504,201,111.64,39.151,6.537,0.203,46.519,12.043,5.989,0.167,0.451,1
8053,86,35.799,13.595,8.054,0.843,14.422,8.974,1.688,0.592,0.905,0
9263,119,41.113,15.718,9.639,0.885,16.125,10.539,1.631,0.613,0.902,0
4467,87,34.042,11.045,10.029,0.943,12.083,10.539,1.101,0.908,0.902,0
8471,179,93.397,31.413,7.255,0.258,36.497,11.179,4.33,0.231,0.517,1
9605,138,44.87,16.79,10.465,0.861,17.464,11.142,1.604,0.623,0.914,0
647,101,38.284,14.795,8.692,0.866,15.0,9.192,1.702,0.588,0.902,0
314,55,30.042,11.629,6.022,0.766,12.53,7.071,1.931,0.518,0.833,-1
10078,123,41.113,14.842,10.552,0.914,15.264,11.2,1.407,0.711,0.901,0
665,96,38.627,15.152,8.067,0.809,15.811,8.731,1.878,0.532,0.893,0
383,196,84.669,33.059,7.549,0.344,36.222,10.991,4.379,0.228,0.676,1
2171,89,35.456,13.235,8.562,0.89,13.928,9.391,1.546,0.647,0.899,0
7113,405,155.238,35.873,14.375,0.211,55.471,24.185,2.496,0.401,0.507,-1
4946,144,57.698,21.455,8.546,0.544,22.804,10.0,2.511,0.398,0.787,1
3973,213,93.74,35.657,7.606,0.305,37.216,11.207,4.688,0.213,0.607,1
3736,399,154.066,45.045,11.278,0.211,63.032,16.778,3.994,0.25,0.532,-1
1387,73,30.971,11.289,8.234,0.956,11.705,8.0,1.371,0.729,0.936,0
491,111,40.87,15.302,9.236,0.835,15.652,10.462,1.657,0.604,0.884,0
2448,184,76.912,30.052,7.796,0.391,31.78,10.354,3.855,0.259,0.651,1
9818,232,72.083,26.8,11.022,0.561,28.636,13.978,2.431,0.411,0.777,1
5471,166,76.083,25.549,8.273,0.36,29.12,12.561,3.088,0.324,0.609,1
6570,468,202.066,48.209,12.36,0.144,70.385,27.041,3.9,0.256,0.371,-1
3871,445,147.137,31.727,17.858,0.258,43.012,27.805,1.777,0.563,0.519,-1
1182,103,37.799,14.43,9.088,0.906,14.56,9.0,1.588,0.63,0.936,0
3785,196,75.012,28.612,8.722,0.438,29.547,11.163,3.28,0.305,0.698,1
764,221,72.77,28.152,9.995,0.524,28.636,14.0,2.817,0.355,0.761,-1
10233,206,103.397,28.857,9.089,0.242,35.355,15.885,3.175,0.315,0.471,1
9075,117,40.87,15.929,9.352,0.88,16.401,9.899,1.703,0.587,0.925,0
3047,114,40.042,14.756,9.837,0.893,15.297,10.0,1.5,0.667,0.916,0
1258,113,40.284,16.259,8.849,0.875,16.643,9.839,1.837,0.544,0.908,0
594,334,80.669,31.467,13.515,0.645,33.106,15.205,2.328,0.429,0.869,-1
2949,55,32.042,13.345,5.248,0.673,13.601,6.559,2.543,0.393,0.797,-1
6032,215,94.569,33.883,8.079,0.302,38.275,13.993,4.194,0.238,0.521,1
4463,98,37.456,13.718,9.096,0.878,14.318,9.864,1.508,0.663,0.891,0
7653,156,76.669,26.485,7.5,0.333,30.414,11.0,3.531,0.283,0.598,1
4446,182,70.426,26.586,8.716,0.461,29.547,11.97,3.05,0.328,0.744,1
2922,226,100.569,33.342,8.63,0.281,39.319,12.0,3.863,0.259,0.533,1
10548,91,35.799,13.04,8.885,0.892,14.213,9.803,1.468,0.681,0.919,0
5564,174,73.255,28.465,7.783,0.407,30.806,11.0,3.657,0.273,0.712,1
10431,83,34.042,13.509,7.823,0.9,14.213,8.485,1.727,0.579,0.907,0
9267,93,34.627,12.188,9.715,0.975,13.0,10.0,1.255,0.797,0.916,0
10141,134,64.77,23.299,7.323,0.401,27.295,9.513,3.182,0.314,0.675,1
8264,99,38.042,14.381,8.765,0.86,14.765,9.391,1.641,0.609,0.9,0
1846,79,32.385,11.537,8.719,0.947,12.083,9.0,1.323,0.756,0.919,0
9638,104,37.799,14.579,9.082,0.915,15.232,9.0,1.605,0.623,0.945,0
1749,135,43.456,16.439,10.456,0.898,17.088,11.0,1.572,0.636,0.931,0
226,166,69.012,21.807,9.692,0.438,25.239,13.648,2.25,0.444,0.668,1
10170,153,75.841,26.488,7.354,0.334,30.676,10.852,3.602,0.278,0.565,1
7727,109,38.042,14.592,9.511,0.946,15.232,10.0,1.534,0.652,0.936,0
10363,362,187.154,46.544,9.903,0.13,60.671,13.0,4.7,0.213,0.609,-1
3813,236,108.811,34.663,8.669,0.25,44.922,13.382,3.999,0.25,0.546,1
8108,93,37.456,15.117,7.833,0.833,15.652,8.875,1.93,0.518,0.903,0
7721,172,70.77,27.471,7.972,0.432,29.614,10.774,3.446,0.29,0.709,1
2307,110,38.87,14.02,9.99,0.915,14.866,10.733,1.403,0.713,0.905,0
2349,293,150.995,47.828,7.8,0.161,64.815,13.781,6.132,0.163,0.412,1
958,240,119.581,47.92,6.377,0.211,54.452,9.218,7.515,0.133,0.569,1
3193,225,89.74,35.388,8.095,0.351,37.121,11.363,4.371,0.229,0.672,1
1383,103,38.627,13.615,9.633,0.867,14.765,10.394,1.413,0.708,0.896,0
4369,123,41.456,14.796,10.585,0.899,15.524,11.0,1.398,0.715,0.918,0
5643,209,83.497,31.753,8.381,0.377,33.541,11.8,3.789,0.264,0.649,1
4068,122,40.042,14.553,10.673,0.956,15.232,11.0,1.364,0.733,0.928,0
8642,471,94.912,34.51,17.377,0.657,37.59,21.042,1.986,0.504,0.849,-1
6887,168,65.355,25.554,8.371,0.494,27.659,10.491,3.053,0.328,0.771,1
9369,215,85.497,33.976,8.057,0.37,35.355,10.931,4.217,0.237,0.685,1
1101,91,38.627,15.275,7.585,0.766,16.401,8.497,2.014,0.497,0.892,0
9252,117,41.456,15.29,9.743,0.856,16.125,10.0,1.569,0.637,0.918,0
7811,226,91.497,35.533,8.098,0.339,38.833,11.69,4.388,0.228,0.641,1
3694,138,55.941,18.938,9.278,0.554,21.024,12.055,2.041,0.49,0.732,1
4549,85,38.627,15.077,7.178,0.716,15.524,8.0,2.1,0.476,0.863,-1
3892,182,82.569,29.813,7.773,0.335,31.78,11.191,3.836,0.261,0.582,1
2513,108,38.042,13.966,9.846,0.938,14.56,10.0,1.418,0.705,0.919,0
3300,222,105.154,25.516,11.078,0.252,33.302,20.954,2.303,0.434,0.46,1
3781,221,87.983,28.723,9.797,0.359,33.242,13.703,2.932,0.341,0.593,1
2483,168,74.77,30.462,7.022,0.378,31.257,9.0,4.338,0.231,0.693,1
2842,204,87.497,35.848,7.246,0.335,36.346,10.416,4.947,0.202,0.645,1
6511,127,45.456,15.488,10.441,0.772,16.643,10.607,1.483,0.674,0.891,0
5692,209,83.397,33.889,7.852,0.378,36.401,11.271,4.316,0.232,0.688,1
4951,251,87.64,35.248,9.067,0.411,36.401,12.396,3.888,0.257,0.677,1
2133,96,35.456,13.268,9.213,0.96,13.892,9.839,1.44,0.694,0.919,0
10446,102,38.042,14.663,8.857,0.886,15.232,9.803,1.655,0.604,0.903,0
6229,147,70.912,27.792,6.735,0.367,30.414,10.213,4.127,0.242,0.645,1
3370,209,100.225,31.054,8.569,0.261,40.311,13.121,3.624,0.276,0.516,1
7938,99,36.87,14.037,8.98,0.915,14.422,9.707,1.563,0.64,0.912,0
4631,157,67.255,24.479,8.166,0.436,27.313,11.384,2.998,0.334,0.672,1
3574,181,83.154,31.755,7.257,0.329,36.249,11.7,4.376,0.229,0.648,1
2192,97,36.284,13.495,9.152,0.926,13.892,9.192,1.474,0.678,0.915,0
6049,111,43.456,14.342,9.854,0.739,16.553,11.172,1.455,0.687,0.851,0
3234,160,74.326,29.075,7.007,0.364,31.89,10.547,4.15,0.241,0.663,1
9497,252,123.539,29.74,10.789,0.207,38.328,16.906,2.757,0.363,0.499,1
1286,217,82.083,27.312,10.116,0.405,32.45,14.422,2.7,0.37,0.671,1
8926,99,36.042,11.825,10.659,0.958,12.649,11.0,1.109,0.901,0.917,0
10486,77,32.385,12.555,7.809,0.923,13.0,8.0,1.608,0.622,0.928,0
3672,253,110.853,40.853,7.885,0.259,47.17,13.167,5.181,0.193,0.587,1
6574,144,66.77,26.719,6.862,0.406,29.155,10.013,3.894,0.257,0.696,1
8346,109,41.456,17.361,7.994,0.797,17.464,8.384,2.172,0.46,0.897,0
4786,130,49.355,19.563,8.461,0.671,20.616,9.899,2.312,0.432,0.855,1
10000,100,39.213,14.617,8.711,0.817,15.524,9.0,1.678,0.596,0.909,0
4012,253,116.326,44.679,7.21,0.235,47.676,11.09,6.197,0.161,0.536,1
2786,273,129.497,45.211,7.688,0.205,55.109,13.801,5.881,0.17,0.525,1
4164,206,83.154,30.612,8.568,0.374,34.059,11.713,3.573,0.28,0.626,1
7557,137,44.042,16.222,10.753,0.888,16.763,11.0,1.509,0.663,0.926,0
6134,176,74.426,23.894,9.378,0.399,27.893,13.236,2.548,0.392,0.633,1
7698,264,127.054,32.287,10.411,0.206,46.4,18.024,3.101,0.322,0.397,1
7131,252,107.882,25.51,12.578,0.272,31.89,21.628,2.028,0.493,0.528,1
9021,119,40.042,13.917,10.887,0.933,14.866,11.0,1.278,0.782,0.926,0
4181,155,68.184,27.744,7.113,0.419,30.083,10.231,3.9,0.256,0.729,1
2731,121,42.042,16.115,9.56,0.86,16.763,10.0,1.686,0.593,0.92,0
1242,144,47.113,17.165,10.681,0.815,18.028,11.628,1.607,0.622,0.886,0
2748,143,61.941,23.38,7.788,0.468,25.495,10.0,3.002,0.333,0.759,1
6866,185,77.497,30.668,7.681,0.387,34.482,11.527,3.993,0.25,0.693,1
3248,184,79.841,31.448,7.45,0.363,33.242,10.429,4.222,0.237,0.656,1
1346,108,38.627,14.58,9.431,0.91,15.62,10.4,1.546,0.647,0.915,0
5764,105,38.042,14.471,9.239,0.912,15.264,9.899,1.566,0.638,0.929,0
6598,177,83.74,28.674,7.859,0.317,34.176,11.157,3.648,0.274,0.624,1
7996,104,39.213,15.579,8.5,0.85,16.155,9.0,1.833,0.546,0.924,0
9710,82,32.971,11.275,9.26,0.948,12.207,9.0,1.218,0.821,0.932,0
4720,197,85.941,34.221,7.33,0.335,36.497,10.0,4.669,0.214,0.701,1
8846,101,36.284,13.296,9.672,0.964,13.892,9.899,1.375,0.727,0.914,0
122,103,36.971,13.769,9.525,0.947,13.928,9.0,1.446,0.692,0.954,0
9561,221,63.941,27.434,10.257,0.679,26.926,11.344,2.675,0.374,0.889,-1
6605,167,68.326,22.66,9.383,0.45,28.178,12.333,2.415,0.414,0.709,1
2284,135,56.87,18.925,9.083,0.525,21.095,11.772,2.084,0.48,0.705,1
8105,107,38.87,15.195,8.966,0.89,15.811,9.701,1.695,0.59,0.911,0
6917,128,49.941,17.503,9.311,0.645,20.248,10.59,1.88,0.532,0.828,0
5656,197,80.326,27.786,9.027,0.384,31.575,12.644,3.078,0.325,0.639,1
757,191,67.497,29.063,8.368,0.527,29.833,9.899,3.473,0.288,0.82,1
841,92,37.113,15.422,7.595,0.839,15.62,7.778,2.03,0.493,0.898,0
2277,83,32.627,12.397,8.524,0.98,13.0,9.0,1.454,0.688,0.922,0
8210,189,81.941,33.053,7.28,0.354,34.525,10.726,4.54,0.22,0.673,1
5579,173,62.426,22.223,9.912,0.558,24.352,12.769,2.242,0.446,0.746,1
1335,223,83.983,32.226,8.811,0.397,36.235,12.09,3.658,0.273,0.717,1
2275,90,34.042,11.967,9.576,0.976,12.649,10.0,1.25,0.8,0.909,0
2988,208,84.083,26.986,9.814,0.37,30.806,14.748,2.75,0.364,0.579,1
2195,86,33.799,12.746,8.591,0.946,13.416,9.0,1.484,0.674,0.935,0
9171,125,42.87,16.743,9.506,0.855,17.493,10.286,1.761,0.568,0.923,0
5649,197,76.912,30.65,8.184,0.418,31.623,10.852,3.745,0.267,0.67,1
8993,105,38.527,14.287,9.358,0.889,14.765,9.899,1.527,0.655,0.886,0
1584,117,40.042,14.51,10.266,0.917,15.264,11.0,1.413,0.708,0.925,0
337,135,50.527,19.682,8.733,0.665,21.024,10.286,2.254,0.444,0.846,1
3027,159,47.113,17.638,11.478,0.9,18.358,12.728,1.537,0.651,0.919,0
2645,266,67.841,23.827,14.214,0.726,24.515,16.0,1.676,0.597,0.862,-1
723,110,40.284,15.659,8.944,0.852,16.155,9.391,1.751,0.571,0.898,0
3604,130,43.698,17.041,9.713,0.856,17.088,10.286,1.754,0.57,0.903,0
1861,142,45.698,16.403,11.022,0.854,17.088,12.127,1.488,0.672,0.896,0
9853,248,118.125,27.617,11.434,0.223,34.928,18.167,2.415,0.414,0.446,1
9470,99,36.042,13.182,9.562,0.958,13.928,10.0,1.379,0.725,0.93,0
705,82,34.971,13.952,7.483,0.843,14.318,7.0,1.865,0.536,0.932,0
2961,189,93.154,32.693,7.361,0.274,35.735,10.871,4.442,0.225,0.586,1
967,108,39.799,15.669,8.776,0.857,15.524,9.0,1.786,0.56,0.919,0
2900,167,77.74,30.81,6.901,0.347,33.601,10.539,4.464,0.224,0.628,1
8463,186,92.326,29.213,8.107,0.274,36.674,14.715,3.603,0.278,0.524,1
7057,240,91.054,30.857,9.903,0.364,35.228,14.773,3.116,0.321,0.62,1
2935,205,85.983,29.924,8.723,0.348,33.615,13.41,3.431,0.291,0.576,1
7003,249,97.983,28.0,11.323,0.326,35.511,15.49,2.473,0.404,0.574,1
5590,188,74.669,28.732,8.331,0.424,30.364,11.144,3.449,0.29,0.698,1
2966,235,89.983,25.385,11.787,0.365,28.018,16.389,2.154,0.464,0.613,1
6110,153,66.184,23.454,8.306,0.439,26.0,11.295,2.824,0.354,0.689,1
4605,133,52.77,20.56,8.237,0.6,22.204,9.899,2.496,0.401,0.839,1
3274,198,77.255,27.804,9.067,0.417,30.806,12.815,3.066,0.326,0.684,1
10531,148,72.912,20.873,9.028,0.35,28.16,12.789,2.312,0.433,0.597,1
6094,353,124.61,34.638,12.976,0.286,40.249,19.545,2.669,0.375,0.591,-1
8084,95,37.213,14.265,8.479,0.862,14.866,9.0,1.682,0.594,0.909,0
270,123,42.042,15.707,9.97,0.874,16.492,10.0,1.575,0.635,0.925,0
971,319,72.184,25.92,15.67,0.769,26.173,17.0,1.654,0.605,0.886,0
431,169,77.598,30.546,7.044,0.353,33.242,10.58,4.336,0.231,0.659,1
4617,212,94.468,29.421,9.175,0.299,34.828,14.311,3.207,0.312,0.546,1
6362,105,36.87,13.542,9.872,0.971,14.318,10.539,1.372,0.729,0.921,0
5156,144,61.012,19.627,9.341,0.486,23.601,11.72,2.101,0.476,0.735,1
664,157,50.284,19.972,10.009,0.78,20.616,10.786,1.995,0.501,0.905,0
1085,202,65.698,29.09,8.841,0.588,28.443,9.878,3.29,0.304,0.861,-1
10151,301,130.853,26.719,14.344,0.221,40.706,20.778,1.863,0.537,0.477,-1
4925,134,53.012,17.453,9.775,0.599,19.416,12.0,1.785,0.56,0.772,1
4296,147,55.598,21.123,8.861,0.598,23.022,11.314,2.384,0.419,0.786,1
8130,98,37.213,14.457,8.631,0.889,14.866,9.0,1.675,0.597,0.916,0
2623,107,38.042,14.383,9.472,0.929,15.0,9.899,1.518,0.659,0.93,0
8013,106,39.213,15.53,8.69,0.866,16.155,9.0,1.787,0.56,0.934,0
8770,115,40.87,15.875,9.223,0.865,16.125,9.947,1.721,0.581,0.906,0
1601,123,51.113,18.764,8.346,0.592,21.633,10.09,2.248,0.445,0.804,1
1574,123,41.698,15.654,10.005,0.889,16.125,10.607,1.565,0.639,0.914,0
5920,170,69.598,28.401,7.621,0.441,30.364,10.286,3.726,0.268,0.741,1
5016,208,54.527,18.846,14.053,0.879,19.698,14.863,1.341,0.746,0.91,0
10269,83,33.799,12.471,8.474,0.913,13.416,9.0,1.472,0.68,0.917,0
3738,210,81.012,33.523,7.976,0.402,32.985,10.733,4.203,0.238,0.682,1
7739,121,41.113,14.332,10.749,0.9,14.866,11.2,1.333,0.75,0.9,0
5672,181,81.983,31.877,7.23,0.338,34.986,10.519,4.409,0.227,0.668,1
4529,122,40.627,14.56,10.669,0.929,15.232,11.0,1.365,0.733,0.931,0
445,297,75.74,29.392,12.866,0.651,30.414,14.368,2.284,0.438,0.858,-1
8631,109,37.213,13.443,10.324,0.989,14.422,11.0,1.302,0.768,0.944,0
1126,205,67.598,28.978,9.007,0.564,29.547,10.286,3.217,0.311,0.856,-1
2350,299,140.225,41.551,9.162,0.191,58.31,16.491,4.535,0.221,0.415,1
6360,113,39.799,15.425,9.327,0.896,15.811,9.0,1.654,0.605,0.942,0
7481,188,72.083,26.949,8.882,0.455,29.547,11.402,3.034,0.33,0.748,-1
4487,174,67.255,26.994,8.207,0.483,28.653,11.458,3.289,0.304,0.75,1
5407,107,37.456,13.183,10.334,0.958,13.928,11.0,1.276,0.784,0.915,0
162,142,53.355,21.528,8.398,0.627,22.804,10.2,2.563,0.39,0.84,1
8948,116,39.456,14.788,9.988,0.936,15.62,10.607,1.481,0.675,0.928,0
10273,86,35.213,13.086,8.368,0.872,13.601,9.0,1.564,0.639,0.896,0
1732,81,31.799,10.735,9.607,1.0,11.662,9.899,1.117,0.895,0.936,0
4213,120,42.042,14.734,10.37,0.853,16.155,11.0,1.421,0.704,0.896,0
4138,174,65.355,25.048,8.845,0.512,26.42,12.075,2.832,0.353,0.753,1
4945,171,61.941,25.572,8.514,0.56,25.179,10.0,3.003,0.333,0.803,1
8659,140,45.113,14.567,12.237,0.864,15.652,13.825,1.19,0.84,0.881,0
3570,205,108.711,42.635,6.122,0.218,47.413,10.65,6.964,0.144,0.552,1
8782,147,58.669,26.598,7.037,0.537,25.554,7.969,3.78,0.265,0.814,-1
1679,132,42.627,16.17,10.394,0.913,16.763,10.0,1.556,0.643,0.946,0
6418,210,87.983,27.296,9.796,0.341,32.573,14.179,2.786,0.359,0.559,1
3048,111,42.284,15.273,9.254,0.78,17.088,10.262,1.65,0.606,0.884,0
9296,228,91.154,29.372,9.883,0.345,34.059,13.985,2.972,0.336,0.62,1
3296,175,71.497,28.529,7.81,0.43,30.0,10.755,3.653,0.274,0.665,1
993,87,34.385,12.87,8.607,0.925,13.416,9.0,1.495,0.669,0.93,0
6730,181,76.669,31.927,7.218,0.387,33.541,10.433,4.423,0.226,0.71,1
6199,162,72.184,24.694,8.353,0.391,28.636,12.542,2.956,0.338,0.616,1
5148,159,73.355,26.887,7.529,0.371,30.364,11.0,3.571,0.28,0.716,1
8674,92,35.213,13.155,8.904,0.932,13.928,9.0,1.477,0.677,0.934,0
6626,109,40.042,15.043,9.226,0.854,16.279,9.0,1.631,0.613,0.912,0
6995,220,83.497,28.368,9.874,0.397,32.65,13.636,2.873,0.348,0.643,1
6992,345,99.497,39.204,11.205,0.438,41.485,13.836,3.499,0.286,0.773,-1
8857,223,82.184,28.242,10.053,0.415,29.53,13.255,2.809,0.356,0.693,1
2849,260,96.125,32.487,10.19,0.354,37.121,15.388,3.188,0.314,0.61,1
10349,65,29.799,11.368,7.28,0.92,12.083,8.0,1.562,0.64,0.909,0
924,117,46.284,18.384,8.103,0.686,19.313,9.391,2.269,0.441,0.883,0
5958,212,80.669,33.616,8.03,0.409,33.136,10.324,4.187,0.239,0.711,1
3545,246,101.74,29.641,10.567,0.299,34.713,16.771,2.805,0.357,0.526,1
4116,97,36.042,13.494,9.152,0.938,14.318,9.985,1.474,0.678,0.915,0
4667,71,30.385,10.783,8.384,0.966,11.662,9.0,1.286,0.778,0.922,0
4754,97,36.042,13.009,9.494,0.938,13.601,10.0,1.37,0.73,0.907,0
998,102,38.627,15.233,8.525,0.859,15.652,9.391,1.787,0.56,0.915,0
8266,98,36.385,14.08,8.862,0.93,14.765,9.0,1.589,0.629,0.947,0
8650,176,56.627,24.275,9.231,0.69,23.537,9.0,2.63,0.38,0.926,0
2570,226,117.64,42.814,6.721,0.205,50.289,11.016,6.37,0.157,0.493,1
7088,206,80.426,32.056,8.182,0.4,32.757,11.314,3.918,0.255,0.677,1
2932,207,97.154,39.145,6.733,0.276,43.382,10.171,5.814,0.172,0.623,1
4018,110,38.87,14.061,9.961,0.915,14.56,11.0,1.412,0.708,0.898,0
10437,82,32.971,12.477,8.368,0.948,12.649,8.0,1.491,0.671,0.943,0
9621,176,74.912,28.817,7.776,0.394,31.305,11.399,3.706,0.27,0.654,1
9053,91,35.799,13.516,8.572,0.892,14.765,9.0,1.577,0.634,0.933,0
4515,144,59.012,20.964,8.746,0.52,23.854,11.962,2.397,0.417,0.713,1
2103,89,34.87,13.039,8.691,0.92,13.892,9.192,1.5,0.667,0.894,0
9410,138,57.941,21.626,8.125,0.517,24.413,10.607,2.662,0.376,0.762,1
1405,95,35.456,12.691,9.531,0.95,13.416,10.286,1.332,0.751,0.905,0
7347,189,76.426,31.22,7.708,0.407,32.016,11.006,4.05,0.247,0.682,1
4469,227,93.397,33.066,8.741,0.327,36.235,14.265,3.783,0.264,0.572,1
6937,176,76.912,27.365,8.189,0.374,31.305,11.79,3.342,0.299,0.633,1
1224,108,40.042,14.595,9.422,0.846,15.652,10.733,1.549,0.646,0.885,0
365,179,73.255,26.791,8.507,0.419,28.231,11.373,3.149,0.318,0.694,1
3690,211,82.083,28.686,9.365,0.394,31.906,14.142,3.063,0.326,0.618,1
8521,183,57.841,24.088,9.673,0.687,24.207,10.7,2.49,0.402,0.863,0
3455,253,114.953,27.25,11.821,0.241,38.21,19.498,2.305,0.434,0.542,1
9656,60,31.213,11.32,6.749,0.774,12.369,7.603,1.677,0.596,0.87,0
898,81,34.627,13.216,7.804,0.849,13.601,8.0,1.694,0.59,0.905,0
5486,134,44.527,16.897,10.097,0.849,17.464,10.633,1.673,0.598,0.893,0
2286,130,68.426,25.573,6.472,0.349,29.547,9.487,3.951,0.253,0.642,1
9523,312,128.711,31.423,12.642,0.237,41.231,20.69,2.486,0.402,0.519,1
5273,130,44.042,16.143,10.253,0.842,16.763,11.0,1.574,0.635,0.903,0
3171,268,100.468,36.291,9.403,0.334,39.661,12.66,3.86,0.259,0.637,1
2122,90,36.627,12.788,8.961,0.843,13.601,9.707,1.427,0.701,0.878,0
5291,94,35.456,12.87,9.299,0.94,13.416,9.839,1.384,0.723,0.917,0
5124,236,96.711,37.262,8.064,0.317,41.231,12.728,4.621,0.216,0.638,1
8707,132,43.113,17.516,9.595,0.892,18.028,9.899,1.826,0.548,0.93,0
6752,252,107.296,36.534,8.782,0.275,39.962,13.685,4.16,0.24,0.544,1
4126,159,49.698,18.044,11.22,0.809,18.439,11.884,1.608,0.622,0.909,0
2627,100,36.87,13.662,9.319,0.924,14.318,10.0,1.466,0.682,0.901,0
10300,105,42.042,15.388,8.688,0.747,17.205,9.803,1.771,0.565,0.882,0
4037,132,43.698,16.133,10.418,0.869,17.088,11.557,1.549,0.646,0.901,0
8781,108,38.627,14.567,9.44,0.91,15.232,10.0,1.543,0.648,0.927,0
1084,67,29.799,11.614,7.345,0.948,12.207,7.778,1.581,0.632,0.924,0
6952,209,83.497,29.826,8.922,0.377,31.906,13.729,3.343,0.299,0.624,1
